code_pays,annee,genre,age_valeur,broad_sector,sector21,population,tranche_age
CIV,2015,female,15,Services,Accommodation and food service activities,10300.0,15-24
CIV,2015,female,16,Services,Accommodation and food service activities,10028.0,15-24
CIV,2015,female,17,Services,Accommodation and food service activities,9708.0,15-24
CIV,2015,female,18,Services,Accommodation and food service activities,9320.0,15-24
CIV,2015,female,19,Services,Accommodation and food service activities,8892.0,15-24
CIV,2015,female,20,Services,Accommodation and food service activities,8469.0,15-24
CIV,2015,female,21,Services,Accommodation and food service activities,8042.0,15-24
CIV,2015,female,22,Services,Accommodation and food service activities,7654.0,15-24
CIV,2015,female,23,Services,Accommodation and food service activities,7332.0,15-24
CIV,2015,female,24,Services,Accommodation and food service activities,7058.0,15-24
CIV,2016,female,15,Services,Accommodation and food service activities,9953.0,15-24
CIV,2016,female,16,Services,Accommodation and food service activities,9713.0,15-24
CIV,2016,female,17,Services,Accommodation and food service activities,9425.0,15-24
CIV,2016,female,18,Services,Accommodation and food service activities,9068.0,15-24
CIV,2016,female,19,Services,Accommodation and food service activities,8669.0,15-24
CIV,2016,female,20,Services,Accommodation and food service activities,8276.0,15-24
CIV,2016,female,21,Services,Accommodation and food service activities,7878.0,15-24
CIV,2016,female,22,Services,Accommodation and food service activities,7513.0,15-24
CIV,2016,female,23,Services,Accommodation and food service activities,7203.0,15-24
CIV,2016,female,24,Services,Accommodation and food service activities,6932.0,15-24
CIV,2017,female,15,Services,Accommodation and food service activities,10269.0,15-24
CIV,2017,female,16,Services,Accommodation and food service activities,10032.0,15-24
CIV,2017,female,17,Services,Accommodation and food service activities,9750.0,15-24
CIV,2017,female,18,Services,Accommodation and food service activities,9402.0,15-24
CIV,2017,female,19,Services,Accommodation and food service activities,9011.0,15-24
CIV,2017,female,20,Services,Accommodation and food service activities,8627.0,15-24
CIV,2017,female,21,Services,Accommodation and food service activities,8241.0,15-24
CIV,2017,female,22,Services,Accommodation and food service activities,7879.0,15-24
CIV,2017,female,23,Services,Accommodation and food service activities,7562.0,15-24
CIV,2017,female,24,Services,Accommodation and food service activities,7277.0,15-24
CIV,2018,female,15,Services,Accommodation and food service activities,10432.0,15-24
CIV,2018,female,16,Services,Accommodation and food service activities,10190.0,15-24
CIV,2018,female,17,Services,Accommodation and food service activities,9911.0,15-24
CIV,2018,female,18,Services,Accommodation and food service activities,9575.0,15-24
CIV,2018,female,19,Services,Accommodation and food service activities,9205.0,15-24
CIV,2018,female,20,Services,Accommodation and food service activities,8840.0,15-24
CIV,2018,female,21,Services,Accommodation and food service activities,8474.0,15-24
CIV,2018,female,22,Services,Accommodation and food service activities,8126.0,15-24
CIV,2018,female,23,Services,Accommodation and food service activities,7810.0,15-24
CIV,2018,female,24,Services,Accommodation and food service activities,7518.0,15-24
CIV,2019,female,15,Services,Accommodation and food service activities,10631.0,15-24
CIV,2019,female,16,Services,Accommodation and food service activities,10371.0,15-24
CIV,2019,female,17,Services,Accommodation and food service activities,10084.0,15-24
CIV,2019,female,18,Services,Accommodation and food service activities,9759.0,15-24
CIV,2019,female,19,Services,Accommodation and food service activities,9410.0,15-24
CIV,2019,female,20,Services,Accommodation and food service activities,9065.0,15-24
CIV,2019,female,21,Services,Accommodation and food service activities,8719.0,15-24
CIV,2019,female,22,Services,Accommodation and food service activities,8385.0,15-24
CIV,2019,female,23,Services,Accommodation and food service activities,8073.0,15-24
CIV,2019,female,24,Services,Accommodation and food service activities,7777.0,15-24
CIV,2020,female,15,Services,Accommodation and food service activities,7954.0,15-24
CIV,2020,female,16,Services,Accommodation and food service activities,7738.0,15-24
CIV,2020,female,17,Services,Accommodation and food service activities,7515.0,15-24
CIV,2020,female,18,Services,Accommodation and food service activities,7281.0,15-24
CIV,2020,female,19,Services,Accommodation and food service activities,7040.0,15-24
CIV,2020,female,20,Services,Accommodation and food service activities,6800.0,15-24
CIV,2020,female,21,Services,Accommodation and food service activities,6559.0,15-24
CIV,2020,female,22,Services,Accommodation and food service activities,6325.0,15-24
CIV,2020,female,23,Services,Accommodation and food service activities,6101.0,15-24
CIV,2020,female,24,Services,Accommodation and food service activities,5886.0,15-24
CIV,2021,female,15,Services,Accommodation and food service activities,6603.0,15-24
CIV,2021,female,16,Services,Accommodation and food service activities,6425.0,15-24
CIV,2021,female,17,Services,Accommodation and food service activities,6243.0,15-24
CIV,2021,female,18,Services,Accommodation and food service activities,6057.0,15-24
CIV,2021,female,19,Services,Accommodation and food service activities,5869.0,15-24
CIV,2021,female,20,Services,Accommodation and food service activities,5680.0,15-24
CIV,2021,female,21,Services,Accommodation and food service activities,5491.0,15-24
CIV,2021,female,22,Services,Accommodation and food service activities,5303.0,15-24
CIV,2021,female,23,Services,Accommodation and food service activities,5116.0,15-24
CIV,2021,female,24,Services,Accommodation and food service activities,4931.0,15-24
CIV,2022,female,15,Services,Accommodation and food service activities,5712.0,15-24
CIV,2022,female,16,Services,Accommodation and food service activities,5560.0,15-24
CIV,2022,female,17,Services,Accommodation and food service activities,5406.0,15-24
CIV,2022,female,18,Services,Accommodation and food service activities,5252.0,15-24
CIV,2022,female,19,Services,Accommodation and food service activities,5097.0,15-24
CIV,2022,female,20,Services,Accommodation and food service activities,4941.0,15-24
CIV,2022,female,21,Services,Accommodation and food service activities,4785.0,15-24
CIV,2022,female,22,Services,Accommodation and food service activities,4627.0,15-24
CIV,2022,female,23,Services,Accommodation and food service activities,4466.0,15-24
CIV,2022,female,24,Services,Accommodation and food service activities,4304.0,15-24
CIV,2023,female,15,Services,Accommodation and food service activities,5180.0,15-24
CIV,2023,female,16,Services,Accommodation and food service activities,5045.0,15-24
CIV,2023,female,17,Services,Accommodation and food service activities,4909.0,15-24
CIV,2023,female,18,Services,Accommodation and food service activities,4775.0,15-24
CIV,2023,female,19,Services,Accommodation and food service activities,4639.0,15-24
CIV,2023,female,20,Services,Accommodation and food service activities,4503.0,15-24
CIV,2023,female,21,Services,Accommodation and food service activities,4367.0,15-24
CIV,2023,female,22,Services,Accommodation and food service activities,4227.0,15-24
CIV,2023,female,23,Services,Accommodation and food service activities,4083.0,15-24
CIV,2023,female,24,Services,Accommodation and food service activities,3936.0,15-24
CIV,2024,female,15,Services,Accommodation and food service activities,5420.0,15-24
CIV,2024,female,16,Services,Accommodation and food service activities,5284.0,15-24
CIV,2024,female,17,Services,Accommodation and food service activities,5147.0,15-24
CIV,2024,female,18,Services,Accommodation and food service activities,5010.0,15-24
CIV,2024,female,19,Services,Accommodation and food service activities,4873.0,15-24
CIV,2024,female,20,Services,Accommodation and food service activities,4734.0,15-24
CIV,2024,female,21,Services,Accommodation and food service activities,4595.0,15-24
CIV,2024,female,22,Services,Accommodation and food service activities,4453.0,15-24
CIV,2024,female,23,Services,Accommodation and food service activities,4305.0,15-24
CIV,2024,female,24,Services,Accommodation and food service activities,4154.0,15-24
CIV,2025,female,15,Services,Accommodation and food service activities,5611.0,15-24
CIV,2025,female,16,Services,Accommodation and food service activities,5475.0,15-24
CIV,2025,female,17,Services,Accommodation and food service activities,5338.0,15-24
CIV,2025,female,18,Services,Accommodation and food service activities,5201.0,15-24
CIV,2025,female,19,Services,Accommodation and food service activities,5062.0,15-24
CIV,2025,female,20,Services,Accommodation and food service activities,4922.0,15-24
CIV,2025,female,21,Services,Accommodation and food service activities,4781.0,15-24
CIV,2025,female,22,Services,Accommodation and food service activities,4636.0,15-24
CIV,2025,female,23,Services,Accommodation and food service activities,4487.0,15-24
CIV,2025,female,24,Services,Accommodation and food service activities,4335.0,15-24
CIV,2015,female,15,Services,Activities of extraterritorial organizations and bodies,62.0,15-24
CIV,2015,female,16,Services,Activities of extraterritorial organizations and bodies,60.0,15-24
CIV,2015,female,17,Services,Activities of extraterritorial organizations and bodies,58.0,15-24
CIV,2015,female,18,Services,Activities of extraterritorial organizations and bodies,56.0,15-24
CIV,2015,female,19,Services,Activities of extraterritorial organizations and bodies,53.0,15-24
CIV,2015,female,20,Services,Activities of extraterritorial organizations and bodies,51.0,15-24
CIV,2015,female,21,Services,Activities of extraterritorial organizations and bodies,48.0,15-24
CIV,2015,female,22,Services,Activities of extraterritorial organizations and bodies,46.0,15-24
CIV,2015,female,23,Services,Activities of extraterritorial organizations and bodies,44.0,15-24
CIV,2015,female,24,Services,Activities of extraterritorial organizations and bodies,42.0,15-24
CIV,2016,female,15,Services,Activities of extraterritorial organizations and bodies,56.0,15-24
CIV,2016,female,16,Services,Activities of extraterritorial organizations and bodies,55.0,15-24
CIV,2016,female,17,Services,Activities of extraterritorial organizations and bodies,53.0,15-24
CIV,2016,female,18,Services,Activities of extraterritorial organizations and bodies,51.0,15-24
CIV,2016,female,19,Services,Activities of extraterritorial organizations and bodies,49.0,15-24
CIV,2016,female,20,Services,Activities of extraterritorial organizations and bodies,46.0,15-24
CIV,2016,female,21,Services,Activities of extraterritorial organizations and bodies,44.0,15-24
CIV,2016,female,22,Services,Activities of extraterritorial organizations and bodies,42.0,15-24
CIV,2016,female,23,Services,Activities of extraterritorial organizations and bodies,40.0,15-24
CIV,2016,female,24,Services,Activities of extraterritorial organizations and bodies,39.0,15-24
CIV,2017,female,15,Services,Activities of extraterritorial organizations and bodies,62.0,15-24
CIV,2017,female,16,Services,Activities of extraterritorial organizations and bodies,60.0,15-24
CIV,2017,female,17,Services,Activities of extraterritorial organizations and bodies,59.0,15-24
CIV,2017,female,18,Services,Activities of extraterritorial organizations and bodies,56.0,15-24
CIV,2017,female,19,Services,Activities of extraterritorial organizations and bodies,54.0,15-24
CIV,2017,female,20,Services,Activities of extraterritorial organizations and bodies,52.0,15-24
CIV,2017,female,21,Services,Activities of extraterritorial organizations and bodies,49.0,15-24
CIV,2017,female,22,Services,Activities of extraterritorial organizations and bodies,47.0,15-24
CIV,2017,female,23,Services,Activities of extraterritorial organizations and bodies,45.0,15-24
CIV,2017,female,24,Services,Activities of extraterritorial organizations and bodies,44.0,15-24
CIV,2018,female,15,Services,Activities of extraterritorial organizations and bodies,64.0,15-24
CIV,2018,female,16,Services,Activities of extraterritorial organizations and bodies,63.0,15-24
CIV,2018,female,17,Services,Activities of extraterritorial organizations and bodies,61.0,15-24
CIV,2018,female,18,Services,Activities of extraterritorial organizations and bodies,59.0,15-24
CIV,2018,female,19,Services,Activities of extraterritorial organizations and bodies,57.0,15-24
CIV,2018,female,20,Services,Activities of extraterritorial organizations and bodies,54.0,15-24
CIV,2018,female,21,Services,Activities of extraterritorial organizations and bodies,52.0,15-24
CIV,2018,female,22,Services,Activities of extraterritorial organizations and bodies,50.0,15-24
CIV,2018,female,23,Services,Activities of extraterritorial organizations and bodies,48.0,15-24
CIV,2018,female,24,Services,Activities of extraterritorial organizations and bodies,46.0,15-24
CIV,2019,female,15,Services,Activities of extraterritorial organizations and bodies,51.0,15-24
CIV,2019,female,16,Services,Activities of extraterritorial organizations and bodies,50.0,15-24
CIV,2019,female,17,Services,Activities of extraterritorial organizations and bodies,48.0,15-24
CIV,2019,female,18,Services,Activities of extraterritorial organizations and bodies,47.0,15-24
CIV,2019,female,19,Services,Activities of extraterritorial organizations and bodies,45.0,15-24
CIV,2019,female,20,Services,Activities of extraterritorial organizations and bodies,43.0,15-24
CIV,2019,female,21,Services,Activities of extraterritorial organizations and bodies,42.0,15-24
CIV,2019,female,22,Services,Activities of extraterritorial organizations and bodies,40.0,15-24
CIV,2019,female,23,Services,Activities of extraterritorial organizations and bodies,39.0,15-24
CIV,2019,female,24,Services,Activities of extraterritorial organizations and bodies,37.0,15-24
CIV,2020,female,15,Services,Activities of extraterritorial organizations and bodies,69.0,15-24
CIV,2020,female,16,Services,Activities of extraterritorial organizations and bodies,68.0,15-24
CIV,2020,female,17,Services,Activities of extraterritorial organizations and bodies,66.0,15-24
CIV,2020,female,18,Services,Activities of extraterritorial organizations and bodies,64.0,15-24
CIV,2020,female,19,Services,Activities of extraterritorial organizations and bodies,61.0,15-24
CIV,2020,female,20,Services,Activities of extraterritorial organizations and bodies,59.0,15-24
CIV,2020,female,21,Services,Activities of extraterritorial organizations and bodies,57.0,15-24
CIV,2020,female,22,Services,Activities of extraterritorial organizations and bodies,55.0,15-24
CIV,2020,female,23,Services,Activities of extraterritorial organizations and bodies,53.0,15-24
CIV,2020,female,24,Services,Activities of extraterritorial organizations and bodies,51.0,15-24
CIV,2021,female,15,Services,Activities of extraterritorial organizations and bodies,83.0,15-24
CIV,2021,female,16,Services,Activities of extraterritorial organizations and bodies,81.0,15-24
CIV,2021,female,17,Services,Activities of extraterritorial organizations and bodies,79.0,15-24
CIV,2021,female,18,Services,Activities of extraterritorial organizations and bodies,77.0,15-24
CIV,2021,female,19,Services,Activities of extraterritorial organizations and bodies,74.0,15-24
CIV,2021,female,20,Services,Activities of extraterritorial organizations and bodies,72.0,15-24
CIV,2021,female,21,Services,Activities of extraterritorial organizations and bodies,69.0,15-24
CIV,2021,female,22,Services,Activities of extraterritorial organizations and bodies,67.0,15-24
CIV,2021,female,23,Services,Activities of extraterritorial organizations and bodies,65.0,15-24
CIV,2021,female,24,Services,Activities of extraterritorial organizations and bodies,62.0,15-24
CIV,2022,female,15,Services,Activities of extraterritorial organizations and bodies,105.0,15-24
CIV,2022,female,16,Services,Activities of extraterritorial organizations and bodies,102.0,15-24
CIV,2022,female,17,Services,Activities of extraterritorial organizations and bodies,99.0,15-24
CIV,2022,female,18,Services,Activities of extraterritorial organizations and bodies,97.0,15-24
CIV,2022,female,19,Services,Activities of extraterritorial organizations and bodies,94.0,15-24
CIV,2022,female,20,Services,Activities of extraterritorial organizations and bodies,91.0,15-24
CIV,2022,female,21,Services,Activities of extraterritorial organizations and bodies,88.0,15-24
CIV,2022,female,22,Services,Activities of extraterritorial organizations and bodies,85.0,15-24
CIV,2022,female,23,Services,Activities of extraterritorial organizations and bodies,82.0,15-24
CIV,2022,female,24,Services,Activities of extraterritorial organizations and bodies,79.0,15-24
CIV,2023,female,15,Services,Activities of extraterritorial organizations and bodies,109.0,15-24
CIV,2023,female,16,Services,Activities of extraterritorial organizations and bodies,106.0,15-24
CIV,2023,female,17,Services,Activities of extraterritorial organizations and bodies,103.0,15-24
CIV,2023,female,18,Services,Activities of extraterritorial organizations and bodies,100.0,15-24
CIV,2023,female,19,Services,Activities of extraterritorial organizations and bodies,97.0,15-24
CIV,2023,female,20,Services,Activities of extraterritorial organizations and bodies,94.0,15-24
CIV,2023,female,21,Services,Activities of extraterritorial organizations and bodies,92.0,15-24
CIV,2023,female,22,Services,Activities of extraterritorial organizations and bodies,89.0,15-24
CIV,2023,female,23,Services,Activities of extraterritorial organizations and bodies,86.0,15-24
CIV,2023,female,24,Services,Activities of extraterritorial organizations and bodies,83.0,15-24
CIV,2024,female,15,Services,Activities of extraterritorial organizations and bodies,92.0,15-24
CIV,2024,female,16,Services,Activities of extraterritorial organizations and bodies,90.0,15-24
CIV,2024,female,17,Services,Activities of extraterritorial organizations and bodies,88.0,15-24
CIV,2024,female,18,Services,Activities of extraterritorial organizations and bodies,85.0,15-24
CIV,2024,female,19,Services,Activities of extraterritorial organizations and bodies,83.0,15-24
CIV,2024,female,20,Services,Activities of extraterritorial organizations and bodies,81.0,15-24
CIV,2024,female,21,Services,Activities of extraterritorial organizations and bodies,78.0,15-24
CIV,2024,female,22,Services,Activities of extraterritorial organizations and bodies,76.0,15-24
CIV,2024,female,23,Services,Activities of extraterritorial organizations and bodies,73.0,15-24
CIV,2024,female,24,Services,Activities of extraterritorial organizations and bodies,71.0,15-24
CIV,2025,female,15,Services,Activities of extraterritorial organizations and bodies,95.0,15-24
CIV,2025,female,16,Services,Activities of extraterritorial organizations and bodies,93.0,15-24
CIV,2025,female,17,Services,Activities of extraterritorial organizations and bodies,90.0,15-24
CIV,2025,female,18,Services,Activities of extraterritorial organizations and bodies,88.0,15-24
CIV,2025,female,19,Services,Activities of extraterritorial organizations and bodies,86.0,15-24
CIV,2025,female,20,Services,Activities of extraterritorial organizations and bodies,83.0,15-24
CIV,2025,female,21,Services,Activities of extraterritorial organizations and bodies,81.0,15-24
CIV,2025,female,22,Services,Activities of extraterritorial organizations and bodies,79.0,15-24
CIV,2025,female,23,Services,Activities of extraterritorial organizations and bodies,76.0,15-24
CIV,2025,female,24,Services,Activities of extraterritorial organizations and bodies,73.0,15-24
CIV,2015,female,15,Services,Activities of households as employers; undifferentiated goods- and services-producing activities of households for own use,6003.0,15-24
CIV,2015,female,16,Services,Activities of households as employers; undifferentiated goods- and services-producing activities of households for own use,5844.0,15-24
CIV,2015,female,17,Services,Activities of households as employers; undifferentiated goods- and services-producing activities of households for own use,5658.0,15-24
CIV,2015,female,18,Services,Activities of households as employers; undifferentiated goods- and services-producing activities of households for own use,5432.0,15-24
CIV,2015,female,19,Services,Activities of households as employers; undifferentiated goods- and services-producing activities of households for own use,5183.0,15-24
CIV,2015,female,20,Services,Activities of households as employers; undifferentiated goods- and services-producing activities of households for own use,4936.0,15-24
CIV,2015,female,21,Services,Activities of households as employers; undifferentiated goods- and services-producing activities of households for own use,4687.0,15-24
CIV,2015,female,22,Services,Activities of households as employers; undifferentiated goods- and services-producing activities of households for own use,4461.0,15-24
CIV,2015,female,23,Services,Activities of households as employers; undifferentiated goods- and services-producing activities of households for own use,4273.0,15-24
CIV,2015,female,24,Services,Activities of households as employers; undifferentiated goods- and services-producing activities of households for own use,4114.0,15-24
CIV,2016,female,15,Services,Activities of households as employers; undifferentiated goods- and services-producing activities of households for own use,4740.0,15-24
CIV,2016,female,16,Services,Activities of households as employers; undifferentiated goods- and services-producing activities of households for own use,4625.0,15-24
CIV,2016,female,17,Services,Activities of households as employers; undifferentiated goods- and services-producing activities of households for own use,4488.0,15-24
CIV,2016,female,18,Services,Activities of households as employers; undifferentiated goods- and services-producing activities of households for own use,4318.0,15-24
CIV,2016,female,19,Services,Activities of households as employers; undifferentiated goods- and services-producing activities of households for own use,4128.0,15-24
CIV,2016,female,20,Services,Activities of households as employers; undifferentiated goods- and services-producing activities of households for own use,3941.0,15-24
CIV,2016,female,21,Services,Activities of households as employers; undifferentiated goods- and services-producing activities of households for own use,3752.0,15-24
CIV,2016,female,22,Services,Activities of households as employers; undifferentiated goods- and services-producing activities of households for own use,3578.0,15-24
CIV,2016,female,23,Services,Activities of households as employers; undifferentiated goods- and services-producing activities of households for own use,3430.0,15-24
CIV,2016,female,24,Services,Activities of households as employers; undifferentiated goods- and services-producing activities of households for own use,3301.0,15-24
CIV,2017,female,15,Services,Activities of households as employers; undifferentiated goods- and services-producing activities of households for own use,9267.0,15-24
CIV,2017,female,16,Services,Activities of households as employers; undifferentiated goods- and services-producing activities of households for own use,9053.0,15-24
CIV,2017,female,17,Services,Activities of households as employers; undifferentiated goods- and services-producing activities of households for own use,8799.0,15-24
CIV,2017,female,18,Services,Activities of households as employers; undifferentiated goods- and services-producing activities of households for own use,8484.0,15-24
CIV,2017,female,19,Services,Activities of households as employers; undifferentiated goods- and services-producing activities of households for own use,8131.0,15-24
CIV,2017,female,20,Services,Activities of households as employers; undifferentiated goods- and services-producing activities of households for own use,7785.0,15-24
CIV,2017,female,21,Services,Activities of households as employers; undifferentiated goods- and services-producing activities of households for own use,7436.0,15-24
CIV,2017,female,22,Services,Activities of households as employers; undifferentiated goods- and services-producing activities of households for own use,7110.0,15-24
CIV,2017,female,23,Services,Activities of households as employers; undifferentiated goods- and services-producing activities of households for own use,6824.0,15-24
CIV,2017,female,24,Services,Activities of households as employers; undifferentiated goods- and services-producing activities of households for own use,6566.0,15-24
CIV,2018,female,15,Services,Activities of households as employers; undifferentiated goods- and services-producing activities of households for own use,8909.0,15-24
CIV,2018,female,16,Services,Activities of households as employers; undifferentiated goods- and services-producing activities of households for own use,8702.0,15-24
CIV,2018,female,17,Services,Activities of households as employers; undifferentiated goods- and services-producing activities of households for own use,8464.0,15-24
CIV,2018,female,18,Services,Activities of households as employers; undifferentiated goods- and services-producing activities of households for own use,8178.0,15-24
CIV,2018,female,19,Services,Activities of households as employers; undifferentiated goods- and services-producing activities of households for own use,7861.0,15-24
CIV,2018,female,20,Services,Activities of households as employers; undifferentiated goods- and services-producing activities of households for own use,7550.0,15-24
CIV,2018,female,21,Services,Activities of households as employers; undifferentiated goods- and services-producing activities of households for own use,7237.0,15-24
CIV,2018,female,22,Services,Activities of households as employers; undifferentiated goods- and services-producing activities of households for own use,6940.0,15-24
CIV,2018,female,23,Services,Activities of households as employers; undifferentiated goods- and services-producing activities of households for own use,6670.0,15-24
CIV,2018,female,24,Services,Activities of households as employers; undifferentiated goods- and services-producing activities of households for own use,6420.0,15-24
CIV,2019,female,15,Services,Activities of households as employers; undifferentiated goods- and services-producing activities of households for own use,9740.0,15-24
CIV,2019,female,16,Services,Activities of households as employers; undifferentiated goods- and services-producing activities of households for own use,9501.0,15-24
CIV,2019,female,17,Services,Activities of households as employers; undifferentiated goods- and services-producing activities of households for own use,9239.0,15-24
CIV,2019,female,18,Services,Activities of households as employers; undifferentiated goods- and services-producing activities of households for own use,8941.0,15-24
CIV,2019,female,19,Services,Activities of households as employers; undifferentiated goods- and services-producing activities of households for own use,8621.0,15-24
CIV,2019,female,20,Services,Activities of households as employers; undifferentiated goods- and services-producing activities of households for own use,8305.0,15-24
CIV,2019,female,21,Services,Activities of households as employers; undifferentiated goods- and services-producing activities of households for own use,7988.0,15-24
CIV,2019,female,22,Services,Activities of households as employers; undifferentiated goods- and services-producing activities of households for own use,7682.0,15-24
CIV,2019,female,23,Services,Activities of households as employers; undifferentiated goods- and services-producing activities of households for own use,7396.0,15-24
CIV,2019,female,24,Services,Activities of households as employers; undifferentiated goods- and services-producing activities of households for own use,7125.0,15-24
CIV,2020,female,15,Services,Activities of households as employers; undifferentiated goods- and services-producing activities of households for own use,9840.0,15-24
CIV,2020,female,16,Services,Activities of households as employers; undifferentiated goods- and services-producing activities of households for own use,9573.0,15-24
CIV,2020,female,17,Services,Activities of households as employers; undifferentiated goods- and services-producing activities of households for own use,9297.0,15-24
CIV,2020,female,18,Services,Activities of households as employers; undifferentiated goods- and services-producing activities of households for own use,9007.0,15-24
CIV,2020,female,19,Services,Activities of households as employers; undifferentiated goods- and services-producing activities of households for own use,8709.0,15-24
CIV,2020,female,20,Services,Activities of households as employers; undifferentiated goods- and services-producing activities of households for own use,8412.0,15-24
CIV,2020,female,21,Services,Activities of households as employers; undifferentiated goods- and services-producing activities of households for own use,8114.0,15-24
CIV,2020,female,22,Services,Activities of households as employers; undifferentiated goods- and services-producing activities of households for own use,7824.0,15-24
CIV,2020,female,23,Services,Activities of households as employers; undifferentiated goods- and services-producing activities of households for own use,7548.0,15-24
CIV,2020,female,24,Services,Activities of households as employers; undifferentiated goods- and services-producing activities of households for own use,7281.0,15-24
CIV,2021,female,15,Services,Activities of households as employers; undifferentiated goods- and services-producing activities of households for own use,10646.0,15-24
CIV,2021,female,16,Services,Activities of households as employers; undifferentiated goods- and services-producing activities of households for own use,10359.0,15-24
CIV,2021,female,17,Services,Activities of households as employers; undifferentiated goods- and services-producing activities of households for own use,10065.0,15-24
CIV,2021,female,18,Services,Activities of households as employers; undifferentiated goods- and services-producing activities of households for own use,9766.0,15-24
CIV,2021,female,19,Services,Activities of households as employers; undifferentiated goods- and services-producing activities of households for own use,9462.0,15-24
CIV,2021,female,20,Services,Activities of households as employers; undifferentiated goods- and services-producing activities of households for own use,9158.0,15-24
CIV,2021,female,21,Services,Activities of households as employers; undifferentiated goods- and services-producing activities of households for own use,8853.0,15-24
CIV,2021,female,22,Services,Activities of households as employers; undifferentiated goods- and services-producing activities of households for own use,8550.0,15-24
CIV,2021,female,23,Services,Activities of households as employers; undifferentiated goods- and services-producing activities of households for own use,8249.0,15-24
CIV,2021,female,24,Services,Activities of households as employers; undifferentiated goods- and services-producing activities of households for own use,7951.0,15-24
CIV,2022,female,15,Services,Activities of households as employers; undifferentiated goods- and services-producing activities of households for own use,4760.0,15-24
CIV,2022,female,16,Services,Activities of households as employers; undifferentiated goods- and services-producing activities of households for own use,4633.0,15-24
CIV,2022,female,17,Services,Activities of households as employers; undifferentiated goods- and services-producing activities of households for own use,4505.0,15-24
CIV,2022,female,18,Services,Activities of households as employers; undifferentiated goods- and services-producing activities of households for own use,4376.0,15-24
CIV,2022,female,19,Services,Activities of households as employers; undifferentiated goods- and services-producing activities of households for own use,4247.0,15-24
CIV,2022,female,20,Services,Activities of households as employers; undifferentiated goods- and services-producing activities of households for own use,4117.0,15-24
CIV,2022,female,21,Services,Activities of households as employers; undifferentiated goods- and services-producing activities of households for own use,3987.0,15-24
CIV,2022,female,22,Services,Activities of households as employers; undifferentiated goods- and services-producing activities of households for own use,3855.0,15-24
CIV,2022,female,23,Services,Activities of households as employers; undifferentiated goods- and services-producing activities of households for own use,3721.0,15-24
CIV,2022,female,24,Services,Activities of households as employers; undifferentiated goods- and services-producing activities of households for own use,3586.0,15-24
CIV,2023,female,15,Services,Activities of households as employers; undifferentiated goods- and services-producing activities of households for own use,8144.0,15-24
CIV,2023,female,16,Services,Activities of households as employers; undifferentiated goods- and services-producing activities of households for own use,7932.0,15-24
CIV,2023,female,17,Services,Activities of households as employers; undifferentiated goods- and services-producing activities of households for own use,7719.0,15-24
CIV,2023,female,18,Services,Activities of households as employers; undifferentiated goods- and services-producing activities of households for own use,7507.0,15-24
CIV,2023,female,19,Services,Activities of households as employers; undifferentiated goods- and services-producing activities of households for own use,7295.0,15-24
CIV,2023,female,20,Services,Activities of households as employers; undifferentiated goods- and services-producing activities of households for own use,7080.0,15-24
CIV,2023,female,21,Services,Activities of households as employers; undifferentiated goods- and services-producing activities of households for own use,6866.0,15-24
CIV,2023,female,22,Services,Activities of households as employers; undifferentiated goods- and services-producing activities of households for own use,6646.0,15-24
CIV,2023,female,23,Services,Activities of households as employers; undifferentiated goods- and services-producing activities of households for own use,6419.0,15-24
CIV,2023,female,24,Services,Activities of households as employers; undifferentiated goods- and services-producing activities of households for own use,6189.0,15-24
CIV,2024,female,15,Services,Activities of households as employers; undifferentiated goods- and services-producing activities of households for own use,7986.0,15-24
CIV,2024,female,16,Services,Activities of households as employers; undifferentiated goods- and services-producing activities of households for own use,7785.0,15-24
CIV,2024,female,17,Services,Activities of households as employers; undifferentiated goods- and services-producing activities of households for own use,7583.0,15-24
CIV,2024,female,18,Services,Activities of households as employers; undifferentiated goods- and services-producing activities of households for own use,7382.0,15-24
CIV,2024,female,19,Services,Activities of households as employers; undifferentiated goods- and services-producing activities of households for own use,7180.0,15-24
CIV,2024,female,20,Services,Activities of households as employers; undifferentiated goods- and services-producing activities of households for own use,6975.0,15-24
CIV,2024,female,21,Services,Activities of households as employers; undifferentiated goods- and services-producing activities of households for own use,6771.0,15-24
CIV,2024,female,22,Services,Activities of households as employers; undifferentiated goods- and services-producing activities of households for own use,6560.0,15-24
CIV,2024,female,23,Services,Activities of households as employers; undifferentiated goods- and services-producing activities of households for own use,6342.0,15-24
CIV,2024,female,24,Services,Activities of households as employers; undifferentiated goods- and services-producing activities of households for own use,6120.0,15-24
CIV,2025,female,15,Services,Activities of households as employers; undifferentiated goods- and services-producing activities of households for own use,8227.0,15-24
CIV,2025,female,16,Services,Activities of households as employers; undifferentiated goods- and services-producing activities of households for own use,8028.0,15-24
CIV,2025,female,17,Services,Activities of households as employers; undifferentiated goods- and services-producing activities of households for own use,7827.0,15-24
CIV,2025,female,18,Services,Activities of households as employers; undifferentiated goods- and services-producing activities of households for own use,7626.0,15-24
CIV,2025,female,19,Services,Activities of households as employers; undifferentiated goods- and services-producing activities of households for own use,7423.0,15-24
CIV,2025,female,20,Services,Activities of households as employers; undifferentiated goods- and services-producing activities of households for own use,7217.0,15-24
CIV,2025,female,21,Services,Activities of households as employers; undifferentiated goods- and services-producing activities of households for own use,7010.0,15-24
CIV,2025,female,22,Services,Activities of households as employers; undifferentiated goods- and services-producing activities of households for own use,6798.0,15-24
CIV,2025,female,23,Services,Activities of households as employers; undifferentiated goods- and services-producing activities of households for own use,6579.0,15-24
CIV,2025,female,24,Services,Activities of households as employers; undifferentiated goods- and services-producing activities of households for own use,6356.0,15-24
CIV,2015,female,15,Services,Administrative and support service activities,319.0,15-24
CIV,2015,female,16,Services,Administrative and support service activities,310.0,15-24
CIV,2015,female,17,Services,Administrative and support service activities,301.0,15-24
CIV,2015,female,18,Services,Administrative and support service activities,289.0,15-24
CIV,2015,female,19,Services,Administrative and support service activities,275.0,15-24
CIV,2015,female,20,Services,Administrative and support service activities,262.0,15-24
CIV,2015,female,21,Services,Administrative and support service activities,249.0,15-24
CIV,2015,female,22,Services,Administrative and support service activities,237.0,15-24
CIV,2015,female,23,Services,Administrative and support service activities,227.0,15-24
CIV,2015,female,24,Services,Administrative and support service activities,218.0,15-24
CIV,2016,female,15,Services,Administrative and support service activities,252.0,15-24
CIV,2016,female,16,Services,Administrative and support service activities,245.0,15-24
CIV,2016,female,17,Services,Administrative and support service activities,238.0,15-24
CIV,2016,female,18,Services,Administrative and support service activities,229.0,15-24
CIV,2016,female,19,Services,Administrative and support service activities,219.0,15-24
CIV,2016,female,20,Services,Administrative and support service activities,209.0,15-24
CIV,2016,female,21,Services,Administrative and support service activities,199.0,15-24
CIV,2016,female,22,Services,Administrative and support service activities,190.0,15-24
CIV,2016,female,23,Services,Administrative and support service activities,182.0,15-24
CIV,2016,female,24,Services,Administrative and support service activities,175.0,15-24
CIV,2017,female,15,Services,Administrative and support service activities,430.0,15-24
CIV,2017,female,16,Services,Administrative and support service activities,420.0,15-24
CIV,2017,female,17,Services,Administrative and support service activities,408.0,15-24
CIV,2017,female,18,Services,Administrative and support service activities,393.0,15-24
CIV,2017,female,19,Services,Administrative and support service activities,377.0,15-24
CIV,2017,female,20,Services,Administrative and support service activities,361.0,15-24
CIV,2017,female,21,Services,Administrative and support service activities,345.0,15-24
CIV,2017,female,22,Services,Administrative and support service activities,330.0,15-24
CIV,2017,female,23,Services,Administrative and support service activities,316.0,15-24
CIV,2017,female,24,Services,Administrative and support service activities,304.0,15-24
CIV,2018,female,15,Services,Administrative and support service activities,225.0,15-24
CIV,2018,female,16,Services,Administrative and support service activities,220.0,15-24
CIV,2018,female,17,Services,Administrative and support service activities,214.0,15-24
CIV,2018,female,18,Services,Administrative and support service activities,206.0,15-24
CIV,2018,female,19,Services,Administrative and support service activities,198.0,15-24
CIV,2018,female,20,Services,Administrative and support service activities,190.0,15-24
CIV,2018,female,21,Services,Administrative and support service activities,183.0,15-24
CIV,2018,female,22,Services,Administrative and support service activities,175.0,15-24
CIV,2018,female,23,Services,Administrative and support service activities,168.0,15-24
CIV,2018,female,24,Services,Administrative and support service activities,162.0,15-24
CIV,2019,female,15,Services,Administrative and support service activities,106.0,15-24
CIV,2019,female,16,Services,Administrative and support service activities,104.0,15-24
CIV,2019,female,17,Services,Administrative and support service activities,101.0,15-24
CIV,2019,female,18,Services,Administrative and support service activities,97.0,15-24
CIV,2019,female,19,Services,Administrative and support service activities,94.0,15-24
CIV,2019,female,20,Services,Administrative and support service activities,90.0,15-24
CIV,2019,female,21,Services,Administrative and support service activities,87.0,15-24
CIV,2019,female,22,Services,Administrative and support service activities,84.0,15-24
CIV,2019,female,23,Services,Administrative and support service activities,81.0,15-24
CIV,2019,female,24,Services,Administrative and support service activities,78.0,15-24
CIV,2020,female,15,Services,Administrative and support service activities,151.0,15-24
CIV,2020,female,16,Services,Administrative and support service activities,147.0,15-24
CIV,2020,female,17,Services,Administrative and support service activities,143.0,15-24
CIV,2020,female,18,Services,Administrative and support service activities,138.0,15-24
CIV,2020,female,19,Services,Administrative and support service activities,134.0,15-24
CIV,2020,female,20,Services,Administrative and support service activities,129.0,15-24
CIV,2020,female,21,Services,Administrative and support service activities,125.0,15-24
CIV,2020,female,22,Services,Administrative and support service activities,120.0,15-24
CIV,2020,female,23,Services,Administrative and support service activities,116.0,15-24
CIV,2020,female,24,Services,Administrative and support service activities,112.0,15-24
CIV,2021,female,15,Services,Administrative and support service activities,98.0,15-24
CIV,2021,female,16,Services,Administrative and support service activities,95.0,15-24
CIV,2021,female,17,Services,Administrative and support service activities,93.0,15-24
CIV,2021,female,18,Services,Administrative and support service activities,90.0,15-24
CIV,2021,female,19,Services,Administrative and support service activities,87.0,15-24
CIV,2021,female,20,Services,Administrative and support service activities,84.0,15-24
CIV,2021,female,21,Services,Administrative and support service activities,82.0,15-24
CIV,2021,female,22,Services,Administrative and support service activities,79.0,15-24
CIV,2021,female,23,Services,Administrative and support service activities,76.0,15-24
CIV,2021,female,24,Services,Administrative and support service activities,73.0,15-24
CIV,2022,female,15,Services,Administrative and support service activities,114.0,15-24
CIV,2022,female,16,Services,Administrative and support service activities,111.0,15-24
CIV,2022,female,17,Services,Administrative and support service activities,108.0,15-24
CIV,2022,female,18,Services,Administrative and support service activities,105.0,15-24
CIV,2022,female,19,Services,Administrative and support service activities,102.0,15-24
CIV,2022,female,20,Services,Administrative and support service activities,99.0,15-24
CIV,2022,female,21,Services,Administrative and support service activities,96.0,15-24
CIV,2022,female,22,Services,Administrative and support service activities,93.0,15-24
CIV,2022,female,23,Services,Administrative and support service activities,89.0,15-24
CIV,2022,female,24,Services,Administrative and support service activities,86.0,15-24
CIV,2023,female,15,Services,Administrative and support service activities,111.0,15-24
CIV,2023,female,16,Services,Administrative and support service activities,108.0,15-24
CIV,2023,female,17,Services,Administrative and support service activities,106.0,15-24
CIV,2023,female,18,Services,Administrative and support service activities,103.0,15-24
CIV,2023,female,19,Services,Administrative and support service activities,100.0,15-24
CIV,2023,female,20,Services,Administrative and support service activities,97.0,15-24
CIV,2023,female,21,Services,Administrative and support service activities,94.0,15-24
CIV,2023,female,22,Services,Administrative and support service activities,91.0,15-24
CIV,2023,female,23,Services,Administrative and support service activities,88.0,15-24
CIV,2023,female,24,Services,Administrative and support service activities,85.0,15-24
CIV,2024,female,15,Services,Administrative and support service activities,182.0,15-24
CIV,2024,female,16,Services,Administrative and support service activities,177.0,15-24
CIV,2024,female,17,Services,Administrative and support service activities,172.0,15-24
CIV,2024,female,18,Services,Administrative and support service activities,168.0,15-24
CIV,2024,female,19,Services,Administrative and support service activities,163.0,15-24
CIV,2024,female,20,Services,Administrative and support service activities,159.0,15-24
CIV,2024,female,21,Services,Administrative and support service activities,154.0,15-24
CIV,2024,female,22,Services,Administrative and support service activities,149.0,15-24
CIV,2024,female,23,Services,Administrative and support service activities,144.0,15-24
CIV,2024,female,24,Services,Administrative and support service activities,139.0,15-24
CIV,2025,female,15,Services,Administrative and support service activities,187.0,15-24
CIV,2025,female,16,Services,Administrative and support service activities,183.0,15-24
CIV,2025,female,17,Services,Administrative and support service activities,178.0,15-24
CIV,2025,female,18,Services,Administrative and support service activities,174.0,15-24
CIV,2025,female,19,Services,Administrative and support service activities,169.0,15-24
CIV,2025,female,20,Services,Administrative and support service activities,164.0,15-24
CIV,2025,female,21,Services,Administrative and support service activities,160.0,15-24
CIV,2025,female,22,Services,Administrative and support service activities,155.0,15-24
CIV,2025,female,23,Services,Administrative and support service activities,150.0,15-24
CIV,2025,female,24,Services,Administrative and support service activities,145.0,15-24
CIV,2015,female,15,Agriculture,Agriculture; forestry and fishing,63695.0,15-24
CIV,2015,female,16,Agriculture,Agriculture; forestry and fishing,62009.0,15-24
CIV,2015,female,17,Agriculture,Agriculture; forestry and fishing,60030.0,15-24
CIV,2015,female,18,Agriculture,Agriculture; forestry and fishing,57634.0,15-24
CIV,2015,female,19,Agriculture,Agriculture; forestry and fishing,54988.0,15-24
CIV,2015,female,20,Agriculture,Agriculture; forestry and fishing,52373.0,15-24
CIV,2015,female,21,Agriculture,Agriculture; forestry and fishing,49727.0,15-24
CIV,2015,female,22,Agriculture,Agriculture; forestry and fishing,47328.0,15-24
CIV,2015,female,23,Agriculture,Agriculture; forestry and fishing,45342.0,15-24
CIV,2015,female,24,Agriculture,Agriculture; forestry and fishing,43648.0,15-24
CIV,2016,female,15,Agriculture,Agriculture; forestry and fishing,65714.0,15-24
CIV,2016,female,16,Agriculture,Agriculture; forestry and fishing,64125.0,15-24
CIV,2016,female,17,Agriculture,Agriculture; forestry and fishing,62225.0,15-24
CIV,2016,female,18,Agriculture,Agriculture; forestry and fishing,59868.0,15-24
CIV,2016,female,19,Agriculture,Agriculture; forestry and fishing,57232.0,15-24
CIV,2016,female,20,Agriculture,Agriculture; forestry and fishing,54637.0,15-24
CIV,2016,female,21,Agriculture,Agriculture; forestry and fishing,52014.0,15-24
CIV,2016,female,22,Agriculture,Agriculture; forestry and fishing,49603.0,15-24
CIV,2016,female,23,Agriculture,Agriculture; forestry and fishing,47555.0,15-24
CIV,2016,female,24,Agriculture,Agriculture; forestry and fishing,45765.0,15-24
CIV,2017,female,15,Agriculture,Agriculture; forestry and fishing,51462.0,15-24
CIV,2017,female,16,Agriculture,Agriculture; forestry and fishing,50274.0,15-24
CIV,2017,female,17,Agriculture,Agriculture; forestry and fishing,48863.0,15-24
CIV,2017,female,18,Agriculture,Agriculture; forestry and fishing,47114.0,15-24
CIV,2017,female,19,Agriculture,Agriculture; forestry and fishing,45158.0,15-24
CIV,2017,female,20,Agriculture,Agriculture; forestry and fishing,43235.0,15-24
CIV,2017,female,21,Agriculture,Agriculture; forestry and fishing,41296.0,15-24
CIV,2017,female,22,Agriculture,Agriculture; forestry and fishing,39485.0,15-24
CIV,2017,female,23,Agriculture,Agriculture; forestry and fishing,37896.0,15-24
CIV,2017,female,24,Agriculture,Agriculture; forestry and fishing,36466.0,15-24
CIV,2018,female,15,Agriculture,Agriculture; forestry and fishing,51260.0,15-24
CIV,2018,female,16,Agriculture,Agriculture; forestry and fishing,50071.0,15-24
CIV,2018,female,17,Agriculture,Agriculture; forestry and fishing,48701.0,15-24
CIV,2018,female,18,Agriculture,Agriculture; forestry and fishing,47053.0,15-24
CIV,2018,female,19,Agriculture,Agriculture; forestry and fishing,45232.0,15-24
CIV,2018,female,20,Agriculture,Agriculture; forestry and fishing,43442.0,15-24
CIV,2018,female,21,Agriculture,Agriculture; forestry and fishing,41642.0,15-24
CIV,2018,female,22,Agriculture,Agriculture; forestry and fishing,39931.0,15-24
CIV,2018,female,23,Agriculture,Agriculture; forestry and fishing,38378.0,15-24
CIV,2018,female,24,Agriculture,Agriculture; forestry and fishing,36941.0,15-24
CIV,2019,female,15,Agriculture,Agriculture; forestry and fishing,50294.0,15-24
CIV,2019,female,16,Agriculture,Agriculture; forestry and fishing,49061.0,15-24
CIV,2019,female,17,Agriculture,Agriculture; forestry and fishing,47707.0,15-24
CIV,2019,female,18,Agriculture,Agriculture; forestry and fishing,46169.0,15-24
CIV,2019,female,19,Agriculture,Agriculture; forestry and fishing,44516.0,15-24
CIV,2019,female,20,Agriculture,Agriculture; forestry and fishing,42883.0,15-24
CIV,2019,female,21,Agriculture,Agriculture; forestry and fishing,41247.0,15-24
CIV,2019,female,22,Agriculture,Agriculture; forestry and fishing,39668.0,15-24
CIV,2019,female,23,Agriculture,Agriculture; forestry and fishing,38191.0,15-24
CIV,2019,female,24,Agriculture,Agriculture; forestry and fishing,36789.0,15-24
CIV,2020,female,15,Agriculture,Agriculture; forestry and fishing,48601.0,15-24
CIV,2020,female,16,Agriculture,Agriculture; forestry and fishing,47285.0,15-24
CIV,2020,female,17,Agriculture,Agriculture; forestry and fishing,45919.0,15-24
CIV,2020,female,18,Agriculture,Agriculture; forestry and fishing,44487.0,15-24
CIV,2020,female,19,Agriculture,Agriculture; forestry and fishing,43016.0,15-24
CIV,2020,female,20,Agriculture,Agriculture; forestry and fishing,41549.0,15-24
CIV,2020,female,21,Agriculture,Agriculture; forestry and fishing,40079.0,15-24
CIV,2020,female,22,Agriculture,Agriculture; forestry and fishing,38648.0,15-24
CIV,2020,female,23,Agriculture,Agriculture; forestry and fishing,37282.0,15-24
CIV,2020,female,24,Agriculture,Agriculture; forestry and fishing,35964.0,15-24
CIV,2021,female,15,Agriculture,Agriculture; forestry and fishing,47711.0,15-24
CIV,2021,female,16,Agriculture,Agriculture; forestry and fishing,46422.0,15-24
CIV,2021,female,17,Agriculture,Agriculture; forestry and fishing,45106.0,15-24
CIV,2021,female,18,Agriculture,Agriculture; forestry and fishing,43764.0,15-24
CIV,2021,female,19,Agriculture,Agriculture; forestry and fishing,42403.0,15-24
CIV,2021,female,20,Agriculture,Agriculture; forestry and fishing,41040.0,15-24
CIV,2021,female,21,Agriculture,Agriculture; forestry and fishing,39676.0,15-24
CIV,2021,female,22,Agriculture,Agriculture; forestry and fishing,38317.0,15-24
CIV,2021,female,23,Agriculture,Agriculture; forestry and fishing,36967.0,15-24
CIV,2021,female,24,Agriculture,Agriculture; forestry and fishing,35632.0,15-24
CIV,2022,female,15,Agriculture,Agriculture; forestry and fishing,46493.0,15-24
CIV,2022,female,16,Agriculture,Agriculture; forestry and fishing,45254.0,15-24
CIV,2022,female,17,Agriculture,Agriculture; forestry and fishing,44002.0,15-24
CIV,2022,female,18,Agriculture,Agriculture; forestry and fishing,42746.0,15-24
CIV,2022,female,19,Agriculture,Agriculture; forestry and fishing,41485.0,15-24
CIV,2022,female,20,Agriculture,Agriculture; forestry and fishing,40215.0,15-24
CIV,2022,female,21,Agriculture,Agriculture; forestry and fishing,38945.0,15-24
CIV,2022,female,22,Agriculture,Agriculture; forestry and fishing,37659.0,15-24
CIV,2022,female,23,Agriculture,Agriculture; forestry and fishing,36349.0,15-24
CIV,2022,female,24,Agriculture,Agriculture; forestry and fishing,35031.0,15-24
CIV,2023,female,15,Agriculture,Agriculture; forestry and fishing,48924.0,15-24
CIV,2023,female,16,Agriculture,Agriculture; forestry and fishing,47651.0,15-24
CIV,2023,female,17,Agriculture,Agriculture; forestry and fishing,46371.0,15-24
CIV,2023,female,18,Agriculture,Agriculture; forestry and fishing,45097.0,15-24
CIV,2023,female,19,Agriculture,Agriculture; forestry and fishing,43821.0,15-24
CIV,2023,female,20,Agriculture,Agriculture; forestry and fishing,42532.0,15-24
CIV,2023,female,21,Agriculture,Agriculture; forestry and fishing,41243.0,15-24
CIV,2023,female,22,Agriculture,Agriculture; forestry and fishing,39924.0,15-24
CIV,2023,female,23,Agriculture,Agriculture; forestry and fishing,38562.0,15-24
CIV,2023,female,24,Agriculture,Agriculture; forestry and fishing,37180.0,15-24
CIV,2024,female,15,Agriculture,Agriculture; forestry and fishing,49475.0,15-24
CIV,2024,female,16,Agriculture,Agriculture; forestry and fishing,48230.0,15-24
CIV,2024,female,17,Agriculture,Agriculture; forestry and fishing,46977.0,15-24
CIV,2024,female,18,Agriculture,Agriculture; forestry and fishing,45729.0,15-24
CIV,2024,female,19,Agriculture,Agriculture; forestry and fishing,44479.0,15-24
CIV,2024,female,20,Agriculture,Agriculture; forestry and fishing,43213.0,15-24
CIV,2024,female,21,Agriculture,Agriculture; forestry and fishing,41944.0,15-24
CIV,2024,female,22,Agriculture,Agriculture; forestry and fishing,40641.0,15-24
CIV,2024,female,23,Agriculture,Agriculture; forestry and fishing,39290.0,15-24
CIV,2024,female,24,Agriculture,Agriculture; forestry and fishing,37914.0,15-24
CIV,2025,female,15,Agriculture,Agriculture; forestry and fishing,48896.0,15-24
CIV,2025,female,16,Agriculture,Agriculture; forestry and fishing,47715.0,15-24
CIV,2025,female,17,Agriculture,Agriculture; forestry and fishing,46520.0,15-24
CIV,2025,female,18,Agriculture,Agriculture; forestry and fishing,45322.0,15-24
CIV,2025,female,19,Agriculture,Agriculture; forestry and fishing,44116.0,15-24
CIV,2025,female,20,Agriculture,Agriculture; forestry and fishing,42893.0,15-24
CIV,2025,female,21,Agriculture,Agriculture; forestry and fishing,41664.0,15-24
CIV,2025,female,22,Agriculture,Agriculture; forestry and fishing,40403.0,15-24
CIV,2025,female,23,Agriculture,Agriculture; forestry and fishing,39101.0,15-24
CIV,2025,female,24,Agriculture,Agriculture; forestry and fishing,37776.0,15-24
CIV,2015,female,15,Services,"Arts, entertainment and recreation",129.0,15-24
CIV,2015,female,16,Services,"Arts, entertainment and recreation",126.0,15-24
CIV,2015,female,17,Services,"Arts, entertainment and recreation",122.0,15-24
CIV,2015,female,18,Services,"Arts, entertainment and recreation",117.0,15-24
CIV,2015,female,19,Services,"Arts, entertainment and recreation",111.0,15-24
CIV,2015,female,20,Services,"Arts, entertainment and recreation",106.0,15-24
CIV,2015,female,21,Services,"Arts, entertainment and recreation",101.0,15-24
CIV,2015,female,22,Services,"Arts, entertainment and recreation",96.0,15-24
CIV,2015,female,23,Services,"Arts, entertainment and recreation",92.0,15-24
CIV,2015,female,24,Services,"Arts, entertainment and recreation",88.0,15-24
CIV,2016,female,15,Services,"Arts, entertainment and recreation",109.0,15-24
CIV,2016,female,16,Services,"Arts, entertainment and recreation",107.0,15-24
CIV,2016,female,17,Services,"Arts, entertainment and recreation",103.0,15-24
CIV,2016,female,18,Services,"Arts, entertainment and recreation",99.0,15-24
CIV,2016,female,19,Services,"Arts, entertainment and recreation",95.0,15-24
CIV,2016,female,20,Services,"Arts, entertainment and recreation",91.0,15-24
CIV,2016,female,21,Services,"Arts, entertainment and recreation",86.0,15-24
CIV,2016,female,22,Services,"Arts, entertainment and recreation",82.0,15-24
CIV,2016,female,23,Services,"Arts, entertainment and recreation",79.0,15-24
CIV,2016,female,24,Services,"Arts, entertainment and recreation",76.0,15-24
CIV,2017,female,15,Services,"Arts, entertainment and recreation",105.0,15-24
CIV,2017,female,16,Services,"Arts, entertainment and recreation",103.0,15-24
CIV,2017,female,17,Services,"Arts, entertainment and recreation",100.0,15-24
CIV,2017,female,18,Services,"Arts, entertainment and recreation",96.0,15-24
CIV,2017,female,19,Services,"Arts, entertainment and recreation",92.0,15-24
CIV,2017,female,20,Services,"Arts, entertainment and recreation",88.0,15-24
CIV,2017,female,21,Services,"Arts, entertainment and recreation",84.0,15-24
CIV,2017,female,22,Services,"Arts, entertainment and recreation",81.0,15-24
CIV,2017,female,23,Services,"Arts, entertainment and recreation",77.0,15-24
CIV,2017,female,24,Services,"Arts, entertainment and recreation",74.0,15-24
CIV,2018,female,15,Services,"Arts, entertainment and recreation",104.0,15-24
CIV,2018,female,16,Services,"Arts, entertainment and recreation",102.0,15-24
CIV,2018,female,17,Services,"Arts, entertainment and recreation",99.0,15-24
CIV,2018,female,18,Services,"Arts, entertainment and recreation",96.0,15-24
CIV,2018,female,19,Services,"Arts, entertainment and recreation",92.0,15-24
CIV,2018,female,20,Services,"Arts, entertainment and recreation",88.0,15-24
CIV,2018,female,21,Services,"Arts, entertainment and recreation",85.0,15-24
CIV,2018,female,22,Services,"Arts, entertainment and recreation",81.0,15-24
CIV,2018,female,23,Services,"Arts, entertainment and recreation",78.0,15-24
CIV,2018,female,24,Services,"Arts, entertainment and recreation",75.0,15-24
CIV,2019,female,15,Services,"Arts, entertainment and recreation",228.0,15-24
CIV,2019,female,16,Services,"Arts, entertainment and recreation",222.0,15-24
CIV,2019,female,17,Services,"Arts, entertainment and recreation",216.0,15-24
CIV,2019,female,18,Services,"Arts, entertainment and recreation",209.0,15-24
CIV,2019,female,19,Services,"Arts, entertainment and recreation",202.0,15-24
CIV,2019,female,20,Services,"Arts, entertainment and recreation",194.0,15-24
CIV,2019,female,21,Services,"Arts, entertainment and recreation",187.0,15-24
CIV,2019,female,22,Services,"Arts, entertainment and recreation",180.0,15-24
CIV,2019,female,23,Services,"Arts, entertainment and recreation",173.0,15-24
CIV,2019,female,24,Services,"Arts, entertainment and recreation",167.0,15-24
CIV,2020,female,15,Services,"Arts, entertainment and recreation",103.0,15-24
CIV,2020,female,16,Services,"Arts, entertainment and recreation",101.0,15-24
CIV,2020,female,17,Services,"Arts, entertainment and recreation",98.0,15-24
CIV,2020,female,18,Services,"Arts, entertainment and recreation",95.0,15-24
CIV,2020,female,19,Services,"Arts, entertainment and recreation",91.0,15-24
CIV,2020,female,20,Services,"Arts, entertainment and recreation",88.0,15-24
CIV,2020,female,21,Services,"Arts, entertainment and recreation",85.0,15-24
CIV,2020,female,22,Services,"Arts, entertainment and recreation",82.0,15-24
CIV,2020,female,23,Services,"Arts, entertainment and recreation",79.0,15-24
CIV,2020,female,24,Services,"Arts, entertainment and recreation",76.0,15-24
CIV,2021,female,15,Services,"Arts, entertainment and recreation",129.0,15-24
CIV,2021,female,16,Services,"Arts, entertainment and recreation",125.0,15-24
CIV,2021,female,17,Services,"Arts, entertainment and recreation",122.0,15-24
CIV,2021,female,18,Services,"Arts, entertainment and recreation",118.0,15-24
CIV,2021,female,19,Services,"Arts, entertainment and recreation",114.0,15-24
CIV,2021,female,20,Services,"Arts, entertainment and recreation",111.0,15-24
CIV,2021,female,21,Services,"Arts, entertainment and recreation",107.0,15-24
CIV,2021,female,22,Services,"Arts, entertainment and recreation",103.0,15-24
CIV,2021,female,23,Services,"Arts, entertainment and recreation",100.0,15-24
CIV,2021,female,24,Services,"Arts, entertainment and recreation",96.0,15-24
CIV,2022,female,15,Services,"Arts, entertainment and recreation",109.0,15-24
CIV,2022,female,16,Services,"Arts, entertainment and recreation",107.0,15-24
CIV,2022,female,17,Services,"Arts, entertainment and recreation",104.0,15-24
CIV,2022,female,18,Services,"Arts, entertainment and recreation",101.0,15-24
CIV,2022,female,19,Services,"Arts, entertainment and recreation",98.0,15-24
CIV,2022,female,20,Services,"Arts, entertainment and recreation",95.0,15-24
CIV,2022,female,21,Services,"Arts, entertainment and recreation",92.0,15-24
CIV,2022,female,22,Services,"Arts, entertainment and recreation",89.0,15-24
CIV,2022,female,23,Services,"Arts, entertainment and recreation",86.0,15-24
CIV,2022,female,24,Services,"Arts, entertainment and recreation",82.0,15-24
CIV,2023,female,15,Services,"Arts, entertainment and recreation",132.0,15-24
CIV,2023,female,16,Services,"Arts, entertainment and recreation",128.0,15-24
CIV,2023,female,17,Services,"Arts, entertainment and recreation",125.0,15-24
CIV,2023,female,18,Services,"Arts, entertainment and recreation",121.0,15-24
CIV,2023,female,19,Services,"Arts, entertainment and recreation",118.0,15-24
CIV,2023,female,20,Services,"Arts, entertainment and recreation",114.0,15-24
CIV,2023,female,21,Services,"Arts, entertainment and recreation",111.0,15-24
CIV,2023,female,22,Services,"Arts, entertainment and recreation",107.0,15-24
CIV,2023,female,23,Services,"Arts, entertainment and recreation",104.0,15-24
CIV,2023,female,24,Services,"Arts, entertainment and recreation",100.0,15-24
CIV,2024,female,15,Services,"Arts, entertainment and recreation",171.0,15-24
CIV,2024,female,16,Services,"Arts, entertainment and recreation",167.0,15-24
CIV,2024,female,17,Services,"Arts, entertainment and recreation",162.0,15-24
CIV,2024,female,18,Services,"Arts, entertainment and recreation",158.0,15-24
CIV,2024,female,19,Services,"Arts, entertainment and recreation",154.0,15-24
CIV,2024,female,20,Services,"Arts, entertainment and recreation",149.0,15-24
CIV,2024,female,21,Services,"Arts, entertainment and recreation",145.0,15-24
CIV,2024,female,22,Services,"Arts, entertainment and recreation",140.0,15-24
CIV,2024,female,23,Services,"Arts, entertainment and recreation",136.0,15-24
CIV,2024,female,24,Services,"Arts, entertainment and recreation",131.0,15-24
CIV,2025,female,15,Services,"Arts, entertainment and recreation",176.0,15-24
CIV,2025,female,16,Services,"Arts, entertainment and recreation",172.0,15-24
CIV,2025,female,17,Services,"Arts, entertainment and recreation",168.0,15-24
CIV,2025,female,18,Services,"Arts, entertainment and recreation",163.0,15-24
CIV,2025,female,19,Services,"Arts, entertainment and recreation",159.0,15-24
CIV,2025,female,20,Services,"Arts, entertainment and recreation",155.0,15-24
CIV,2025,female,21,Services,"Arts, entertainment and recreation",150.0,15-24
CIV,2025,female,22,Services,"Arts, entertainment and recreation",146.0,15-24
CIV,2025,female,23,Services,"Arts, entertainment and recreation",141.0,15-24
CIV,2025,female,24,Services,"Arts, entertainment and recreation",136.0,15-24
CIV,2015,female,15,Industry,Construction,142.0,15-24
CIV,2015,female,16,Industry,Construction,138.0,15-24
CIV,2015,female,17,Industry,Construction,134.0,15-24
CIV,2015,female,18,Industry,Construction,128.0,15-24
CIV,2015,female,19,Industry,Construction,122.0,15-24
CIV,2015,female,20,Industry,Construction,117.0,15-24
CIV,2015,female,21,Industry,Construction,111.0,15-24
CIV,2015,female,22,Industry,Construction,105.0,15-24
CIV,2015,female,23,Industry,Construction,101.0,15-24
CIV,2015,female,24,Industry,Construction,97.0,15-24
CIV,2016,female,15,Industry,Construction,183.0,15-24
CIV,2016,female,16,Industry,Construction,178.0,15-24
CIV,2016,female,17,Industry,Construction,173.0,15-24
CIV,2016,female,18,Industry,Construction,166.0,15-24
CIV,2016,female,19,Industry,Construction,159.0,15-24
CIV,2016,female,20,Industry,Construction,152.0,15-24
CIV,2016,female,21,Industry,Construction,145.0,15-24
CIV,2016,female,22,Industry,Construction,138.0,15-24
CIV,2016,female,23,Industry,Construction,132.0,15-24
CIV,2016,female,24,Industry,Construction,127.0,15-24
CIV,2017,female,15,Industry,Construction,233.0,15-24
CIV,2017,female,16,Industry,Construction,228.0,15-24
CIV,2017,female,17,Industry,Construction,222.0,15-24
CIV,2017,female,18,Industry,Construction,214.0,15-24
CIV,2017,female,19,Industry,Construction,205.0,15-24
CIV,2017,female,20,Industry,Construction,196.0,15-24
CIV,2017,female,21,Industry,Construction,187.0,15-24
CIV,2017,female,22,Industry,Construction,179.0,15-24
CIV,2017,female,23,Industry,Construction,172.0,15-24
CIV,2017,female,24,Industry,Construction,165.0,15-24
CIV,2018,female,15,Industry,Construction,308.0,15-24
CIV,2018,female,16,Industry,Construction,300.0,15-24
CIV,2018,female,17,Industry,Construction,292.0,15-24
CIV,2018,female,18,Industry,Construction,282.0,15-24
CIV,2018,female,19,Industry,Construction,271.0,15-24
CIV,2018,female,20,Industry,Construction,261.0,15-24
CIV,2018,female,21,Industry,Construction,250.0,15-24
CIV,2018,female,22,Industry,Construction,240.0,15-24
CIV,2018,female,23,Industry,Construction,230.0,15-24
CIV,2018,female,24,Industry,Construction,222.0,15-24
CIV,2019,female,15,Industry,Construction,377.0,15-24
CIV,2019,female,16,Industry,Construction,368.0,15-24
CIV,2019,female,17,Industry,Construction,358.0,15-24
CIV,2019,female,18,Industry,Construction,346.0,15-24
CIV,2019,female,19,Industry,Construction,334.0,15-24
CIV,2019,female,20,Industry,Construction,321.0,15-24
CIV,2019,female,21,Industry,Construction,309.0,15-24
CIV,2019,female,22,Industry,Construction,297.0,15-24
CIV,2019,female,23,Industry,Construction,286.0,15-24
CIV,2019,female,24,Industry,Construction,276.0,15-24
CIV,2020,female,15,Industry,Construction,375.0,15-24
CIV,2020,female,16,Industry,Construction,365.0,15-24
CIV,2020,female,17,Industry,Construction,355.0,15-24
CIV,2020,female,18,Industry,Construction,344.0,15-24
CIV,2020,female,19,Industry,Construction,332.0,15-24
CIV,2020,female,20,Industry,Construction,321.0,15-24
CIV,2020,female,21,Industry,Construction,310.0,15-24
CIV,2020,female,22,Industry,Construction,299.0,15-24
CIV,2020,female,23,Industry,Construction,288.0,15-24
CIV,2020,female,24,Industry,Construction,278.0,15-24
CIV,2021,female,15,Industry,Construction,317.0,15-24
CIV,2021,female,16,Industry,Construction,309.0,15-24
CIV,2021,female,17,Industry,Construction,300.0,15-24
CIV,2021,female,18,Industry,Construction,291.0,15-24
CIV,2021,female,19,Industry,Construction,282.0,15-24
CIV,2021,female,20,Industry,Construction,273.0,15-24
CIV,2021,female,21,Industry,Construction,264.0,15-24
CIV,2021,female,22,Industry,Construction,255.0,15-24
CIV,2021,female,23,Industry,Construction,246.0,15-24
CIV,2021,female,24,Industry,Construction,237.0,15-24
CIV,2022,female,15,Industry,Construction,291.0,15-24
CIV,2022,female,16,Industry,Construction,284.0,15-24
CIV,2022,female,17,Industry,Construction,276.0,15-24
CIV,2022,female,18,Industry,Construction,268.0,15-24
CIV,2022,female,19,Industry,Construction,260.0,15-24
CIV,2022,female,20,Industry,Construction,252.0,15-24
CIV,2022,female,21,Industry,Construction,244.0,15-24
CIV,2022,female,22,Industry,Construction,236.0,15-24
CIV,2022,female,23,Industry,Construction,228.0,15-24
CIV,2022,female,24,Industry,Construction,220.0,15-24
CIV,2023,female,15,Industry,Construction,232.0,15-24
CIV,2023,female,16,Industry,Construction,226.0,15-24
CIV,2023,female,17,Industry,Construction,220.0,15-24
CIV,2023,female,18,Industry,Construction,214.0,15-24
CIV,2023,female,19,Industry,Construction,208.0,15-24
CIV,2023,female,20,Industry,Construction,202.0,15-24
CIV,2023,female,21,Industry,Construction,196.0,15-24
CIV,2023,female,22,Industry,Construction,189.0,15-24
CIV,2023,female,23,Industry,Construction,183.0,15-24
CIV,2023,female,24,Industry,Construction,176.0,15-24
CIV,2024,female,15,Industry,Construction,307.0,15-24
CIV,2024,female,16,Industry,Construction,299.0,15-24
CIV,2024,female,17,Industry,Construction,292.0,15-24
CIV,2024,female,18,Industry,Construction,284.0,15-24
CIV,2024,female,19,Industry,Construction,276.0,15-24
CIV,2024,female,20,Industry,Construction,268.0,15-24
CIV,2024,female,21,Industry,Construction,260.0,15-24
CIV,2024,female,22,Industry,Construction,252.0,15-24
CIV,2024,female,23,Industry,Construction,244.0,15-24
CIV,2024,female,24,Industry,Construction,235.0,15-24
CIV,2025,female,15,Industry,Construction,314.0,15-24
CIV,2025,female,16,Industry,Construction,307.0,15-24
CIV,2025,female,17,Industry,Construction,299.0,15-24
CIV,2025,female,18,Industry,Construction,291.0,15-24
CIV,2025,female,19,Industry,Construction,284.0,15-24
CIV,2025,female,20,Industry,Construction,276.0,15-24
CIV,2025,female,21,Industry,Construction,268.0,15-24
CIV,2025,female,22,Industry,Construction,260.0,15-24
CIV,2025,female,23,Industry,Construction,251.0,15-24
CIV,2025,female,24,Industry,Construction,243.0,15-24
CIV,2015,female,15,Services,Education,170.0,15-24
CIV,2015,female,16,Services,Education,166.0,15-24
CIV,2015,female,17,Services,Education,160.0,15-24
CIV,2015,female,18,Services,Education,154.0,15-24
CIV,2015,female,19,Services,Education,147.0,15-24
CIV,2015,female,20,Services,Education,140.0,15-24
CIV,2015,female,21,Services,Education,133.0,15-24
CIV,2015,female,22,Services,Education,127.0,15-24
CIV,2015,female,23,Services,Education,121.0,15-24
CIV,2015,female,24,Services,Education,117.0,15-24
CIV,2016,female,15,Services,Education,190.0,15-24
CIV,2016,female,16,Services,Education,186.0,15-24
CIV,2016,female,17,Services,Education,180.0,15-24
CIV,2016,female,18,Services,Education,173.0,15-24
CIV,2016,female,19,Services,Education,166.0,15-24
CIV,2016,female,20,Services,Education,158.0,15-24
CIV,2016,female,21,Services,Education,151.0,15-24
CIV,2016,female,22,Services,Education,144.0,15-24
CIV,2016,female,23,Services,Education,138.0,15-24
CIV,2016,female,24,Services,Education,133.0,15-24
CIV,2017,female,15,Services,Education,214.0,15-24
CIV,2017,female,16,Services,Education,209.0,15-24
CIV,2017,female,17,Services,Education,203.0,15-24
CIV,2017,female,18,Services,Education,196.0,15-24
CIV,2017,female,19,Services,Education,188.0,15-24
CIV,2017,female,20,Services,Education,180.0,15-24
CIV,2017,female,21,Services,Education,172.0,15-24
CIV,2017,female,22,Services,Education,164.0,15-24
CIV,2017,female,23,Services,Education,157.0,15-24
CIV,2017,female,24,Services,Education,151.0,15-24
CIV,2018,female,15,Services,Education,203.0,15-24
CIV,2018,female,16,Services,Education,198.0,15-24
CIV,2018,female,17,Services,Education,193.0,15-24
CIV,2018,female,18,Services,Education,186.0,15-24
CIV,2018,female,19,Services,Education,179.0,15-24
CIV,2018,female,20,Services,Education,172.0,15-24
CIV,2018,female,21,Services,Education,165.0,15-24
CIV,2018,female,22,Services,Education,158.0,15-24
CIV,2018,female,23,Services,Education,152.0,15-24
CIV,2018,female,24,Services,Education,146.0,15-24
CIV,2019,female,15,Services,Education,204.0,15-24
CIV,2019,female,16,Services,Education,199.0,15-24
CIV,2019,female,17,Services,Education,194.0,15-24
CIV,2019,female,18,Services,Education,188.0,15-24
CIV,2019,female,19,Services,Education,181.0,15-24
CIV,2019,female,20,Services,Education,174.0,15-24
CIV,2019,female,21,Services,Education,168.0,15-24
CIV,2019,female,22,Services,Education,161.0,15-24
CIV,2019,female,23,Services,Education,155.0,15-24
CIV,2019,female,24,Services,Education,150.0,15-24
CIV,2020,female,15,Services,Education,278.0,15-24
CIV,2020,female,16,Services,Education,271.0,15-24
CIV,2020,female,17,Services,Education,263.0,15-24
CIV,2020,female,18,Services,Education,255.0,15-24
CIV,2020,female,19,Services,Education,246.0,15-24
CIV,2020,female,20,Services,Education,238.0,15-24
CIV,2020,female,21,Services,Education,229.0,15-24
CIV,2020,female,22,Services,Education,221.0,15-24
CIV,2020,female,23,Services,Education,213.0,15-24
CIV,2020,female,24,Services,Education,206.0,15-24
CIV,2021,female,15,Services,Education,327.0,15-24
CIV,2021,female,16,Services,Education,318.0,15-24
CIV,2021,female,17,Services,Education,309.0,15-24
CIV,2021,female,18,Services,Education,300.0,15-24
CIV,2021,female,19,Services,Education,291.0,15-24
CIV,2021,female,20,Services,Education,281.0,15-24
CIV,2021,female,21,Services,Education,272.0,15-24
CIV,2021,female,22,Services,Education,263.0,15-24
CIV,2021,female,23,Services,Education,253.0,15-24
CIV,2021,female,24,Services,Education,244.0,15-24
CIV,2022,female,15,Services,Education,299.0,15-24
CIV,2022,female,16,Services,Education,292.0,15-24
CIV,2022,female,17,Services,Education,283.0,15-24
CIV,2022,female,18,Services,Education,275.0,15-24
CIV,2022,female,19,Services,Education,267.0,15-24
CIV,2022,female,20,Services,Education,259.0,15-24
CIV,2022,female,21,Services,Education,251.0,15-24
CIV,2022,female,22,Services,Education,243.0,15-24
CIV,2022,female,23,Services,Education,234.0,15-24
CIV,2022,female,24,Services,Education,226.0,15-24
CIV,2023,female,15,Services,Education,347.0,15-24
CIV,2023,female,16,Services,Education,338.0,15-24
CIV,2023,female,17,Services,Education,329.0,15-24
CIV,2023,female,18,Services,Education,320.0,15-24
CIV,2023,female,19,Services,Education,311.0,15-24
CIV,2023,female,20,Services,Education,302.0,15-24
CIV,2023,female,21,Services,Education,293.0,15-24
CIV,2023,female,22,Services,Education,284.0,15-24
CIV,2023,female,23,Services,Education,274.0,15-24
CIV,2023,female,24,Services,Education,264.0,15-24
CIV,2024,female,15,Services,Education,395.0,15-24
CIV,2024,female,16,Services,Education,385.0,15-24
CIV,2024,female,17,Services,Education,375.0,15-24
CIV,2024,female,18,Services,Education,365.0,15-24
CIV,2024,female,19,Services,Education,355.0,15-24
CIV,2024,female,20,Services,Education,345.0,15-24
CIV,2024,female,21,Services,Education,335.0,15-24
CIV,2024,female,22,Services,Education,325.0,15-24
CIV,2024,female,23,Services,Education,314.0,15-24
CIV,2024,female,24,Services,Education,303.0,15-24
CIV,2025,female,15,Services,Education,409.0,15-24
CIV,2025,female,16,Services,Education,399.0,15-24
CIV,2025,female,17,Services,Education,389.0,15-24
CIV,2025,female,18,Services,Education,379.0,15-24
CIV,2025,female,19,Services,Education,369.0,15-24
CIV,2025,female,20,Services,Education,359.0,15-24
CIV,2025,female,21,Services,Education,349.0,15-24
CIV,2025,female,22,Services,Education,338.0,15-24
CIV,2025,female,23,Services,Education,327.0,15-24
CIV,2025,female,24,Services,Education,316.0,15-24
CIV,2015,female,15,Industry,"Electricity; gas, steam and air conditioning supply",56.0,15-24
CIV,2015,female,16,Industry,"Electricity; gas, steam and air conditioning supply",55.0,15-24
CIV,2015,female,17,Industry,"Electricity; gas, steam and air conditioning supply",53.0,15-24
CIV,2015,female,18,Industry,"Electricity; gas, steam and air conditioning supply",51.0,15-24
CIV,2015,female,19,Industry,"Electricity; gas, steam and air conditioning supply",49.0,15-24
CIV,2015,female,20,Industry,"Electricity; gas, steam and air conditioning supply",46.0,15-24
CIV,2015,female,21,Industry,"Electricity; gas, steam and air conditioning supply",44.0,15-24
CIV,2015,female,22,Industry,"Electricity; gas, steam and air conditioning supply",42.0,15-24
CIV,2015,female,23,Industry,"Electricity; gas, steam and air conditioning supply",40.0,15-24
CIV,2015,female,24,Industry,"Electricity; gas, steam and air conditioning supply",39.0,15-24
CIV,2016,female,15,Industry,"Electricity; gas, steam and air conditioning supply",14.0,15-24
CIV,2016,female,16,Industry,"Electricity; gas, steam and air conditioning supply",14.0,15-24
CIV,2016,female,17,Industry,"Electricity; gas, steam and air conditioning supply",13.0,15-24
CIV,2016,female,18,Industry,"Electricity; gas, steam and air conditioning supply",13.0,15-24
CIV,2016,female,19,Industry,"Electricity; gas, steam and air conditioning supply",12.0,15-24
CIV,2016,female,20,Industry,"Electricity; gas, steam and air conditioning supply",12.0,15-24
CIV,2016,female,21,Industry,"Electricity; gas, steam and air conditioning supply",11.0,15-24
CIV,2016,female,22,Industry,"Electricity; gas, steam and air conditioning supply",11.0,15-24
CIV,2016,female,23,Industry,"Electricity; gas, steam and air conditioning supply",10.0,15-24
CIV,2016,female,24,Industry,"Electricity; gas, steam and air conditioning supply",10.0,15-24
CIV,2017,female,15,Industry,"Electricity; gas, steam and air conditioning supply",16.0,15-24
CIV,2017,female,16,Industry,"Electricity; gas, steam and air conditioning supply",16.0,15-24
CIV,2017,female,17,Industry,"Electricity; gas, steam and air conditioning supply",15.0,15-24
CIV,2017,female,18,Industry,"Electricity; gas, steam and air conditioning supply",15.0,15-24
CIV,2017,female,19,Industry,"Electricity; gas, steam and air conditioning supply",14.0,15-24
CIV,2017,female,20,Industry,"Electricity; gas, steam and air conditioning supply",13.0,15-24
CIV,2017,female,21,Industry,"Electricity; gas, steam and air conditioning supply",13.0,15-24
CIV,2017,female,22,Industry,"Electricity; gas, steam and air conditioning supply",12.0,15-24
CIV,2017,female,23,Industry,"Electricity; gas, steam and air conditioning supply",12.0,15-24
CIV,2017,female,24,Industry,"Electricity; gas, steam and air conditioning supply",11.0,15-24
CIV,2018,female,15,Industry,"Electricity; gas, steam and air conditioning supply",19.0,15-24
CIV,2018,female,16,Industry,"Electricity; gas, steam and air conditioning supply",18.0,15-24
CIV,2018,female,17,Industry,"Electricity; gas, steam and air conditioning supply",18.0,15-24
CIV,2018,female,18,Industry,"Electricity; gas, steam and air conditioning supply",17.0,15-24
CIV,2018,female,19,Industry,"Electricity; gas, steam and air conditioning supply",16.0,15-24
CIV,2018,female,20,Industry,"Electricity; gas, steam and air conditioning supply",16.0,15-24
CIV,2018,female,21,Industry,"Electricity; gas, steam and air conditioning supply",15.0,15-24
CIV,2018,female,22,Industry,"Electricity; gas, steam and air conditioning supply",15.0,15-24
CIV,2018,female,23,Industry,"Electricity; gas, steam and air conditioning supply",14.0,15-24
CIV,2018,female,24,Industry,"Electricity; gas, steam and air conditioning supply",13.0,15-24
CIV,2019,female,15,Industry,"Electricity; gas, steam and air conditioning supply",17.0,15-24
CIV,2019,female,16,Industry,"Electricity; gas, steam and air conditioning supply",16.0,15-24
CIV,2019,female,17,Industry,"Electricity; gas, steam and air conditioning supply",16.0,15-24
CIV,2019,female,18,Industry,"Electricity; gas, steam and air conditioning supply",15.0,15-24
CIV,2019,female,19,Industry,"Electricity; gas, steam and air conditioning supply",15.0,15-24
CIV,2019,female,20,Industry,"Electricity; gas, steam and air conditioning supply",14.0,15-24
CIV,2019,female,21,Industry,"Electricity; gas, steam and air conditioning supply",14.0,15-24
CIV,2019,female,22,Industry,"Electricity; gas, steam and air conditioning supply",13.0,15-24
CIV,2019,female,23,Industry,"Electricity; gas, steam and air conditioning supply",13.0,15-24
CIV,2019,female,24,Industry,"Electricity; gas, steam and air conditioning supply",12.0,15-24
CIV,2020,female,15,Industry,"Electricity; gas, steam and air conditioning supply",18.0,15-24
CIV,2020,female,16,Industry,"Electricity; gas, steam and air conditioning supply",17.0,15-24
CIV,2020,female,17,Industry,"Electricity; gas, steam and air conditioning supply",17.0,15-24
CIV,2020,female,18,Industry,"Electricity; gas, steam and air conditioning supply",16.0,15-24
CIV,2020,female,19,Industry,"Electricity; gas, steam and air conditioning supply",16.0,15-24
CIV,2020,female,20,Industry,"Electricity; gas, steam and air conditioning supply",15.0,15-24
CIV,2020,female,21,Industry,"Electricity; gas, steam and air conditioning supply",15.0,15-24
CIV,2020,female,22,Industry,"Electricity; gas, steam and air conditioning supply",14.0,15-24
CIV,2020,female,23,Industry,"Electricity; gas, steam and air conditioning supply",14.0,15-24
CIV,2020,female,24,Industry,"Electricity; gas, steam and air conditioning supply",13.0,15-24
CIV,2021,female,15,Industry,"Electricity; gas, steam and air conditioning supply",16.0,15-24
CIV,2021,female,16,Industry,"Electricity; gas, steam and air conditioning supply",16.0,15-24
CIV,2021,female,17,Industry,"Electricity; gas, steam and air conditioning supply",15.0,15-24
CIV,2021,female,18,Industry,"Electricity; gas, steam and air conditioning supply",15.0,15-24
CIV,2021,female,19,Industry,"Electricity; gas, steam and air conditioning supply",14.0,15-24
CIV,2021,female,20,Industry,"Electricity; gas, steam and air conditioning supply",14.0,15-24
CIV,2021,female,21,Industry,"Electricity; gas, steam and air conditioning supply",13.0,15-24
CIV,2021,female,22,Industry,"Electricity; gas, steam and air conditioning supply",13.0,15-24
CIV,2021,female,23,Industry,"Electricity; gas, steam and air conditioning supply",13.0,15-24
CIV,2021,female,24,Industry,"Electricity; gas, steam and air conditioning supply",12.0,15-24
CIV,2022,female,15,Industry,"Electricity; gas, steam and air conditioning supply",0.0,15-24
CIV,2022,female,16,Industry,"Electricity; gas, steam and air conditioning supply",0.0,15-24
CIV,2022,female,17,Industry,"Electricity; gas, steam and air conditioning supply",0.0,15-24
CIV,2022,female,18,Industry,"Electricity; gas, steam and air conditioning supply",0.0,15-24
CIV,2022,female,19,Industry,"Electricity; gas, steam and air conditioning supply",0.0,15-24
CIV,2022,female,20,Industry,"Electricity; gas, steam and air conditioning supply",0.0,15-24
CIV,2022,female,21,Industry,"Electricity; gas, steam and air conditioning supply",0.0,15-24
CIV,2022,female,22,Industry,"Electricity; gas, steam and air conditioning supply",0.0,15-24
CIV,2022,female,23,Industry,"Electricity; gas, steam and air conditioning supply",0.0,15-24
CIV,2022,female,24,Industry,"Electricity; gas, steam and air conditioning supply",0.0,15-24
CIV,2023,female,15,Industry,"Electricity; gas, steam and air conditioning supply",0.0,15-24
CIV,2023,female,16,Industry,"Electricity; gas, steam and air conditioning supply",0.0,15-24
CIV,2023,female,17,Industry,"Electricity; gas, steam and air conditioning supply",0.0,15-24
CIV,2023,female,18,Industry,"Electricity; gas, steam and air conditioning supply",0.0,15-24
CIV,2023,female,19,Industry,"Electricity; gas, steam and air conditioning supply",0.0,15-24
CIV,2023,female,20,Industry,"Electricity; gas, steam and air conditioning supply",0.0,15-24
CIV,2023,female,21,Industry,"Electricity; gas, steam and air conditioning supply",0.0,15-24
CIV,2023,female,22,Industry,"Electricity; gas, steam and air conditioning supply",0.0,15-24
CIV,2023,female,23,Industry,"Electricity; gas, steam and air conditioning supply",0.0,15-24
CIV,2023,female,24,Industry,"Electricity; gas, steam and air conditioning supply",0.0,15-24
CIV,2024,female,15,Industry,"Electricity; gas, steam and air conditioning supply",0.0,15-24
CIV,2024,female,16,Industry,"Electricity; gas, steam and air conditioning supply",0.0,15-24
CIV,2024,female,17,Industry,"Electricity; gas, steam and air conditioning supply",0.0,15-24
CIV,2024,female,18,Industry,"Electricity; gas, steam and air conditioning supply",0.0,15-24
CIV,2024,female,19,Industry,"Electricity; gas, steam and air conditioning supply",0.0,15-24
CIV,2024,female,20,Industry,"Electricity; gas, steam and air conditioning supply",0.0,15-24
CIV,2024,female,21,Industry,"Electricity; gas, steam and air conditioning supply",0.0,15-24
CIV,2024,female,22,Industry,"Electricity; gas, steam and air conditioning supply",0.0,15-24
CIV,2024,female,23,Industry,"Electricity; gas, steam and air conditioning supply",0.0,15-24
CIV,2024,female,24,Industry,"Electricity; gas, steam and air conditioning supply",0.0,15-24
CIV,2025,female,15,Industry,"Electricity; gas, steam and air conditioning supply",0.0,15-24
CIV,2025,female,16,Industry,"Electricity; gas, steam and air conditioning supply",0.0,15-24
CIV,2025,female,17,Industry,"Electricity; gas, steam and air conditioning supply",0.0,15-24
CIV,2025,female,18,Industry,"Electricity; gas, steam and air conditioning supply",0.0,15-24
CIV,2025,female,19,Industry,"Electricity; gas, steam and air conditioning supply",0.0,15-24
CIV,2025,female,20,Industry,"Electricity; gas, steam and air conditioning supply",0.0,15-24
CIV,2025,female,21,Industry,"Electricity; gas, steam and air conditioning supply",0.0,15-24
CIV,2025,female,22,Industry,"Electricity; gas, steam and air conditioning supply",0.0,15-24
CIV,2025,female,23,Industry,"Electricity; gas, steam and air conditioning supply",0.0,15-24
CIV,2025,female,24,Industry,"Electricity; gas, steam and air conditioning supply",0.0,15-24
CIV,2015,female,15,Services,Financial and insurance activities,90.0,15-24
CIV,2015,female,16,Services,Financial and insurance activities,88.0,15-24
CIV,2015,female,17,Services,Financial and insurance activities,85.0,15-24
CIV,2015,female,18,Services,Financial and insurance activities,82.0,15-24
CIV,2015,female,19,Services,Financial and insurance activities,78.0,15-24
CIV,2015,female,20,Services,Financial and insurance activities,74.0,15-24
CIV,2015,female,21,Services,Financial and insurance activities,70.0,15-24
CIV,2015,female,22,Services,Financial and insurance activities,67.0,15-24
CIV,2015,female,23,Services,Financial and insurance activities,64.0,15-24
CIV,2015,female,24,Services,Financial and insurance activities,62.0,15-24
CIV,2016,female,15,Services,Financial and insurance activities,83.0,15-24
CIV,2016,female,16,Services,Financial and insurance activities,81.0,15-24
CIV,2016,female,17,Services,Financial and insurance activities,79.0,15-24
CIV,2016,female,18,Services,Financial and insurance activities,76.0,15-24
CIV,2016,female,19,Services,Financial and insurance activities,72.0,15-24
CIV,2016,female,20,Services,Financial and insurance activities,69.0,15-24
CIV,2016,female,21,Services,Financial and insurance activities,66.0,15-24
CIV,2016,female,22,Services,Financial and insurance activities,63.0,15-24
CIV,2016,female,23,Services,Financial and insurance activities,60.0,15-24
CIV,2016,female,24,Services,Financial and insurance activities,58.0,15-24
CIV,2017,female,15,Services,Financial and insurance activities,125.0,15-24
CIV,2017,female,16,Services,Financial and insurance activities,122.0,15-24
CIV,2017,female,17,Services,Financial and insurance activities,119.0,15-24
CIV,2017,female,18,Services,Financial and insurance activities,114.0,15-24
CIV,2017,female,19,Services,Financial and insurance activities,110.0,15-24
CIV,2017,female,20,Services,Financial and insurance activities,105.0,15-24
CIV,2017,female,21,Services,Financial and insurance activities,100.0,15-24
CIV,2017,female,22,Services,Financial and insurance activities,96.0,15-24
CIV,2017,female,23,Services,Financial and insurance activities,92.0,15-24
CIV,2017,female,24,Services,Financial and insurance activities,89.0,15-24
CIV,2018,female,15,Services,Financial and insurance activities,174.0,15-24
CIV,2018,female,16,Services,Financial and insurance activities,170.0,15-24
CIV,2018,female,17,Services,Financial and insurance activities,165.0,15-24
CIV,2018,female,18,Services,Financial and insurance activities,159.0,15-24
CIV,2018,female,19,Services,Financial and insurance activities,153.0,15-24
CIV,2018,female,20,Services,Financial and insurance activities,147.0,15-24
CIV,2018,female,21,Services,Financial and insurance activities,141.0,15-24
CIV,2018,female,22,Services,Financial and insurance activities,135.0,15-24
CIV,2018,female,23,Services,Financial and insurance activities,130.0,15-24
CIV,2018,female,24,Services,Financial and insurance activities,125.0,15-24
CIV,2019,female,15,Services,Financial and insurance activities,288.0,15-24
CIV,2019,female,16,Services,Financial and insurance activities,281.0,15-24
CIV,2019,female,17,Services,Financial and insurance activities,273.0,15-24
CIV,2019,female,18,Services,Financial and insurance activities,265.0,15-24
CIV,2019,female,19,Services,Financial and insurance activities,255.0,15-24
CIV,2019,female,20,Services,Financial and insurance activities,246.0,15-24
CIV,2019,female,21,Services,Financial and insurance activities,236.0,15-24
CIV,2019,female,22,Services,Financial and insurance activities,227.0,15-24
CIV,2019,female,23,Services,Financial and insurance activities,219.0,15-24
CIV,2019,female,24,Services,Financial and insurance activities,211.0,15-24
CIV,2020,female,15,Services,Financial and insurance activities,291.0,15-24
CIV,2020,female,16,Services,Financial and insurance activities,283.0,15-24
CIV,2020,female,17,Services,Financial and insurance activities,274.0,15-24
CIV,2020,female,18,Services,Financial and insurance activities,266.0,15-24
CIV,2020,female,19,Services,Financial and insurance activities,257.0,15-24
CIV,2020,female,20,Services,Financial and insurance activities,248.0,15-24
CIV,2020,female,21,Services,Financial and insurance activities,240.0,15-24
CIV,2020,female,22,Services,Financial and insurance activities,231.0,15-24
CIV,2020,female,23,Services,Financial and insurance activities,223.0,15-24
CIV,2020,female,24,Services,Financial and insurance activities,215.0,15-24
CIV,2021,female,15,Services,Financial and insurance activities,274.0,15-24
CIV,2021,female,16,Services,Financial and insurance activities,266.0,15-24
CIV,2021,female,17,Services,Financial and insurance activities,259.0,15-24
CIV,2021,female,18,Services,Financial and insurance activities,251.0,15-24
CIV,2021,female,19,Services,Financial and insurance activities,243.0,15-24
CIV,2021,female,20,Services,Financial and insurance activities,236.0,15-24
CIV,2021,female,21,Services,Financial and insurance activities,228.0,15-24
CIV,2021,female,22,Services,Financial and insurance activities,220.0,15-24
CIV,2021,female,23,Services,Financial and insurance activities,212.0,15-24
CIV,2021,female,24,Services,Financial and insurance activities,205.0,15-24
CIV,2022,female,15,Services,Financial and insurance activities,443.0,15-24
CIV,2022,female,16,Services,Financial and insurance activities,431.0,15-24
CIV,2022,female,17,Services,Financial and insurance activities,419.0,15-24
CIV,2022,female,18,Services,Financial and insurance activities,407.0,15-24
CIV,2022,female,19,Services,Financial and insurance activities,395.0,15-24
CIV,2022,female,20,Services,Financial and insurance activities,383.0,15-24
CIV,2022,female,21,Services,Financial and insurance activities,371.0,15-24
CIV,2022,female,22,Services,Financial and insurance activities,359.0,15-24
CIV,2022,female,23,Services,Financial and insurance activities,346.0,15-24
CIV,2022,female,24,Services,Financial and insurance activities,334.0,15-24
CIV,2023,female,15,Services,Financial and insurance activities,385.0,15-24
CIV,2023,female,16,Services,Financial and insurance activities,375.0,15-24
CIV,2023,female,17,Services,Financial and insurance activities,365.0,15-24
CIV,2023,female,18,Services,Financial and insurance activities,355.0,15-24
CIV,2023,female,19,Services,Financial and insurance activities,345.0,15-24
CIV,2023,female,20,Services,Financial and insurance activities,334.0,15-24
CIV,2023,female,21,Services,Financial and insurance activities,324.0,15-24
CIV,2023,female,22,Services,Financial and insurance activities,314.0,15-24
CIV,2023,female,23,Services,Financial and insurance activities,303.0,15-24
CIV,2023,female,24,Services,Financial and insurance activities,292.0,15-24
CIV,2024,female,15,Services,Financial and insurance activities,493.0,15-24
CIV,2024,female,16,Services,Financial and insurance activities,480.0,15-24
CIV,2024,female,17,Services,Financial and insurance activities,468.0,15-24
CIV,2024,female,18,Services,Financial and insurance activities,455.0,15-24
CIV,2024,female,19,Services,Financial and insurance activities,443.0,15-24
CIV,2024,female,20,Services,Financial and insurance activities,430.0,15-24
CIV,2024,female,21,Services,Financial and insurance activities,418.0,15-24
CIV,2024,female,22,Services,Financial and insurance activities,405.0,15-24
CIV,2024,female,23,Services,Financial and insurance activities,391.0,15-24
CIV,2024,female,24,Services,Financial and insurance activities,377.0,15-24
CIV,2025,female,15,Services,Financial and insurance activities,510.0,15-24
CIV,2025,female,16,Services,Financial and insurance activities,498.0,15-24
CIV,2025,female,17,Services,Financial and insurance activities,485.0,15-24
CIV,2025,female,18,Services,Financial and insurance activities,473.0,15-24
CIV,2025,female,19,Services,Financial and insurance activities,460.0,15-24
CIV,2025,female,20,Services,Financial and insurance activities,447.0,15-24
CIV,2025,female,21,Services,Financial and insurance activities,435.0,15-24
CIV,2025,female,22,Services,Financial and insurance activities,421.0,15-24
CIV,2025,female,23,Services,Financial and insurance activities,408.0,15-24
CIV,2025,female,24,Services,Financial and insurance activities,394.0,15-24
CIV,2015,female,15,Services,Human health and social work activities,591.0,15-24
CIV,2015,female,16,Services,Human health and social work activities,576.0,15-24
CIV,2015,female,17,Services,Human health and social work activities,557.0,15-24
CIV,2015,female,18,Services,Human health and social work activities,535.0,15-24
CIV,2015,female,19,Services,Human health and social work activities,510.0,15-24
CIV,2015,female,20,Services,Human health and social work activities,486.0,15-24
CIV,2015,female,21,Services,Human health and social work activities,462.0,15-24
CIV,2015,female,22,Services,Human health and social work activities,439.0,15-24
CIV,2015,female,23,Services,Human health and social work activities,421.0,15-24
CIV,2015,female,24,Services,Human health and social work activities,405.0,15-24
CIV,2016,female,15,Services,Human health and social work activities,619.0,15-24
CIV,2016,female,16,Services,Human health and social work activities,604.0,15-24
CIV,2016,female,17,Services,Human health and social work activities,586.0,15-24
CIV,2016,female,18,Services,Human health and social work activities,564.0,15-24
CIV,2016,female,19,Services,Human health and social work activities,539.0,15-24
CIV,2016,female,20,Services,Human health and social work activities,514.0,15-24
CIV,2016,female,21,Services,Human health and social work activities,490.0,15-24
CIV,2016,female,22,Services,Human health and social work activities,467.0,15-24
CIV,2016,female,23,Services,Human health and social work activities,448.0,15-24
CIV,2016,female,24,Services,Human health and social work activities,431.0,15-24
CIV,2017,female,15,Services,Human health and social work activities,653.0,15-24
CIV,2017,female,16,Services,Human health and social work activities,638.0,15-24
CIV,2017,female,17,Services,Human health and social work activities,620.0,15-24
CIV,2017,female,18,Services,Human health and social work activities,598.0,15-24
CIV,2017,female,19,Services,Human health and social work activities,573.0,15-24
CIV,2017,female,20,Services,Human health and social work activities,548.0,15-24
CIV,2017,female,21,Services,Human health and social work activities,524.0,15-24
CIV,2017,female,22,Services,Human health and social work activities,501.0,15-24
CIV,2017,female,23,Services,Human health and social work activities,481.0,15-24
CIV,2017,female,24,Services,Human health and social work activities,463.0,15-24
CIV,2018,female,15,Services,Human health and social work activities,497.0,15-24
CIV,2018,female,16,Services,Human health and social work activities,486.0,15-24
CIV,2018,female,17,Services,Human health and social work activities,473.0,15-24
CIV,2018,female,18,Services,Human health and social work activities,457.0,15-24
CIV,2018,female,19,Services,Human health and social work activities,439.0,15-24
CIV,2018,female,20,Services,Human health and social work activities,422.0,15-24
CIV,2018,female,21,Services,Human health and social work activities,404.0,15-24
CIV,2018,female,22,Services,Human health and social work activities,387.0,15-24
CIV,2018,female,23,Services,Human health and social work activities,372.0,15-24
CIV,2018,female,24,Services,Human health and social work activities,358.0,15-24
CIV,2019,female,15,Services,Human health and social work activities,367.0,15-24
CIV,2019,female,16,Services,Human health and social work activities,358.0,15-24
CIV,2019,female,17,Services,Human health and social work activities,348.0,15-24
CIV,2019,female,18,Services,Human health and social work activities,337.0,15-24
CIV,2019,female,19,Services,Human health and social work activities,325.0,15-24
CIV,2019,female,20,Services,Human health and social work activities,313.0,15-24
CIV,2019,female,21,Services,Human health and social work activities,301.0,15-24
CIV,2019,female,22,Services,Human health and social work activities,290.0,15-24
CIV,2019,female,23,Services,Human health and social work activities,279.0,15-24
CIV,2019,female,24,Services,Human health and social work activities,269.0,15-24
CIV,2020,female,15,Services,Human health and social work activities,367.0,15-24
CIV,2020,female,16,Services,Human health and social work activities,357.0,15-24
CIV,2020,female,17,Services,Human health and social work activities,346.0,15-24
CIV,2020,female,18,Services,Human health and social work activities,336.0,15-24
CIV,2020,female,19,Services,Human health and social work activities,325.0,15-24
CIV,2020,female,20,Services,Human health and social work activities,313.0,15-24
CIV,2020,female,21,Services,Human health and social work activities,302.0,15-24
CIV,2020,female,22,Services,Human health and social work activities,292.0,15-24
CIV,2020,female,23,Services,Human health and social work activities,281.0,15-24
CIV,2020,female,24,Services,Human health and social work activities,271.0,15-24
CIV,2021,female,15,Services,Human health and social work activities,333.0,15-24
CIV,2021,female,16,Services,Human health and social work activities,324.0,15-24
CIV,2021,female,17,Services,Human health and social work activities,315.0,15-24
CIV,2021,female,18,Services,Human health and social work activities,306.0,15-24
CIV,2021,female,19,Services,Human health and social work activities,296.0,15-24
CIV,2021,female,20,Services,Human health and social work activities,287.0,15-24
CIV,2021,female,21,Services,Human health and social work activities,277.0,15-24
CIV,2021,female,22,Services,Human health and social work activities,268.0,15-24
CIV,2021,female,23,Services,Human health and social work activities,258.0,15-24
CIV,2021,female,24,Services,Human health and social work activities,249.0,15-24
CIV,2022,female,15,Services,Human health and social work activities,287.0,15-24
CIV,2022,female,16,Services,Human health and social work activities,280.0,15-24
CIV,2022,female,17,Services,Human health and social work activities,272.0,15-24
CIV,2022,female,18,Services,Human health and social work activities,264.0,15-24
CIV,2022,female,19,Services,Human health and social work activities,256.0,15-24
CIV,2022,female,20,Services,Human health and social work activities,249.0,15-24
CIV,2022,female,21,Services,Human health and social work activities,241.0,15-24
CIV,2022,female,22,Services,Human health and social work activities,233.0,15-24
CIV,2022,female,23,Services,Human health and social work activities,225.0,15-24
CIV,2022,female,24,Services,Human health and social work activities,216.0,15-24
CIV,2023,female,15,Services,Human health and social work activities,1104.0,15-24
CIV,2023,female,16,Services,Human health and social work activities,1076.0,15-24
CIV,2023,female,17,Services,Human health and social work activities,1047.0,15-24
CIV,2023,female,18,Services,Human health and social work activities,1018.0,15-24
CIV,2023,female,19,Services,Human health and social work activities,989.0,15-24
CIV,2023,female,20,Services,Human health and social work activities,960.0,15-24
CIV,2023,female,21,Services,Human health and social work activities,931.0,15-24
CIV,2023,female,22,Services,Human health and social work activities,901.0,15-24
CIV,2023,female,23,Services,Human health and social work activities,870.0,15-24
CIV,2023,female,24,Services,Human health and social work activities,839.0,15-24
CIV,2024,female,15,Services,Human health and social work activities,1249.0,15-24
CIV,2024,female,16,Services,Human health and social work activities,1217.0,15-24
CIV,2024,female,17,Services,Human health and social work activities,1186.0,15-24
CIV,2024,female,18,Services,Human health and social work activities,1154.0,15-24
CIV,2024,female,19,Services,Human health and social work activities,1123.0,15-24
CIV,2024,female,20,Services,Human health and social work activities,1091.0,15-24
CIV,2024,female,21,Services,Human health and social work activities,1059.0,15-24
CIV,2024,female,22,Services,Human health and social work activities,1026.0,15-24
CIV,2024,female,23,Services,Human health and social work activities,992.0,15-24
CIV,2024,female,24,Services,Human health and social work activities,957.0,15-24
CIV,2025,female,15,Services,Human health and social work activities,1292.0,15-24
CIV,2025,female,16,Services,Human health and social work activities,1261.0,15-24
CIV,2025,female,17,Services,Human health and social work activities,1229.0,15-24
CIV,2025,female,18,Services,Human health and social work activities,1197.0,15-24
CIV,2025,female,19,Services,Human health and social work activities,1166.0,15-24
CIV,2025,female,20,Services,Human health and social work activities,1133.0,15-24
CIV,2025,female,21,Services,Human health and social work activities,1101.0,15-24
CIV,2025,female,22,Services,Human health and social work activities,1067.0,15-24
CIV,2025,female,23,Services,Human health and social work activities,1033.0,15-24
CIV,2025,female,24,Services,Human health and social work activities,998.0,15-24
CIV,2015,female,15,Services,Information and communication,224.0,15-24
CIV,2015,female,16,Services,Information and communication,218.0,15-24
CIV,2015,female,17,Services,Information and communication,211.0,15-24
CIV,2015,female,18,Services,Information and communication,203.0,15-24
CIV,2015,female,19,Services,Information and communication,193.0,15-24
CIV,2015,female,20,Services,Information and communication,184.0,15-24
CIV,2015,female,21,Services,Information and communication,175.0,15-24
CIV,2015,female,22,Services,Information and communication,166.0,15-24
CIV,2015,female,23,Services,Information and communication,159.0,15-24
CIV,2015,female,24,Services,Information and communication,153.0,15-24
CIV,2016,female,15,Services,Information and communication,194.0,15-24
CIV,2016,female,16,Services,Information and communication,190.0,15-24
CIV,2016,female,17,Services,Information and communication,184.0,15-24
CIV,2016,female,18,Services,Information and communication,177.0,15-24
CIV,2016,female,19,Services,Information and communication,169.0,15-24
CIV,2016,female,20,Services,Information and communication,162.0,15-24
CIV,2016,female,21,Services,Information and communication,154.0,15-24
CIV,2016,female,22,Services,Information and communication,147.0,15-24
CIV,2016,female,23,Services,Information and communication,141.0,15-24
CIV,2016,female,24,Services,Information and communication,135.0,15-24
CIV,2017,female,15,Services,Information and communication,296.0,15-24
CIV,2017,female,16,Services,Information and communication,289.0,15-24
CIV,2017,female,17,Services,Information and communication,281.0,15-24
CIV,2017,female,18,Services,Information and communication,271.0,15-24
CIV,2017,female,19,Services,Information and communication,260.0,15-24
CIV,2017,female,20,Services,Information and communication,249.0,15-24
CIV,2017,female,21,Services,Information and communication,238.0,15-24
CIV,2017,female,22,Services,Information and communication,227.0,15-24
CIV,2017,female,23,Services,Information and communication,218.0,15-24
CIV,2017,female,24,Services,Information and communication,210.0,15-24
CIV,2018,female,15,Services,Information and communication,238.0,15-24
CIV,2018,female,16,Services,Information and communication,232.0,15-24
CIV,2018,female,17,Services,Information and communication,226.0,15-24
CIV,2018,female,18,Services,Information and communication,218.0,15-24
CIV,2018,female,19,Services,Information and communication,210.0,15-24
CIV,2018,female,20,Services,Information and communication,201.0,15-24
CIV,2018,female,21,Services,Information and communication,193.0,15-24
CIV,2018,female,22,Services,Information and communication,185.0,15-24
CIV,2018,female,23,Services,Information and communication,178.0,15-24
CIV,2018,female,24,Services,Information and communication,171.0,15-24
CIV,2019,female,15,Services,Information and communication,301.0,15-24
CIV,2019,female,16,Services,Information and communication,294.0,15-24
CIV,2019,female,17,Services,Information and communication,286.0,15-24
CIV,2019,female,18,Services,Information and communication,276.0,15-24
CIV,2019,female,19,Services,Information and communication,267.0,15-24
CIV,2019,female,20,Services,Information and communication,257.0,15-24
CIV,2019,female,21,Services,Information and communication,247.0,15-24
CIV,2019,female,22,Services,Information and communication,238.0,15-24
CIV,2019,female,23,Services,Information and communication,229.0,15-24
CIV,2019,female,24,Services,Information and communication,220.0,15-24
CIV,2020,female,15,Services,Information and communication,306.0,15-24
CIV,2020,female,16,Services,Information and communication,298.0,15-24
CIV,2020,female,17,Services,Information and communication,289.0,15-24
CIV,2020,female,18,Services,Information and communication,280.0,15-24
CIV,2020,female,19,Services,Information and communication,271.0,15-24
CIV,2020,female,20,Services,Information and communication,262.0,15-24
CIV,2020,female,21,Services,Information and communication,252.0,15-24
CIV,2020,female,22,Services,Information and communication,243.0,15-24
CIV,2020,female,23,Services,Information and communication,235.0,15-24
CIV,2020,female,24,Services,Information and communication,226.0,15-24
CIV,2021,female,15,Services,Information and communication,244.0,15-24
CIV,2021,female,16,Services,Information and communication,238.0,15-24
CIV,2021,female,17,Services,Information and communication,231.0,15-24
CIV,2021,female,18,Services,Information and communication,224.0,15-24
CIV,2021,female,19,Services,Information and communication,217.0,15-24
CIV,2021,female,20,Services,Information and communication,210.0,15-24
CIV,2021,female,21,Services,Information and communication,203.0,15-24
CIV,2021,female,22,Services,Information and communication,196.0,15-24
CIV,2021,female,23,Services,Information and communication,189.0,15-24
CIV,2021,female,24,Services,Information and communication,182.0,15-24
CIV,2022,female,15,Services,Information and communication,188.0,15-24
CIV,2022,female,16,Services,Information and communication,183.0,15-24
CIV,2022,female,17,Services,Information and communication,177.0,15-24
CIV,2022,female,18,Services,Information and communication,172.0,15-24
CIV,2022,female,19,Services,Information and communication,167.0,15-24
CIV,2022,female,20,Services,Information and communication,162.0,15-24
CIV,2022,female,21,Services,Information and communication,157.0,15-24
CIV,2022,female,22,Services,Information and communication,152.0,15-24
CIV,2022,female,23,Services,Information and communication,147.0,15-24
CIV,2022,female,24,Services,Information and communication,141.0,15-24
CIV,2023,female,15,Services,Information and communication,125.0,15-24
CIV,2023,female,16,Services,Information and communication,122.0,15-24
CIV,2023,female,17,Services,Information and communication,119.0,15-24
CIV,2023,female,18,Services,Information and communication,115.0,15-24
CIV,2023,female,19,Services,Information and communication,112.0,15-24
CIV,2023,female,20,Services,Information and communication,109.0,15-24
CIV,2023,female,21,Services,Information and communication,106.0,15-24
CIV,2023,female,22,Services,Information and communication,102.0,15-24
CIV,2023,female,23,Services,Information and communication,99.0,15-24
CIV,2023,female,24,Services,Information and communication,95.0,15-24
CIV,2024,female,15,Services,Information and communication,250.0,15-24
CIV,2024,female,16,Services,Information and communication,244.0,15-24
CIV,2024,female,17,Services,Information and communication,238.0,15-24
CIV,2024,female,18,Services,Information and communication,231.0,15-24
CIV,2024,female,19,Services,Information and communication,225.0,15-24
CIV,2024,female,20,Services,Information and communication,219.0,15-24
CIV,2024,female,21,Services,Information and communication,212.0,15-24
CIV,2024,female,22,Services,Information and communication,206.0,15-24
CIV,2024,female,23,Services,Information and communication,199.0,15-24
CIV,2024,female,24,Services,Information and communication,192.0,15-24
CIV,2025,female,15,Services,Information and communication,255.0,15-24
CIV,2025,female,16,Services,Information and communication,249.0,15-24
CIV,2025,female,17,Services,Information and communication,243.0,15-24
CIV,2025,female,18,Services,Information and communication,237.0,15-24
CIV,2025,female,19,Services,Information and communication,230.0,15-24
CIV,2025,female,20,Services,Information and communication,224.0,15-24
CIV,2025,female,21,Services,Information and communication,218.0,15-24
CIV,2025,female,22,Services,Information and communication,211.0,15-24
CIV,2025,female,23,Services,Information and communication,204.0,15-24
CIV,2025,female,24,Services,Information and communication,197.0,15-24
CIV,2015,female,15,Industry,Manufacturing,5762.0,15-24
CIV,2015,female,16,Industry,Manufacturing,5610.0,15-24
CIV,2015,female,17,Industry,Manufacturing,5431.0,15-24
CIV,2015,female,18,Industry,Manufacturing,5214.0,15-24
CIV,2015,female,19,Industry,Manufacturing,4974.0,15-24
CIV,2015,female,20,Industry,Manufacturing,4738.0,15-24
CIV,2015,female,21,Industry,Manufacturing,4499.0,15-24
CIV,2015,female,22,Industry,Manufacturing,4281.0,15-24
CIV,2015,female,23,Industry,Manufacturing,4102.0,15-24
CIV,2015,female,24,Industry,Manufacturing,3949.0,15-24
CIV,2016,female,15,Industry,Manufacturing,3755.0,15-24
CIV,2016,female,16,Industry,Manufacturing,3664.0,15-24
CIV,2016,female,17,Industry,Manufacturing,3556.0,15-24
CIV,2016,female,18,Industry,Manufacturing,3421.0,15-24
CIV,2016,female,19,Industry,Manufacturing,3271.0,15-24
CIV,2016,female,20,Industry,Manufacturing,3122.0,15-24
CIV,2016,female,21,Industry,Manufacturing,2972.0,15-24
CIV,2016,female,22,Industry,Manufacturing,2835.0,15-24
CIV,2016,female,23,Industry,Manufacturing,2718.0,15-24
CIV,2016,female,24,Industry,Manufacturing,2615.0,15-24
CIV,2017,female,15,Industry,Manufacturing,3590.0,15-24
CIV,2017,female,16,Industry,Manufacturing,3507.0,15-24
CIV,2017,female,17,Industry,Manufacturing,3409.0,15-24
CIV,2017,female,18,Industry,Manufacturing,3287.0,15-24
CIV,2017,female,19,Industry,Manufacturing,3150.0,15-24
CIV,2017,female,20,Industry,Manufacturing,3016.0,15-24
CIV,2017,female,21,Industry,Manufacturing,2881.0,15-24
CIV,2017,female,22,Industry,Manufacturing,2754.0,15-24
CIV,2017,female,23,Industry,Manufacturing,2644.0,15-24
CIV,2017,female,24,Industry,Manufacturing,2544.0,15-24
CIV,2018,female,15,Industry,Manufacturing,4546.0,15-24
CIV,2018,female,16,Industry,Manufacturing,4441.0,15-24
CIV,2018,female,17,Industry,Manufacturing,4319.0,15-24
CIV,2018,female,18,Industry,Manufacturing,4173.0,15-24
CIV,2018,female,19,Industry,Manufacturing,4011.0,15-24
CIV,2018,female,20,Industry,Manufacturing,3853.0,15-24
CIV,2018,female,21,Industry,Manufacturing,3693.0,15-24
CIV,2018,female,22,Industry,Manufacturing,3541.0,15-24
CIV,2018,female,23,Industry,Manufacturing,3404.0,15-24
CIV,2018,female,24,Industry,Manufacturing,3276.0,15-24
CIV,2019,female,15,Industry,Manufacturing,5788.0,15-24
CIV,2019,female,16,Industry,Manufacturing,5646.0,15-24
CIV,2019,female,17,Industry,Manufacturing,5490.0,15-24
CIV,2019,female,18,Industry,Manufacturing,5313.0,15-24
CIV,2019,female,19,Industry,Manufacturing,5123.0,15-24
CIV,2019,female,20,Industry,Manufacturing,4935.0,15-24
CIV,2019,female,21,Industry,Manufacturing,4747.0,15-24
CIV,2019,female,22,Industry,Manufacturing,4565.0,15-24
CIV,2019,female,23,Industry,Manufacturing,4395.0,15-24
CIV,2019,female,24,Industry,Manufacturing,4234.0,15-24
CIV,2020,female,15,Industry,Manufacturing,7206.0,15-24
CIV,2020,female,16,Industry,Manufacturing,7011.0,15-24
CIV,2020,female,17,Industry,Manufacturing,6808.0,15-24
CIV,2020,female,18,Industry,Manufacturing,6596.0,15-24
CIV,2020,female,19,Industry,Manufacturing,6378.0,15-24
CIV,2020,female,20,Industry,Manufacturing,6161.0,15-24
CIV,2020,female,21,Industry,Manufacturing,5942.0,15-24
CIV,2020,female,22,Industry,Manufacturing,5730.0,15-24
CIV,2020,female,23,Industry,Manufacturing,5528.0,15-24
CIV,2020,female,24,Industry,Manufacturing,5332.0,15-24
CIV,2021,female,15,Industry,Manufacturing,9104.0,15-24
CIV,2021,female,16,Industry,Manufacturing,8858.0,15-24
CIV,2021,female,17,Industry,Manufacturing,8607.0,15-24
CIV,2021,female,18,Industry,Manufacturing,8351.0,15-24
CIV,2021,female,19,Industry,Manufacturing,8092.0,15-24
CIV,2021,female,20,Industry,Manufacturing,7831.0,15-24
CIV,2021,female,21,Industry,Manufacturing,7571.0,15-24
CIV,2021,female,22,Industry,Manufacturing,7312.0,15-24
CIV,2021,female,23,Industry,Manufacturing,7054.0,15-24
CIV,2021,female,24,Industry,Manufacturing,6799.0,15-24
CIV,2022,female,15,Industry,Manufacturing,12208.0,15-24
CIV,2022,female,16,Industry,Manufacturing,11882.0,15-24
CIV,2022,female,17,Industry,Manufacturing,11554.0,15-24
CIV,2022,female,18,Industry,Manufacturing,11224.0,15-24
CIV,2022,female,19,Industry,Manufacturing,10893.0,15-24
CIV,2022,female,20,Industry,Manufacturing,10559.0,15-24
CIV,2022,female,21,Industry,Manufacturing,10226.0,15-24
CIV,2022,female,22,Industry,Manufacturing,9888.0,15-24
CIV,2022,female,23,Industry,Manufacturing,9544.0,15-24
CIV,2022,female,24,Industry,Manufacturing,9198.0,15-24
CIV,2023,female,15,Industry,Manufacturing,12131.0,15-24
CIV,2023,female,16,Industry,Manufacturing,11815.0,15-24
CIV,2023,female,17,Industry,Manufacturing,11498.0,15-24
CIV,2023,female,18,Industry,Manufacturing,11182.0,15-24
CIV,2023,female,19,Industry,Manufacturing,10865.0,15-24
CIV,2023,female,20,Industry,Manufacturing,10546.0,15-24
CIV,2023,female,21,Industry,Manufacturing,10226.0,15-24
CIV,2023,female,22,Industry,Manufacturing,9899.0,15-24
CIV,2023,female,23,Industry,Manufacturing,9562.0,15-24
CIV,2023,female,24,Industry,Manufacturing,9219.0,15-24
CIV,2024,female,15,Industry,Manufacturing,15122.0,15-24
CIV,2024,female,16,Industry,Manufacturing,14741.0,15-24
CIV,2024,female,17,Industry,Manufacturing,14358.0,15-24
CIV,2024,female,18,Industry,Manufacturing,13976.0,15-24
CIV,2024,female,19,Industry,Manufacturing,13594.0,15-24
CIV,2024,female,20,Industry,Manufacturing,13207.0,15-24
CIV,2024,female,21,Industry,Manufacturing,12820.0,15-24
CIV,2024,female,22,Industry,Manufacturing,12421.0,15-24
CIV,2024,female,23,Industry,Manufacturing,12009.0,15-24
CIV,2024,female,24,Industry,Manufacturing,11588.0,15-24
CIV,2025,female,15,Industry,Manufacturing,15726.0,15-24
CIV,2025,female,16,Industry,Manufacturing,15346.0,15-24
CIV,2025,female,17,Industry,Manufacturing,14961.0,15-24
CIV,2025,female,18,Industry,Manufacturing,14576.0,15-24
CIV,2025,female,19,Industry,Manufacturing,14188.0,15-24
CIV,2025,female,20,Industry,Manufacturing,13795.0,15-24
CIV,2025,female,21,Industry,Manufacturing,13400.0,15-24
CIV,2025,female,22,Industry,Manufacturing,12994.0,15-24
CIV,2025,female,23,Industry,Manufacturing,12576.0,15-24
CIV,2025,female,24,Industry,Manufacturing,12149.0,15-24
CIV,2015,female,15,Industry,Mining and quarrying,259.0,15-24
CIV,2015,female,16,Industry,Mining and quarrying,252.0,15-24
CIV,2015,female,17,Industry,Mining and quarrying,244.0,15-24
CIV,2015,female,18,Industry,Mining and quarrying,235.0,15-24
CIV,2015,female,19,Industry,Mining and quarrying,224.0,15-24
CIV,2015,female,20,Industry,Mining and quarrying,213.0,15-24
CIV,2015,female,21,Industry,Mining and quarrying,202.0,15-24
CIV,2015,female,22,Industry,Mining and quarrying,193.0,15-24
CIV,2015,female,23,Industry,Mining and quarrying,185.0,15-24
CIV,2015,female,24,Industry,Mining and quarrying,178.0,15-24
CIV,2016,female,15,Industry,Mining and quarrying,179.0,15-24
CIV,2016,female,16,Industry,Mining and quarrying,174.0,15-24
CIV,2016,female,17,Industry,Mining and quarrying,169.0,15-24
CIV,2016,female,18,Industry,Mining and quarrying,163.0,15-24
CIV,2016,female,19,Industry,Mining and quarrying,156.0,15-24
CIV,2016,female,20,Industry,Mining and quarrying,149.0,15-24
CIV,2016,female,21,Industry,Mining and quarrying,141.0,15-24
CIV,2016,female,22,Industry,Mining and quarrying,135.0,15-24
CIV,2016,female,23,Industry,Mining and quarrying,129.0,15-24
CIV,2016,female,24,Industry,Mining and quarrying,124.0,15-24
CIV,2017,female,15,Industry,Mining and quarrying,276.0,15-24
CIV,2017,female,16,Industry,Mining and quarrying,270.0,15-24
CIV,2017,female,17,Industry,Mining and quarrying,262.0,15-24
CIV,2017,female,18,Industry,Mining and quarrying,253.0,15-24
CIV,2017,female,19,Industry,Mining and quarrying,242.0,15-24
CIV,2017,female,20,Industry,Mining and quarrying,232.0,15-24
CIV,2017,female,21,Industry,Mining and quarrying,222.0,15-24
CIV,2017,female,22,Industry,Mining and quarrying,212.0,15-24
CIV,2017,female,23,Industry,Mining and quarrying,203.0,15-24
CIV,2017,female,24,Industry,Mining and quarrying,196.0,15-24
CIV,2018,female,15,Industry,Mining and quarrying,248.0,15-24
CIV,2018,female,16,Industry,Mining and quarrying,242.0,15-24
CIV,2018,female,17,Industry,Mining and quarrying,236.0,15-24
CIV,2018,female,18,Industry,Mining and quarrying,228.0,15-24
CIV,2018,female,19,Industry,Mining and quarrying,219.0,15-24
CIV,2018,female,20,Industry,Mining and quarrying,210.0,15-24
CIV,2018,female,21,Industry,Mining and quarrying,202.0,15-24
CIV,2018,female,22,Industry,Mining and quarrying,193.0,15-24
CIV,2018,female,23,Industry,Mining and quarrying,186.0,15-24
CIV,2018,female,24,Industry,Mining and quarrying,179.0,15-24
CIV,2019,female,15,Industry,Mining and quarrying,220.0,15-24
CIV,2019,female,16,Industry,Mining and quarrying,214.0,15-24
CIV,2019,female,17,Industry,Mining and quarrying,209.0,15-24
CIV,2019,female,18,Industry,Mining and quarrying,202.0,15-24
CIV,2019,female,19,Industry,Mining and quarrying,195.0,15-24
CIV,2019,female,20,Industry,Mining and quarrying,187.0,15-24
CIV,2019,female,21,Industry,Mining and quarrying,180.0,15-24
CIV,2019,female,22,Industry,Mining and quarrying,173.0,15-24
CIV,2019,female,23,Industry,Mining and quarrying,167.0,15-24
CIV,2019,female,24,Industry,Mining and quarrying,161.0,15-24
CIV,2020,female,15,Industry,Mining and quarrying,216.0,15-24
CIV,2020,female,16,Industry,Mining and quarrying,211.0,15-24
CIV,2020,female,17,Industry,Mining and quarrying,204.0,15-24
CIV,2020,female,18,Industry,Mining and quarrying,198.0,15-24
CIV,2020,female,19,Industry,Mining and quarrying,192.0,15-24
CIV,2020,female,20,Industry,Mining and quarrying,185.0,15-24
CIV,2020,female,21,Industry,Mining and quarrying,178.0,15-24
CIV,2020,female,22,Industry,Mining and quarrying,172.0,15-24
CIV,2020,female,23,Industry,Mining and quarrying,166.0,15-24
CIV,2020,female,24,Industry,Mining and quarrying,160.0,15-24
CIV,2021,female,15,Industry,Mining and quarrying,219.0,15-24
CIV,2021,female,16,Industry,Mining and quarrying,213.0,15-24
CIV,2021,female,17,Industry,Mining and quarrying,207.0,15-24
CIV,2021,female,18,Industry,Mining and quarrying,201.0,15-24
CIV,2021,female,19,Industry,Mining and quarrying,194.0,15-24
CIV,2021,female,20,Industry,Mining and quarrying,188.0,15-24
CIV,2021,female,21,Industry,Mining and quarrying,182.0,15-24
CIV,2021,female,22,Industry,Mining and quarrying,176.0,15-24
CIV,2021,female,23,Industry,Mining and quarrying,169.0,15-24
CIV,2021,female,24,Industry,Mining and quarrying,163.0,15-24
CIV,2022,female,15,Industry,Mining and quarrying,227.0,15-24
CIV,2022,female,16,Industry,Mining and quarrying,221.0,15-24
CIV,2022,female,17,Industry,Mining and quarrying,215.0,15-24
CIV,2022,female,18,Industry,Mining and quarrying,209.0,15-24
CIV,2022,female,19,Industry,Mining and quarrying,202.0,15-24
CIV,2022,female,20,Industry,Mining and quarrying,196.0,15-24
CIV,2022,female,21,Industry,Mining and quarrying,190.0,15-24
CIV,2022,female,22,Industry,Mining and quarrying,184.0,15-24
CIV,2022,female,23,Industry,Mining and quarrying,177.0,15-24
CIV,2022,female,24,Industry,Mining and quarrying,171.0,15-24
CIV,2023,female,15,Industry,Mining and quarrying,185.0,15-24
CIV,2023,female,16,Industry,Mining and quarrying,180.0,15-24
CIV,2023,female,17,Industry,Mining and quarrying,175.0,15-24
CIV,2023,female,18,Industry,Mining and quarrying,171.0,15-24
CIV,2023,female,19,Industry,Mining and quarrying,166.0,15-24
CIV,2023,female,20,Industry,Mining and quarrying,161.0,15-24
CIV,2023,female,21,Industry,Mining and quarrying,156.0,15-24
CIV,2023,female,22,Industry,Mining and quarrying,151.0,15-24
CIV,2023,female,23,Industry,Mining and quarrying,146.0,15-24
CIV,2023,female,24,Industry,Mining and quarrying,141.0,15-24
CIV,2024,female,15,Industry,Mining and quarrying,97.0,15-24
CIV,2024,female,16,Industry,Mining and quarrying,94.0,15-24
CIV,2024,female,17,Industry,Mining and quarrying,92.0,15-24
CIV,2024,female,18,Industry,Mining and quarrying,89.0,15-24
CIV,2024,female,19,Industry,Mining and quarrying,87.0,15-24
CIV,2024,female,20,Industry,Mining and quarrying,85.0,15-24
CIV,2024,female,21,Industry,Mining and quarrying,82.0,15-24
CIV,2024,female,22,Industry,Mining and quarrying,79.0,15-24
CIV,2024,female,23,Industry,Mining and quarrying,77.0,15-24
CIV,2024,female,24,Industry,Mining and quarrying,74.0,15-24
CIV,2025,female,15,Industry,Mining and quarrying,99.0,15-24
CIV,2025,female,16,Industry,Mining and quarrying,96.0,15-24
CIV,2025,female,17,Industry,Mining and quarrying,94.0,15-24
CIV,2025,female,18,Industry,Mining and quarrying,91.0,15-24
CIV,2025,female,19,Industry,Mining and quarrying,89.0,15-24
CIV,2025,female,20,Industry,Mining and quarrying,87.0,15-24
CIV,2025,female,21,Industry,Mining and quarrying,84.0,15-24
CIV,2025,female,22,Industry,Mining and quarrying,82.0,15-24
CIV,2025,female,23,Industry,Mining and quarrying,79.0,15-24
CIV,2025,female,24,Industry,Mining and quarrying,76.0,15-24
CIV,2015,female,15,Services,Other service activities,5679.0,15-24
CIV,2015,female,16,Services,Other service activities,5529.0,15-24
CIV,2015,female,17,Services,Other service activities,5352.0,15-24
CIV,2015,female,18,Services,Other service activities,5139.0,15-24
CIV,2015,female,19,Services,Other service activities,4903.0,15-24
CIV,2015,female,20,Services,Other service activities,4670.0,15-24
CIV,2015,female,21,Services,Other service activities,4434.0,15-24
CIV,2015,female,22,Services,Other service activities,4220.0,15-24
CIV,2015,female,23,Services,Other service activities,4043.0,15-24
CIV,2015,female,24,Services,Other service activities,3892.0,15-24
CIV,2016,female,15,Services,Other service activities,5098.0,15-24
CIV,2016,female,16,Services,Other service activities,4975.0,15-24
CIV,2016,female,17,Services,Other service activities,4827.0,15-24
CIV,2016,female,18,Services,Other service activities,4644.0,15-24
CIV,2016,female,19,Services,Other service activities,4440.0,15-24
CIV,2016,female,20,Services,Other service activities,4239.0,15-24
CIV,2016,female,21,Services,Other service activities,4035.0,15-24
CIV,2016,female,22,Services,Other service activities,3848.0,15-24
CIV,2016,female,23,Services,Other service activities,3689.0,15-24
CIV,2016,female,24,Services,Other service activities,3550.0,15-24
CIV,2017,female,15,Services,Other service activities,5773.0,15-24
CIV,2017,female,16,Services,Other service activities,5640.0,15-24
CIV,2017,female,17,Services,Other service activities,5481.0,15-24
CIV,2017,female,18,Services,Other service activities,5285.0,15-24
CIV,2017,female,19,Services,Other service activities,5066.0,15-24
CIV,2017,female,20,Services,Other service activities,4850.0,15-24
CIV,2017,female,21,Services,Other service activities,4633.0,15-24
CIV,2017,female,22,Services,Other service activities,4429.0,15-24
CIV,2017,female,23,Services,Other service activities,4251.0,15-24
CIV,2017,female,24,Services,Other service activities,4091.0,15-24
CIV,2018,female,15,Services,Other service activities,6241.0,15-24
CIV,2018,female,16,Services,Other service activities,6096.0,15-24
CIV,2018,female,17,Services,Other service activities,5929.0,15-24
CIV,2018,female,18,Services,Other service activities,5728.0,15-24
CIV,2018,female,19,Services,Other service activities,5507.0,15-24
CIV,2018,female,20,Services,Other service activities,5289.0,15-24
CIV,2018,female,21,Services,Other service activities,5070.0,15-24
CIV,2018,female,22,Services,Other service activities,4861.0,15-24
CIV,2018,female,23,Services,Other service activities,4672.0,15-24
CIV,2018,female,24,Services,Other service activities,4497.0,15-24
CIV,2019,female,15,Services,Other service activities,5821.0,15-24
CIV,2019,female,16,Services,Other service activities,5679.0,15-24
CIV,2019,female,17,Services,Other service activities,5522.0,15-24
CIV,2019,female,18,Services,Other service activities,5344.0,15-24
CIV,2019,female,19,Services,Other service activities,5153.0,15-24
CIV,2019,female,20,Services,Other service activities,4964.0,15-24
CIV,2019,female,21,Services,Other service activities,4774.0,15-24
CIV,2019,female,22,Services,Other service activities,4592.0,15-24
CIV,2019,female,23,Services,Other service activities,4421.0,15-24
CIV,2019,female,24,Services,Other service activities,4258.0,15-24
CIV,2020,female,15,Services,Other service activities,5824.0,15-24
CIV,2020,female,16,Services,Other service activities,5666.0,15-24
CIV,2020,female,17,Services,Other service activities,5502.0,15-24
CIV,2020,female,18,Services,Other service activities,5331.0,15-24
CIV,2020,female,19,Services,Other service activities,5154.0,15-24
CIV,2020,female,20,Services,Other service activities,4979.0,15-24
CIV,2020,female,21,Services,Other service activities,4802.0,15-24
CIV,2020,female,22,Services,Other service activities,4631.0,15-24
CIV,2020,female,23,Services,Other service activities,4467.0,15-24
CIV,2020,female,24,Services,Other service activities,4309.0,15-24
CIV,2021,female,15,Services,Other service activities,6284.0,15-24
CIV,2021,female,16,Services,Other service activities,6114.0,15-24
CIV,2021,female,17,Services,Other service activities,5941.0,15-24
CIV,2021,female,18,Services,Other service activities,5764.0,15-24
CIV,2021,female,19,Services,Other service activities,5585.0,15-24
CIV,2021,female,20,Services,Other service activities,5405.0,15-24
CIV,2021,female,21,Services,Other service activities,5225.0,15-24
CIV,2021,female,22,Services,Other service activities,5046.0,15-24
CIV,2021,female,23,Services,Other service activities,4869.0,15-24
CIV,2021,female,24,Services,Other service activities,4693.0,15-24
CIV,2022,female,15,Services,Other service activities,10391.0,15-24
CIV,2022,female,16,Services,Other service activities,10114.0,15-24
CIV,2022,female,17,Services,Other service activities,9834.0,15-24
CIV,2022,female,18,Services,Other service activities,9554.0,15-24
CIV,2022,female,19,Services,Other service activities,9272.0,15-24
CIV,2022,female,20,Services,Other service activities,8988.0,15-24
CIV,2022,female,21,Services,Other service activities,8704.0,15-24
CIV,2022,female,22,Services,Other service activities,8417.0,15-24
CIV,2022,female,23,Services,Other service activities,8124.0,15-24
CIV,2022,female,24,Services,Other service activities,7829.0,15-24
CIV,2023,female,15,Services,Other service activities,7210.0,15-24
CIV,2023,female,16,Services,Other service activities,7023.0,15-24
CIV,2023,female,17,Services,Other service activities,6834.0,15-24
CIV,2023,female,18,Services,Other service activities,6646.0,15-24
CIV,2023,female,19,Services,Other service activities,6458.0,15-24
CIV,2023,female,20,Services,Other service activities,6268.0,15-24
CIV,2023,female,21,Services,Other service activities,6078.0,15-24
CIV,2023,female,22,Services,Other service activities,5884.0,15-24
CIV,2023,female,23,Services,Other service activities,5683.0,15-24
CIV,2023,female,24,Services,Other service activities,5480.0,15-24
CIV,2024,female,15,Services,Other service activities,7044.0,15-24
CIV,2024,female,16,Services,Other service activities,6867.0,15-24
CIV,2024,female,17,Services,Other service activities,6688.0,15-24
CIV,2024,female,18,Services,Other service activities,6511.0,15-24
CIV,2024,female,19,Services,Other service activities,6333.0,15-24
CIV,2024,female,20,Services,Other service activities,6152.0,15-24
CIV,2024,female,21,Services,Other service activities,5972.0,15-24
CIV,2024,female,22,Services,Other service activities,5786.0,15-24
CIV,2024,female,23,Services,Other service activities,5594.0,15-24
CIV,2024,female,24,Services,Other service activities,5398.0,15-24
CIV,2025,female,15,Services,Other service activities,7256.0,15-24
CIV,2025,female,16,Services,Other service activities,7081.0,15-24
CIV,2025,female,17,Services,Other service activities,6904.0,15-24
CIV,2025,female,18,Services,Other service activities,6726.0,15-24
CIV,2025,female,19,Services,Other service activities,6547.0,15-24
CIV,2025,female,20,Services,Other service activities,6365.0,15-24
CIV,2025,female,21,Services,Other service activities,6183.0,15-24
CIV,2025,female,22,Services,Other service activities,5996.0,15-24
CIV,2025,female,23,Services,Other service activities,5803.0,15-24
CIV,2025,female,24,Services,Other service activities,5606.0,15-24
CIV,2015,female,15,Services,"Professional, scientific and technical activities",348.0,15-24
CIV,2015,female,16,Services,"Professional, scientific and technical activities",339.0,15-24
CIV,2015,female,17,Services,"Professional, scientific and technical activities",328.0,15-24
CIV,2015,female,18,Services,"Professional, scientific and technical activities",315.0,15-24
CIV,2015,female,19,Services,"Professional, scientific and technical activities",300.0,15-24
CIV,2015,female,20,Services,"Professional, scientific and technical activities",286.0,15-24
CIV,2015,female,21,Services,"Professional, scientific and technical activities",271.0,15-24
CIV,2015,female,22,Services,"Professional, scientific and technical activities",258.0,15-24
CIV,2015,female,23,Services,"Professional, scientific and technical activities",248.0,15-24
CIV,2015,female,24,Services,"Professional, scientific and technical activities",238.0,15-24
CIV,2016,female,15,Services,"Professional, scientific and technical activities",217.0,15-24
CIV,2016,female,16,Services,"Professional, scientific and technical activities",212.0,15-24
CIV,2016,female,17,Services,"Professional, scientific and technical activities",206.0,15-24
CIV,2016,female,18,Services,"Professional, scientific and technical activities",198.0,15-24
CIV,2016,female,19,Services,"Professional, scientific and technical activities",189.0,15-24
CIV,2016,female,20,Services,"Professional, scientific and technical activities",181.0,15-24
CIV,2016,female,21,Services,"Professional, scientific and technical activities",172.0,15-24
CIV,2016,female,22,Services,"Professional, scientific and technical activities",164.0,15-24
CIV,2016,female,23,Services,"Professional, scientific and technical activities",157.0,15-24
CIV,2016,female,24,Services,"Professional, scientific and technical activities",151.0,15-24
CIV,2017,female,15,Services,"Professional, scientific and technical activities",129.0,15-24
CIV,2017,female,16,Services,"Professional, scientific and technical activities",126.0,15-24
CIV,2017,female,17,Services,"Professional, scientific and technical activities",122.0,15-24
CIV,2017,female,18,Services,"Professional, scientific and technical activities",118.0,15-24
CIV,2017,female,19,Services,"Professional, scientific and technical activities",113.0,15-24
CIV,2017,female,20,Services,"Professional, scientific and technical activities",108.0,15-24
CIV,2017,female,21,Services,"Professional, scientific and technical activities",103.0,15-24
CIV,2017,female,22,Services,"Professional, scientific and technical activities",99.0,15-24
CIV,2017,female,23,Services,"Professional, scientific and technical activities",95.0,15-24
CIV,2017,female,24,Services,"Professional, scientific and technical activities",91.0,15-24
CIV,2018,female,15,Services,"Professional, scientific and technical activities",150.0,15-24
CIV,2018,female,16,Services,"Professional, scientific and technical activities",146.0,15-24
CIV,2018,female,17,Services,"Professional, scientific and technical activities",142.0,15-24
CIV,2018,female,18,Services,"Professional, scientific and technical activities",138.0,15-24
CIV,2018,female,19,Services,"Professional, scientific and technical activities",132.0,15-24
CIV,2018,female,20,Services,"Professional, scientific and technical activities",127.0,15-24
CIV,2018,female,21,Services,"Professional, scientific and technical activities",122.0,15-24
CIV,2018,female,22,Services,"Professional, scientific and technical activities",117.0,15-24
CIV,2018,female,23,Services,"Professional, scientific and technical activities",112.0,15-24
CIV,2018,female,24,Services,"Professional, scientific and technical activities",108.0,15-24
CIV,2019,female,15,Services,"Professional, scientific and technical activities",150.0,15-24
CIV,2019,female,16,Services,"Professional, scientific and technical activities",146.0,15-24
CIV,2019,female,17,Services,"Professional, scientific and technical activities",142.0,15-24
CIV,2019,female,18,Services,"Professional, scientific and technical activities",138.0,15-24
CIV,2019,female,19,Services,"Professional, scientific and technical activities",133.0,15-24
CIV,2019,female,20,Services,"Professional, scientific and technical activities",128.0,15-24
CIV,2019,female,21,Services,"Professional, scientific and technical activities",123.0,15-24
CIV,2019,female,22,Services,"Professional, scientific and technical activities",118.0,15-24
CIV,2019,female,23,Services,"Professional, scientific and technical activities",114.0,15-24
CIV,2019,female,24,Services,"Professional, scientific and technical activities",110.0,15-24
CIV,2020,female,15,Services,"Professional, scientific and technical activities",143.0,15-24
CIV,2020,female,16,Services,"Professional, scientific and technical activities",139.0,15-24
CIV,2020,female,17,Services,"Professional, scientific and technical activities",135.0,15-24
CIV,2020,female,18,Services,"Professional, scientific and technical activities",131.0,15-24
CIV,2020,female,19,Services,"Professional, scientific and technical activities",126.0,15-24
CIV,2020,female,20,Services,"Professional, scientific and technical activities",122.0,15-24
CIV,2020,female,21,Services,"Professional, scientific and technical activities",118.0,15-24
CIV,2020,female,22,Services,"Professional, scientific and technical activities",114.0,15-24
CIV,2020,female,23,Services,"Professional, scientific and technical activities",110.0,15-24
CIV,2020,female,24,Services,"Professional, scientific and technical activities",106.0,15-24
CIV,2021,female,15,Services,"Professional, scientific and technical activities",110.0,15-24
CIV,2021,female,16,Services,"Professional, scientific and technical activities",107.0,15-24
CIV,2021,female,17,Services,"Professional, scientific and technical activities",104.0,15-24
CIV,2021,female,18,Services,"Professional, scientific and technical activities",101.0,15-24
CIV,2021,female,19,Services,"Professional, scientific and technical activities",97.0,15-24
CIV,2021,female,20,Services,"Professional, scientific and technical activities",94.0,15-24
CIV,2021,female,21,Services,"Professional, scientific and technical activities",91.0,15-24
CIV,2021,female,22,Services,"Professional, scientific and technical activities",88.0,15-24
CIV,2021,female,23,Services,"Professional, scientific and technical activities",85.0,15-24
CIV,2021,female,24,Services,"Professional, scientific and technical activities",82.0,15-24
CIV,2022,female,15,Services,"Professional, scientific and technical activities",129.0,15-24
CIV,2022,female,16,Services,"Professional, scientific and technical activities",125.0,15-24
CIV,2022,female,17,Services,"Professional, scientific and technical activities",122.0,15-24
CIV,2022,female,18,Services,"Professional, scientific and technical activities",118.0,15-24
CIV,2022,female,19,Services,"Professional, scientific and technical activities",115.0,15-24
CIV,2022,female,20,Services,"Professional, scientific and technical activities",111.0,15-24
CIV,2022,female,21,Services,"Professional, scientific and technical activities",108.0,15-24
CIV,2022,female,22,Services,"Professional, scientific and technical activities",104.0,15-24
CIV,2022,female,23,Services,"Professional, scientific and technical activities",101.0,15-24
CIV,2022,female,24,Services,"Professional, scientific and technical activities",97.0,15-24
CIV,2023,female,15,Services,"Professional, scientific and technical activities",76.0,15-24
CIV,2023,female,16,Services,"Professional, scientific and technical activities",74.0,15-24
CIV,2023,female,17,Services,"Professional, scientific and technical activities",72.0,15-24
CIV,2023,female,18,Services,"Professional, scientific and technical activities",70.0,15-24
CIV,2023,female,19,Services,"Professional, scientific and technical activities",68.0,15-24
CIV,2023,female,20,Services,"Professional, scientific and technical activities",66.0,15-24
CIV,2023,female,21,Services,"Professional, scientific and technical activities",64.0,15-24
CIV,2023,female,22,Services,"Professional, scientific and technical activities",62.0,15-24
CIV,2023,female,23,Services,"Professional, scientific and technical activities",60.0,15-24
CIV,2023,female,24,Services,"Professional, scientific and technical activities",57.0,15-24
CIV,2024,female,15,Services,"Professional, scientific and technical activities",118.0,15-24
CIV,2024,female,16,Services,"Professional, scientific and technical activities",115.0,15-24
CIV,2024,female,17,Services,"Professional, scientific and technical activities",112.0,15-24
CIV,2024,female,18,Services,"Professional, scientific and technical activities",109.0,15-24
CIV,2024,female,19,Services,"Professional, scientific and technical activities",106.0,15-24
CIV,2024,female,20,Services,"Professional, scientific and technical activities",103.0,15-24
CIV,2024,female,21,Services,"Professional, scientific and technical activities",100.0,15-24
CIV,2024,female,22,Services,"Professional, scientific and technical activities",97.0,15-24
CIV,2024,female,23,Services,"Professional, scientific and technical activities",94.0,15-24
CIV,2024,female,24,Services,"Professional, scientific and technical activities",91.0,15-24
CIV,2025,female,15,Services,"Professional, scientific and technical activities",122.0,15-24
CIV,2025,female,16,Services,"Professional, scientific and technical activities",119.0,15-24
CIV,2025,female,17,Services,"Professional, scientific and technical activities",116.0,15-24
CIV,2025,female,18,Services,"Professional, scientific and technical activities",113.0,15-24
CIV,2025,female,19,Services,"Professional, scientific and technical activities",110.0,15-24
CIV,2025,female,20,Services,"Professional, scientific and technical activities",107.0,15-24
CIV,2025,female,21,Services,"Professional, scientific and technical activities",104.0,15-24
CIV,2025,female,22,Services,"Professional, scientific and technical activities",101.0,15-24
CIV,2025,female,23,Services,"Professional, scientific and technical activities",98.0,15-24
CIV,2025,female,24,Services,"Professional, scientific and technical activities",94.0,15-24
CIV,2015,female,15,Services,Public administration and defence; compulsory social security,416.0,15-24
CIV,2015,female,16,Services,Public administration and defence; compulsory social security,405.0,15-24
CIV,2015,female,17,Services,Public administration and defence; compulsory social security,392.0,15-24
CIV,2015,female,18,Services,Public administration and defence; compulsory social security,377.0,15-24
CIV,2015,female,19,Services,Public administration and defence; compulsory social security,359.0,15-24
CIV,2015,female,20,Services,Public administration and defence; compulsory social security,342.0,15-24
CIV,2015,female,21,Services,Public administration and defence; compulsory social security,325.0,15-24
CIV,2015,female,22,Services,Public administration and defence; compulsory social security,309.0,15-24
CIV,2015,female,23,Services,Public administration and defence; compulsory social security,296.0,15-24
CIV,2015,female,24,Services,Public administration and defence; compulsory social security,285.0,15-24
CIV,2016,female,15,Services,Public administration and defence; compulsory social security,368.0,15-24
CIV,2016,female,16,Services,Public administration and defence; compulsory social security,359.0,15-24
CIV,2016,female,17,Services,Public administration and defence; compulsory social security,348.0,15-24
CIV,2016,female,18,Services,Public administration and defence; compulsory social security,335.0,15-24
CIV,2016,female,19,Services,Public administration and defence; compulsory social security,320.0,15-24
CIV,2016,female,20,Services,Public administration and defence; compulsory social security,306.0,15-24
CIV,2016,female,21,Services,Public administration and defence; compulsory social security,291.0,15-24
CIV,2016,female,22,Services,Public administration and defence; compulsory social security,277.0,15-24
CIV,2016,female,23,Services,Public administration and defence; compulsory social security,266.0,15-24
CIV,2016,female,24,Services,Public administration and defence; compulsory social security,256.0,15-24
CIV,2017,female,15,Services,Public administration and defence; compulsory social security,225.0,15-24
CIV,2017,female,16,Services,Public administration and defence; compulsory social security,220.0,15-24
CIV,2017,female,17,Services,Public administration and defence; compulsory social security,214.0,15-24
CIV,2017,female,18,Services,Public administration and defence; compulsory social security,206.0,15-24
CIV,2017,female,19,Services,Public administration and defence; compulsory social security,197.0,15-24
CIV,2017,female,20,Services,Public administration and defence; compulsory social security,189.0,15-24
CIV,2017,female,21,Services,Public administration and defence; compulsory social security,181.0,15-24
CIV,2017,female,22,Services,Public administration and defence; compulsory social security,173.0,15-24
CIV,2017,female,23,Services,Public administration and defence; compulsory social security,166.0,15-24
CIV,2017,female,24,Services,Public administration and defence; compulsory social security,159.0,15-24
CIV,2018,female,15,Services,Public administration and defence; compulsory social security,187.0,15-24
CIV,2018,female,16,Services,Public administration and defence; compulsory social security,182.0,15-24
CIV,2018,female,17,Services,Public administration and defence; compulsory social security,177.0,15-24
CIV,2018,female,18,Services,Public administration and defence; compulsory social security,171.0,15-24
CIV,2018,female,19,Services,Public administration and defence; compulsory social security,165.0,15-24
CIV,2018,female,20,Services,Public administration and defence; compulsory social security,158.0,15-24
CIV,2018,female,21,Services,Public administration and defence; compulsory social security,152.0,15-24
CIV,2018,female,22,Services,Public administration and defence; compulsory social security,145.0,15-24
CIV,2018,female,23,Services,Public administration and defence; compulsory social security,140.0,15-24
CIV,2018,female,24,Services,Public administration and defence; compulsory social security,134.0,15-24
CIV,2019,female,15,Services,Public administration and defence; compulsory social security,137.0,15-24
CIV,2019,female,16,Services,Public administration and defence; compulsory social security,134.0,15-24
CIV,2019,female,17,Services,Public administration and defence; compulsory social security,130.0,15-24
CIV,2019,female,18,Services,Public administration and defence; compulsory social security,126.0,15-24
CIV,2019,female,19,Services,Public administration and defence; compulsory social security,121.0,15-24
CIV,2019,female,20,Services,Public administration and defence; compulsory social security,117.0,15-24
CIV,2019,female,21,Services,Public administration and defence; compulsory social security,112.0,15-24
CIV,2019,female,22,Services,Public administration and defence; compulsory social security,108.0,15-24
CIV,2019,female,23,Services,Public administration and defence; compulsory social security,104.0,15-24
CIV,2019,female,24,Services,Public administration and defence; compulsory social security,100.0,15-24
CIV,2020,female,15,Services,Public administration and defence; compulsory social security,150.0,15-24
CIV,2020,female,16,Services,Public administration and defence; compulsory social security,146.0,15-24
CIV,2020,female,17,Services,Public administration and defence; compulsory social security,142.0,15-24
CIV,2020,female,18,Services,Public administration and defence; compulsory social security,137.0,15-24
CIV,2020,female,19,Services,Public administration and defence; compulsory social security,133.0,15-24
CIV,2020,female,20,Services,Public administration and defence; compulsory social security,128.0,15-24
CIV,2020,female,21,Services,Public administration and defence; compulsory social security,124.0,15-24
CIV,2020,female,22,Services,Public administration and defence; compulsory social security,119.0,15-24
CIV,2020,female,23,Services,Public administration and defence; compulsory social security,115.0,15-24
CIV,2020,female,24,Services,Public administration and defence; compulsory social security,111.0,15-24
CIV,2021,female,15,Services,Public administration and defence; compulsory social security,148.0,15-24
CIV,2021,female,16,Services,Public administration and defence; compulsory social security,144.0,15-24
CIV,2021,female,17,Services,Public administration and defence; compulsory social security,140.0,15-24
CIV,2021,female,18,Services,Public administration and defence; compulsory social security,136.0,15-24
CIV,2021,female,19,Services,Public administration and defence; compulsory social security,131.0,15-24
CIV,2021,female,20,Services,Public administration and defence; compulsory social security,127.0,15-24
CIV,2021,female,21,Services,Public administration and defence; compulsory social security,123.0,15-24
CIV,2021,female,22,Services,Public administration and defence; compulsory social security,119.0,15-24
CIV,2021,female,23,Services,Public administration and defence; compulsory social security,115.0,15-24
CIV,2021,female,24,Services,Public administration and defence; compulsory social security,110.0,15-24
CIV,2022,female,15,Services,Public administration and defence; compulsory social security,190.0,15-24
CIV,2022,female,16,Services,Public administration and defence; compulsory social security,185.0,15-24
CIV,2022,female,17,Services,Public administration and defence; compulsory social security,180.0,15-24
CIV,2022,female,18,Services,Public administration and defence; compulsory social security,174.0,15-24
CIV,2022,female,19,Services,Public administration and defence; compulsory social security,169.0,15-24
CIV,2022,female,20,Services,Public administration and defence; compulsory social security,164.0,15-24
CIV,2022,female,21,Services,Public administration and defence; compulsory social security,159.0,15-24
CIV,2022,female,22,Services,Public administration and defence; compulsory social security,154.0,15-24
CIV,2022,female,23,Services,Public administration and defence; compulsory social security,148.0,15-24
CIV,2022,female,24,Services,Public administration and defence; compulsory social security,143.0,15-24
CIV,2023,female,15,Services,Public administration and defence; compulsory social security,175.0,15-24
CIV,2023,female,16,Services,Public administration and defence; compulsory social security,171.0,15-24
CIV,2023,female,17,Services,Public administration and defence; compulsory social security,166.0,15-24
CIV,2023,female,18,Services,Public administration and defence; compulsory social security,161.0,15-24
CIV,2023,female,19,Services,Public administration and defence; compulsory social security,157.0,15-24
CIV,2023,female,20,Services,Public administration and defence; compulsory social security,152.0,15-24
CIV,2023,female,21,Services,Public administration and defence; compulsory social security,148.0,15-24
CIV,2023,female,22,Services,Public administration and defence; compulsory social security,143.0,15-24
CIV,2023,female,23,Services,Public administration and defence; compulsory social security,138.0,15-24
CIV,2023,female,24,Services,Public administration and defence; compulsory social security,133.0,15-24
CIV,2024,female,15,Services,Public administration and defence; compulsory social security,320.0,15-24
CIV,2024,female,16,Services,Public administration and defence; compulsory social security,312.0,15-24
CIV,2024,female,17,Services,Public administration and defence; compulsory social security,303.0,15-24
CIV,2024,female,18,Services,Public administration and defence; compulsory social security,295.0,15-24
CIV,2024,female,19,Services,Public administration and defence; compulsory social security,287.0,15-24
CIV,2024,female,20,Services,Public administration and defence; compulsory social security,279.0,15-24
CIV,2024,female,21,Services,Public administration and defence; compulsory social security,271.0,15-24
CIV,2024,female,22,Services,Public administration and defence; compulsory social security,262.0,15-24
CIV,2024,female,23,Services,Public administration and defence; compulsory social security,254.0,15-24
CIV,2024,female,24,Services,Public administration and defence; compulsory social security,245.0,15-24
CIV,2025,female,15,Services,Public administration and defence; compulsory social security,326.0,15-24
CIV,2025,female,16,Services,Public administration and defence; compulsory social security,319.0,15-24
CIV,2025,female,17,Services,Public administration and defence; compulsory social security,311.0,15-24
CIV,2025,female,18,Services,Public administration and defence; compulsory social security,303.0,15-24
CIV,2025,female,19,Services,Public administration and defence; compulsory social security,295.0,15-24
CIV,2025,female,20,Services,Public administration and defence; compulsory social security,286.0,15-24
CIV,2025,female,21,Services,Public administration and defence; compulsory social security,278.0,15-24
CIV,2025,female,22,Services,Public administration and defence; compulsory social security,270.0,15-24
CIV,2025,female,23,Services,Public administration and defence; compulsory social security,261.0,15-24
CIV,2025,female,24,Services,Public administration and defence; compulsory social security,252.0,15-24
CIV,2015,female,15,Services,Real estate activities,548.0,15-24
CIV,2015,female,16,Services,Real estate activities,534.0,15-24
CIV,2015,female,17,Services,Real estate activities,517.0,15-24
CIV,2015,female,18,Services,Real estate activities,496.0,15-24
CIV,2015,female,19,Services,Real estate activities,473.0,15-24
CIV,2015,female,20,Services,Real estate activities,451.0,15-24
CIV,2015,female,21,Services,Real estate activities,428.0,15-24
CIV,2015,female,22,Services,Real estate activities,407.0,15-24
CIV,2015,female,23,Services,Real estate activities,390.0,15-24
CIV,2015,female,24,Services,Real estate activities,376.0,15-24
CIV,2016,female,15,Services,Real estate activities,697.0,15-24
CIV,2016,female,16,Services,Real estate activities,680.0,15-24
CIV,2016,female,17,Services,Real estate activities,660.0,15-24
CIV,2016,female,18,Services,Real estate activities,635.0,15-24
CIV,2016,female,19,Services,Real estate activities,607.0,15-24
CIV,2016,female,20,Services,Real estate activities,579.0,15-24
CIV,2016,female,21,Services,Real estate activities,552.0,15-24
CIV,2016,female,22,Services,Real estate activities,526.0,15-24
CIV,2016,female,23,Services,Real estate activities,504.0,15-24
CIV,2016,female,24,Services,Real estate activities,485.0,15-24
CIV,2017,female,15,Services,Real estate activities,431.0,15-24
CIV,2017,female,16,Services,Real estate activities,421.0,15-24
CIV,2017,female,17,Services,Real estate activities,409.0,15-24
CIV,2017,female,18,Services,Real estate activities,395.0,15-24
CIV,2017,female,19,Services,Real estate activities,378.0,15-24
CIV,2017,female,20,Services,Real estate activities,362.0,15-24
CIV,2017,female,21,Services,Real estate activities,346.0,15-24
CIV,2017,female,22,Services,Real estate activities,331.0,15-24
CIV,2017,female,23,Services,Real estate activities,317.0,15-24
CIV,2017,female,24,Services,Real estate activities,305.0,15-24
CIV,2018,female,15,Services,Real estate activities,717.0,15-24
CIV,2018,female,16,Services,Real estate activities,700.0,15-24
CIV,2018,female,17,Services,Real estate activities,681.0,15-24
CIV,2018,female,18,Services,Real estate activities,658.0,15-24
CIV,2018,female,19,Services,Real estate activities,632.0,15-24
CIV,2018,female,20,Services,Real estate activities,607.0,15-24
CIV,2018,female,21,Services,Real estate activities,582.0,15-24
CIV,2018,female,22,Services,Real estate activities,558.0,15-24
CIV,2018,female,23,Services,Real estate activities,537.0,15-24
CIV,2018,female,24,Services,Real estate activities,516.0,15-24
CIV,2019,female,15,Services,Real estate activities,538.0,15-24
CIV,2019,female,16,Services,Real estate activities,524.0,15-24
CIV,2019,female,17,Services,Real estate activities,510.0,15-24
CIV,2019,female,18,Services,Real estate activities,494.0,15-24
CIV,2019,female,19,Services,Real estate activities,476.0,15-24
CIV,2019,female,20,Services,Real estate activities,458.0,15-24
CIV,2019,female,21,Services,Real estate activities,441.0,15-24
CIV,2019,female,22,Services,Real estate activities,424.0,15-24
CIV,2019,female,23,Services,Real estate activities,408.0,15-24
CIV,2019,female,24,Services,Real estate activities,393.0,15-24
CIV,2020,female,15,Services,Real estate activities,518.0,15-24
CIV,2020,female,16,Services,Real estate activities,504.0,15-24
CIV,2020,female,17,Services,Real estate activities,490.0,15-24
CIV,2020,female,18,Services,Real estate activities,475.0,15-24
CIV,2020,female,19,Services,Real estate activities,459.0,15-24
CIV,2020,female,20,Services,Real estate activities,443.0,15-24
CIV,2020,female,21,Services,Real estate activities,427.0,15-24
CIV,2020,female,22,Services,Real estate activities,412.0,15-24
CIV,2020,female,23,Services,Real estate activities,398.0,15-24
CIV,2020,female,24,Services,Real estate activities,384.0,15-24
CIV,2021,female,15,Services,Real estate activities,381.0,15-24
CIV,2021,female,16,Services,Real estate activities,371.0,15-24
CIV,2021,female,17,Services,Real estate activities,360.0,15-24
CIV,2021,female,18,Services,Real estate activities,349.0,15-24
CIV,2021,female,19,Services,Real estate activities,339.0,15-24
CIV,2021,female,20,Services,Real estate activities,328.0,15-24
CIV,2021,female,21,Services,Real estate activities,317.0,15-24
CIV,2021,female,22,Services,Real estate activities,306.0,15-24
CIV,2021,female,23,Services,Real estate activities,295.0,15-24
CIV,2021,female,24,Services,Real estate activities,284.0,15-24
CIV,2022,female,15,Services,Real estate activities,428.0,15-24
CIV,2022,female,16,Services,Real estate activities,416.0,15-24
CIV,2022,female,17,Services,Real estate activities,405.0,15-24
CIV,2022,female,18,Services,Real estate activities,393.0,15-24
CIV,2022,female,19,Services,Real estate activities,382.0,15-24
CIV,2022,female,20,Services,Real estate activities,370.0,15-24
CIV,2022,female,21,Services,Real estate activities,358.0,15-24
CIV,2022,female,22,Services,Real estate activities,346.0,15-24
CIV,2022,female,23,Services,Real estate activities,334.0,15-24
CIV,2022,female,24,Services,Real estate activities,322.0,15-24
CIV,2023,female,15,Services,Real estate activities,392.0,15-24
CIV,2023,female,16,Services,Real estate activities,382.0,15-24
CIV,2023,female,17,Services,Real estate activities,372.0,15-24
CIV,2023,female,18,Services,Real estate activities,361.0,15-24
CIV,2023,female,19,Services,Real estate activities,351.0,15-24
CIV,2023,female,20,Services,Real estate activities,341.0,15-24
CIV,2023,female,21,Services,Real estate activities,330.0,15-24
CIV,2023,female,22,Services,Real estate activities,320.0,15-24
CIV,2023,female,23,Services,Real estate activities,309.0,15-24
CIV,2023,female,24,Services,Real estate activities,298.0,15-24
CIV,2024,female,15,Services,Real estate activities,235.0,15-24
CIV,2024,female,16,Services,Real estate activities,229.0,15-24
CIV,2024,female,17,Services,Real estate activities,223.0,15-24
CIV,2024,female,18,Services,Real estate activities,217.0,15-24
CIV,2024,female,19,Services,Real estate activities,211.0,15-24
CIV,2024,female,20,Services,Real estate activities,205.0,15-24
CIV,2024,female,21,Services,Real estate activities,199.0,15-24
CIV,2024,female,22,Services,Real estate activities,193.0,15-24
CIV,2024,female,23,Services,Real estate activities,187.0,15-24
CIV,2024,female,24,Services,Real estate activities,180.0,15-24
CIV,2025,female,15,Services,Real estate activities,243.0,15-24
CIV,2025,female,16,Services,Real estate activities,237.0,15-24
CIV,2025,female,17,Services,Real estate activities,231.0,15-24
CIV,2025,female,18,Services,Real estate activities,225.0,15-24
CIV,2025,female,19,Services,Real estate activities,219.0,15-24
CIV,2025,female,20,Services,Real estate activities,213.0,15-24
CIV,2025,female,21,Services,Real estate activities,207.0,15-24
CIV,2025,female,22,Services,Real estate activities,200.0,15-24
CIV,2025,female,23,Services,Real estate activities,194.0,15-24
CIV,2025,female,24,Services,Real estate activities,187.0,15-24
CIV,2015,female,15,Services,Transportation and storage,118.0,15-24
CIV,2015,female,16,Services,Transportation and storage,115.0,15-24
CIV,2015,female,17,Services,Transportation and storage,111.0,15-24
CIV,2015,female,18,Services,Transportation and storage,106.0,15-24
CIV,2015,female,19,Services,Transportation and storage,102.0,15-24
CIV,2015,female,20,Services,Transportation and storage,97.0,15-24
CIV,2015,female,21,Services,Transportation and storage,92.0,15-24
CIV,2015,female,22,Services,Transportation and storage,87.0,15-24
CIV,2015,female,23,Services,Transportation and storage,84.0,15-24
CIV,2015,female,24,Services,Transportation and storage,81.0,15-24
CIV,2016,female,15,Services,Transportation and storage,110.0,15-24
CIV,2016,female,16,Services,Transportation and storage,107.0,15-24
CIV,2016,female,17,Services,Transportation and storage,104.0,15-24
CIV,2016,female,18,Services,Transportation and storage,100.0,15-24
CIV,2016,female,19,Services,Transportation and storage,96.0,15-24
CIV,2016,female,20,Services,Transportation and storage,91.0,15-24
CIV,2016,female,21,Services,Transportation and storage,87.0,15-24
CIV,2016,female,22,Services,Transportation and storage,83.0,15-24
CIV,2016,female,23,Services,Transportation and storage,79.0,15-24
CIV,2016,female,24,Services,Transportation and storage,77.0,15-24
CIV,2017,female,15,Services,Transportation and storage,151.0,15-24
CIV,2017,female,16,Services,Transportation and storage,147.0,15-24
CIV,2017,female,17,Services,Transportation and storage,143.0,15-24
CIV,2017,female,18,Services,Transportation and storage,138.0,15-24
CIV,2017,female,19,Services,Transportation and storage,132.0,15-24
CIV,2017,female,20,Services,Transportation and storage,127.0,15-24
CIV,2017,female,21,Services,Transportation and storage,121.0,15-24
CIV,2017,female,22,Services,Transportation and storage,116.0,15-24
CIV,2017,female,23,Services,Transportation and storage,111.0,15-24
CIV,2017,female,24,Services,Transportation and storage,107.0,15-24
CIV,2018,female,15,Services,Transportation and storage,128.0,15-24
CIV,2018,female,16,Services,Transportation and storage,125.0,15-24
CIV,2018,female,17,Services,Transportation and storage,122.0,15-24
CIV,2018,female,18,Services,Transportation and storage,118.0,15-24
CIV,2018,female,19,Services,Transportation and storage,113.0,15-24
CIV,2018,female,20,Services,Transportation and storage,109.0,15-24
CIV,2018,female,21,Services,Transportation and storage,104.0,15-24
CIV,2018,female,22,Services,Transportation and storage,100.0,15-24
CIV,2018,female,23,Services,Transportation and storage,96.0,15-24
CIV,2018,female,24,Services,Transportation and storage,92.0,15-24
CIV,2019,female,15,Services,Transportation and storage,86.0,15-24
CIV,2019,female,16,Services,Transportation and storage,84.0,15-24
CIV,2019,female,17,Services,Transportation and storage,81.0,15-24
CIV,2019,female,18,Services,Transportation and storage,79.0,15-24
CIV,2019,female,19,Services,Transportation and storage,76.0,15-24
CIV,2019,female,20,Services,Transportation and storage,73.0,15-24
CIV,2019,female,21,Services,Transportation and storage,70.0,15-24
CIV,2019,female,22,Services,Transportation and storage,68.0,15-24
CIV,2019,female,23,Services,Transportation and storage,65.0,15-24
CIV,2019,female,24,Services,Transportation and storage,63.0,15-24
CIV,2020,female,15,Services,Transportation and storage,196.0,15-24
CIV,2020,female,16,Services,Transportation and storage,190.0,15-24
CIV,2020,female,17,Services,Transportation and storage,185.0,15-24
CIV,2020,female,18,Services,Transportation and storage,179.0,15-24
CIV,2020,female,19,Services,Transportation and storage,173.0,15-24
CIV,2020,female,20,Services,Transportation and storage,167.0,15-24
CIV,2020,female,21,Services,Transportation and storage,161.0,15-24
CIV,2020,female,22,Services,Transportation and storage,156.0,15-24
CIV,2020,female,23,Services,Transportation and storage,150.0,15-24
CIV,2020,female,24,Services,Transportation and storage,145.0,15-24
CIV,2021,female,15,Services,Transportation and storage,162.0,15-24
CIV,2021,female,16,Services,Transportation and storage,158.0,15-24
CIV,2021,female,17,Services,Transportation and storage,153.0,15-24
CIV,2021,female,18,Services,Transportation and storage,149.0,15-24
CIV,2021,female,19,Services,Transportation and storage,144.0,15-24
CIV,2021,female,20,Services,Transportation and storage,140.0,15-24
CIV,2021,female,21,Services,Transportation and storage,135.0,15-24
CIV,2021,female,22,Services,Transportation and storage,130.0,15-24
CIV,2021,female,23,Services,Transportation and storage,126.0,15-24
CIV,2021,female,24,Services,Transportation and storage,121.0,15-24
CIV,2022,female,15,Services,Transportation and storage,120.0,15-24
CIV,2022,female,16,Services,Transportation and storage,117.0,15-24
CIV,2022,female,17,Services,Transportation and storage,114.0,15-24
CIV,2022,female,18,Services,Transportation and storage,111.0,15-24
CIV,2022,female,19,Services,Transportation and storage,107.0,15-24
CIV,2022,female,20,Services,Transportation and storage,104.0,15-24
CIV,2022,female,21,Services,Transportation and storage,101.0,15-24
CIV,2022,female,22,Services,Transportation and storage,97.0,15-24
CIV,2022,female,23,Services,Transportation and storage,94.0,15-24
CIV,2022,female,24,Services,Transportation and storage,91.0,15-24
CIV,2023,female,15,Services,Transportation and storage,81.0,15-24
CIV,2023,female,16,Services,Transportation and storage,79.0,15-24
CIV,2023,female,17,Services,Transportation and storage,76.0,15-24
CIV,2023,female,18,Services,Transportation and storage,74.0,15-24
CIV,2023,female,19,Services,Transportation and storage,72.0,15-24
CIV,2023,female,20,Services,Transportation and storage,70.0,15-24
CIV,2023,female,21,Services,Transportation and storage,68.0,15-24
CIV,2023,female,22,Services,Transportation and storage,66.0,15-24
CIV,2023,female,23,Services,Transportation and storage,64.0,15-24
CIV,2023,female,24,Services,Transportation and storage,61.0,15-24
CIV,2024,female,15,Services,Transportation and storage,175.0,15-24
CIV,2024,female,16,Services,Transportation and storage,171.0,15-24
CIV,2024,female,17,Services,Transportation and storage,167.0,15-24
CIV,2024,female,18,Services,Transportation and storage,162.0,15-24
CIV,2024,female,19,Services,Transportation and storage,158.0,15-24
CIV,2024,female,20,Services,Transportation and storage,153.0,15-24
CIV,2024,female,21,Services,Transportation and storage,149.0,15-24
CIV,2024,female,22,Services,Transportation and storage,144.0,15-24
CIV,2024,female,23,Services,Transportation and storage,139.0,15-24
CIV,2024,female,24,Services,Transportation and storage,134.0,15-24
CIV,2025,female,15,Services,Transportation and storage,179.0,15-24
CIV,2025,female,16,Services,Transportation and storage,175.0,15-24
CIV,2025,female,17,Services,Transportation and storage,170.0,15-24
CIV,2025,female,18,Services,Transportation and storage,166.0,15-24
CIV,2025,female,19,Services,Transportation and storage,161.0,15-24
CIV,2025,female,20,Services,Transportation and storage,157.0,15-24
CIV,2025,female,21,Services,Transportation and storage,152.0,15-24
CIV,2025,female,22,Services,Transportation and storage,148.0,15-24
CIV,2025,female,23,Services,Transportation and storage,143.0,15-24
CIV,2025,female,24,Services,Transportation and storage,138.0,15-24
CIV,2015,female,15,Industry,"Water supply; sewerage, waste management and remediation activities",41.0,15-24
CIV,2015,female,16,Industry,"Water supply; sewerage, waste management and remediation activities",39.0,15-24
CIV,2015,female,17,Industry,"Water supply; sewerage, waste management and remediation activities",38.0,15-24
CIV,2015,female,18,Industry,"Water supply; sewerage, waste management and remediation activities",37.0,15-24
CIV,2015,female,19,Industry,"Water supply; sewerage, waste management and remediation activities",35.0,15-24
CIV,2015,female,20,Industry,"Water supply; sewerage, waste management and remediation activities",33.0,15-24
CIV,2015,female,21,Industry,"Water supply; sewerage, waste management and remediation activities",32.0,15-24
CIV,2015,female,22,Industry,"Water supply; sewerage, waste management and remediation activities",30.0,15-24
CIV,2015,female,23,Industry,"Water supply; sewerage, waste management and remediation activities",29.0,15-24
CIV,2015,female,24,Industry,"Water supply; sewerage, waste management and remediation activities",28.0,15-24
CIV,2016,female,15,Industry,"Water supply; sewerage, waste management and remediation activities",11.0,15-24
CIV,2016,female,16,Industry,"Water supply; sewerage, waste management and remediation activities",11.0,15-24
CIV,2016,female,17,Industry,"Water supply; sewerage, waste management and remediation activities",11.0,15-24
CIV,2016,female,18,Industry,"Water supply; sewerage, waste management and remediation activities",10.0,15-24
CIV,2016,female,19,Industry,"Water supply; sewerage, waste management and remediation activities",10.0,15-24
CIV,2016,female,20,Industry,"Water supply; sewerage, waste management and remediation activities",9.0,15-24
CIV,2016,female,21,Industry,"Water supply; sewerage, waste management and remediation activities",9.0,15-24
CIV,2016,female,22,Industry,"Water supply; sewerage, waste management and remediation activities",9.0,15-24
CIV,2016,female,23,Industry,"Water supply; sewerage, waste management and remediation activities",8.0,15-24
CIV,2016,female,24,Industry,"Water supply; sewerage, waste management and remediation activities",8.0,15-24
CIV,2017,female,15,Industry,"Water supply; sewerage, waste management and remediation activities",18.0,15-24
CIV,2017,female,16,Industry,"Water supply; sewerage, waste management and remediation activities",18.0,15-24
CIV,2017,female,17,Industry,"Water supply; sewerage, waste management and remediation activities",17.0,15-24
CIV,2017,female,18,Industry,"Water supply; sewerage, waste management and remediation activities",17.0,15-24
CIV,2017,female,19,Industry,"Water supply; sewerage, waste management and remediation activities",16.0,15-24
CIV,2017,female,20,Industry,"Water supply; sewerage, waste management and remediation activities",15.0,15-24
CIV,2017,female,21,Industry,"Water supply; sewerage, waste management and remediation activities",15.0,15-24
CIV,2017,female,22,Industry,"Water supply; sewerage, waste management and remediation activities",14.0,15-24
CIV,2017,female,23,Industry,"Water supply; sewerage, waste management and remediation activities",13.0,15-24
CIV,2017,female,24,Industry,"Water supply; sewerage, waste management and remediation activities",13.0,15-24
CIV,2018,female,15,Industry,"Water supply; sewerage, waste management and remediation activities",20.0,15-24
CIV,2018,female,16,Industry,"Water supply; sewerage, waste management and remediation activities",19.0,15-24
CIV,2018,female,17,Industry,"Water supply; sewerage, waste management and remediation activities",19.0,15-24
CIV,2018,female,18,Industry,"Water supply; sewerage, waste management and remediation activities",18.0,15-24
CIV,2018,female,19,Industry,"Water supply; sewerage, waste management and remediation activities",17.0,15-24
CIV,2018,female,20,Industry,"Water supply; sewerage, waste management and remediation activities",17.0,15-24
CIV,2018,female,21,Industry,"Water supply; sewerage, waste management and remediation activities",16.0,15-24
CIV,2018,female,22,Industry,"Water supply; sewerage, waste management and remediation activities",15.0,15-24
CIV,2018,female,23,Industry,"Water supply; sewerage, waste management and remediation activities",15.0,15-24
CIV,2018,female,24,Industry,"Water supply; sewerage, waste management and remediation activities",14.0,15-24
CIV,2019,female,15,Industry,"Water supply; sewerage, waste management and remediation activities",27.0,15-24
CIV,2019,female,16,Industry,"Water supply; sewerage, waste management and remediation activities",26.0,15-24
CIV,2019,female,17,Industry,"Water supply; sewerage, waste management and remediation activities",26.0,15-24
CIV,2019,female,18,Industry,"Water supply; sewerage, waste management and remediation activities",25.0,15-24
CIV,2019,female,19,Industry,"Water supply; sewerage, waste management and remediation activities",24.0,15-24
CIV,2019,female,20,Industry,"Water supply; sewerage, waste management and remediation activities",23.0,15-24
CIV,2019,female,21,Industry,"Water supply; sewerage, waste management and remediation activities",22.0,15-24
CIV,2019,female,22,Industry,"Water supply; sewerage, waste management and remediation activities",21.0,15-24
CIV,2019,female,23,Industry,"Water supply; sewerage, waste management and remediation activities",21.0,15-24
CIV,2019,female,24,Industry,"Water supply; sewerage, waste management and remediation activities",20.0,15-24
CIV,2020,female,15,Industry,"Water supply; sewerage, waste management and remediation activities",29.0,15-24
CIV,2020,female,16,Industry,"Water supply; sewerage, waste management and remediation activities",28.0,15-24
CIV,2020,female,17,Industry,"Water supply; sewerage, waste management and remediation activities",27.0,15-24
CIV,2020,female,18,Industry,"Water supply; sewerage, waste management and remediation activities",26.0,15-24
CIV,2020,female,19,Industry,"Water supply; sewerage, waste management and remediation activities",25.0,15-24
CIV,2020,female,20,Industry,"Water supply; sewerage, waste management and remediation activities",25.0,15-24
CIV,2020,female,21,Industry,"Water supply; sewerage, waste management and remediation activities",24.0,15-24
CIV,2020,female,22,Industry,"Water supply; sewerage, waste management and remediation activities",23.0,15-24
CIV,2020,female,23,Industry,"Water supply; sewerage, waste management and remediation activities",22.0,15-24
CIV,2020,female,24,Industry,"Water supply; sewerage, waste management and remediation activities",21.0,15-24
CIV,2021,female,15,Industry,"Water supply; sewerage, waste management and remediation activities",24.0,15-24
CIV,2021,female,16,Industry,"Water supply; sewerage, waste management and remediation activities",24.0,15-24
CIV,2021,female,17,Industry,"Water supply; sewerage, waste management and remediation activities",23.0,15-24
CIV,2021,female,18,Industry,"Water supply; sewerage, waste management and remediation activities",22.0,15-24
CIV,2021,female,19,Industry,"Water supply; sewerage, waste management and remediation activities",22.0,15-24
CIV,2021,female,20,Industry,"Water supply; sewerage, waste management and remediation activities",21.0,15-24
CIV,2021,female,21,Industry,"Water supply; sewerage, waste management and remediation activities",20.0,15-24
CIV,2021,female,22,Industry,"Water supply; sewerage, waste management and remediation activities",20.0,15-24
CIV,2021,female,23,Industry,"Water supply; sewerage, waste management and remediation activities",19.0,15-24
CIV,2021,female,24,Industry,"Water supply; sewerage, waste management and remediation activities",18.0,15-24
CIV,2022,female,15,Industry,"Water supply; sewerage, waste management and remediation activities",31.0,15-24
CIV,2022,female,16,Industry,"Water supply; sewerage, waste management and remediation activities",30.0,15-24
CIV,2022,female,17,Industry,"Water supply; sewerage, waste management and remediation activities",29.0,15-24
CIV,2022,female,18,Industry,"Water supply; sewerage, waste management and remediation activities",29.0,15-24
CIV,2022,female,19,Industry,"Water supply; sewerage, waste management and remediation activities",28.0,15-24
CIV,2022,female,20,Industry,"Water supply; sewerage, waste management and remediation activities",27.0,15-24
CIV,2022,female,21,Industry,"Water supply; sewerage, waste management and remediation activities",26.0,15-24
CIV,2022,female,22,Industry,"Water supply; sewerage, waste management and remediation activities",25.0,15-24
CIV,2022,female,23,Industry,"Water supply; sewerage, waste management and remediation activities",24.0,15-24
CIV,2022,female,24,Industry,"Water supply; sewerage, waste management and remediation activities",23.0,15-24
CIV,2023,female,15,Industry,"Water supply; sewerage, waste management and remediation activities",34.0,15-24
CIV,2023,female,16,Industry,"Water supply; sewerage, waste management and remediation activities",33.0,15-24
CIV,2023,female,17,Industry,"Water supply; sewerage, waste management and remediation activities",32.0,15-24
CIV,2023,female,18,Industry,"Water supply; sewerage, waste management and remediation activities",31.0,15-24
CIV,2023,female,19,Industry,"Water supply; sewerage, waste management and remediation activities",30.0,15-24
CIV,2023,female,20,Industry,"Water supply; sewerage, waste management and remediation activities",29.0,15-24
CIV,2023,female,21,Industry,"Water supply; sewerage, waste management and remediation activities",28.0,15-24
CIV,2023,female,22,Industry,"Water supply; sewerage, waste management and remediation activities",28.0,15-24
CIV,2023,female,23,Industry,"Water supply; sewerage, waste management and remediation activities",27.0,15-24
CIV,2023,female,24,Industry,"Water supply; sewerage, waste management and remediation activities",26.0,15-24
CIV,2024,female,15,Industry,"Water supply; sewerage, waste management and remediation activities",46.0,15-24
CIV,2024,female,16,Industry,"Water supply; sewerage, waste management and remediation activities",45.0,15-24
CIV,2024,female,17,Industry,"Water supply; sewerage, waste management and remediation activities",44.0,15-24
CIV,2024,female,18,Industry,"Water supply; sewerage, waste management and remediation activities",43.0,15-24
CIV,2024,female,19,Industry,"Water supply; sewerage, waste management and remediation activities",41.0,15-24
CIV,2024,female,20,Industry,"Water supply; sewerage, waste management and remediation activities",40.0,15-24
CIV,2024,female,21,Industry,"Water supply; sewerage, waste management and remediation activities",39.0,15-24
CIV,2024,female,22,Industry,"Water supply; sewerage, waste management and remediation activities",38.0,15-24
CIV,2024,female,23,Industry,"Water supply; sewerage, waste management and remediation activities",37.0,15-24
CIV,2024,female,24,Industry,"Water supply; sewerage, waste management and remediation activities",35.0,15-24
CIV,2025,female,15,Industry,"Water supply; sewerage, waste management and remediation activities",49.0,15-24
CIV,2025,female,16,Industry,"Water supply; sewerage, waste management and remediation activities",48.0,15-24
CIV,2025,female,17,Industry,"Water supply; sewerage, waste management and remediation activities",46.0,15-24
CIV,2025,female,18,Industry,"Water supply; sewerage, waste management and remediation activities",45.0,15-24
CIV,2025,female,19,Industry,"Water supply; sewerage, waste management and remediation activities",44.0,15-24
CIV,2025,female,20,Industry,"Water supply; sewerage, waste management and remediation activities",43.0,15-24
CIV,2025,female,21,Industry,"Water supply; sewerage, waste management and remediation activities",41.0,15-24
CIV,2025,female,22,Industry,"Water supply; sewerage, waste management and remediation activities",40.0,15-24
CIV,2025,female,23,Industry,"Water supply; sewerage, waste management and remediation activities",39.0,15-24
CIV,2025,female,24,Industry,"Water supply; sewerage, waste management and remediation activities",38.0,15-24
CIV,2015,female,15,Services,Wholesale and retail trade; repair of motor vehicles and motorcycles,23798.0,15-24
CIV,2015,female,16,Services,Wholesale and retail trade; repair of motor vehicles and motorcycles,23168.0,15-24
CIV,2015,female,17,Services,Wholesale and retail trade; repair of motor vehicles and motorcycles,22429.0,15-24
CIV,2015,female,18,Services,Wholesale and retail trade; repair of motor vehicles and motorcycles,21533.0,15-24
CIV,2015,female,19,Services,Wholesale and retail trade; repair of motor vehicles and motorcycles,20545.0,15-24
CIV,2015,female,20,Services,Wholesale and retail trade; repair of motor vehicles and motorcycles,19568.0,15-24
CIV,2015,female,21,Services,Wholesale and retail trade; repair of motor vehicles and motorcycles,18579.0,15-24
CIV,2015,female,22,Services,Wholesale and retail trade; repair of motor vehicles and motorcycles,17683.0,15-24
CIV,2015,female,23,Services,Wholesale and retail trade; repair of motor vehicles and motorcycles,16941.0,15-24
CIV,2015,female,24,Services,Wholesale and retail trade; repair of motor vehicles and motorcycles,16308.0,15-24
CIV,2016,female,15,Services,Wholesale and retail trade; repair of motor vehicles and motorcycles,24405.0,15-24
CIV,2016,female,16,Services,Wholesale and retail trade; repair of motor vehicles and motorcycles,23814.0,15-24
CIV,2016,female,17,Services,Wholesale and retail trade; repair of motor vehicles and motorcycles,23109.0,15-24
CIV,2016,female,18,Services,Wholesale and retail trade; repair of motor vehicles and motorcycles,22234.0,15-24
CIV,2016,female,19,Services,Wholesale and retail trade; repair of motor vehicles and motorcycles,21255.0,15-24
CIV,2016,female,20,Services,Wholesale and retail trade; repair of motor vehicles and motorcycles,20291.0,15-24
CIV,2016,female,21,Services,Wholesale and retail trade; repair of motor vehicles and motorcycles,19317.0,15-24
CIV,2016,female,22,Services,Wholesale and retail trade; repair of motor vehicles and motorcycles,18421.0,15-24
CIV,2016,female,23,Services,Wholesale and retail trade; repair of motor vehicles and motorcycles,17661.0,15-24
CIV,2016,female,24,Services,Wholesale and retail trade; repair of motor vehicles and motorcycles,16996.0,15-24
CIV,2017,female,15,Services,Wholesale and retail trade; repair of motor vehicles and motorcycles,28792.0,15-24
CIV,2017,female,16,Services,Wholesale and retail trade; repair of motor vehicles and motorcycles,28128.0,15-24
CIV,2017,female,17,Services,Wholesale and retail trade; repair of motor vehicles and motorcycles,27338.0,15-24
CIV,2017,female,18,Services,Wholesale and retail trade; repair of motor vehicles and motorcycles,26360.0,15-24
CIV,2017,female,19,Services,Wholesale and retail trade; repair of motor vehicles and motorcycles,25265.0,15-24
CIV,2017,female,20,Services,Wholesale and retail trade; repair of motor vehicles and motorcycles,24189.0,15-24
CIV,2017,female,21,Services,Wholesale and retail trade; repair of motor vehicles and motorcycles,23104.0,15-24
CIV,2017,female,22,Services,Wholesale and retail trade; repair of motor vehicles and motorcycles,22091.0,15-24
CIV,2017,female,23,Services,Wholesale and retail trade; repair of motor vehicles and motorcycles,21202.0,15-24
CIV,2017,female,24,Services,Wholesale and retail trade; repair of motor vehicles and motorcycles,20402.0,15-24
CIV,2018,female,15,Services,Wholesale and retail trade; repair of motor vehicles and motorcycles,28034.0,15-24
CIV,2018,female,16,Services,Wholesale and retail trade; repair of motor vehicles and motorcycles,27383.0,15-24
CIV,2018,female,17,Services,Wholesale and retail trade; repair of motor vehicles and motorcycles,26634.0,15-24
CIV,2018,female,18,Services,Wholesale and retail trade; repair of motor vehicles and motorcycles,25733.0,15-24
CIV,2018,female,19,Services,Wholesale and retail trade; repair of motor vehicles and motorcycles,24737.0,15-24
CIV,2018,female,20,Services,Wholesale and retail trade; repair of motor vehicles and motorcycles,23758.0,15-24
CIV,2018,female,21,Services,Wholesale and retail trade; repair of motor vehicles and motorcycles,22773.0,15-24
CIV,2018,female,22,Services,Wholesale and retail trade; repair of motor vehicles and motorcycles,21838.0,15-24
CIV,2018,female,23,Services,Wholesale and retail trade; repair of motor vehicles and motorcycles,20989.0,15-24
CIV,2018,female,24,Services,Wholesale and retail trade; repair of motor vehicles and motorcycles,20203.0,15-24
CIV,2019,female,15,Services,Wholesale and retail trade; repair of motor vehicles and motorcycles,27587.0,15-24
CIV,2019,female,16,Services,Wholesale and retail trade; repair of motor vehicles and motorcycles,26911.0,15-24
CIV,2019,female,17,Services,Wholesale and retail trade; repair of motor vehicles and motorcycles,26168.0,15-24
CIV,2019,female,18,Services,Wholesale and retail trade; repair of motor vehicles and motorcycles,25324.0,15-24
CIV,2019,female,19,Services,Wholesale and retail trade; repair of motor vehicles and motorcycles,24418.0,15-24
CIV,2019,female,20,Services,Wholesale and retail trade; repair of motor vehicles and motorcycles,23522.0,15-24
CIV,2019,female,21,Services,Wholesale and retail trade; repair of motor vehicles and motorcycles,22625.0,15-24
CIV,2019,female,22,Services,Wholesale and retail trade; repair of motor vehicles and motorcycles,21759.0,15-24
CIV,2019,female,23,Services,Wholesale and retail trade; repair of motor vehicles and motorcycles,20948.0,15-24
CIV,2019,female,24,Services,Wholesale and retail trade; repair of motor vehicles and motorcycles,20179.0,15-24
CIV,2020,female,15,Services,Wholesale and retail trade; repair of motor vehicles and motorcycles,24114.0,15-24
CIV,2020,female,16,Services,Wholesale and retail trade; repair of motor vehicles and motorcycles,23461.0,15-24
CIV,2020,female,17,Services,Wholesale and retail trade; repair of motor vehicles and motorcycles,22783.0,15-24
CIV,2020,female,18,Services,Wholesale and retail trade; repair of motor vehicles and motorcycles,22073.0,15-24
CIV,2020,female,19,Services,Wholesale and retail trade; repair of motor vehicles and motorcycles,21343.0,15-24
CIV,2020,female,20,Services,Wholesale and retail trade; repair of motor vehicles and motorcycles,20615.0,15-24
CIV,2020,female,21,Services,Wholesale and retail trade; repair of motor vehicles and motorcycles,19886.0,15-24
CIV,2020,female,22,Services,Wholesale and retail trade; repair of motor vehicles and motorcycles,19176.0,15-24
CIV,2020,female,23,Services,Wholesale and retail trade; repair of motor vehicles and motorcycles,18498.0,15-24
CIV,2020,female,24,Services,Wholesale and retail trade; repair of motor vehicles and motorcycles,17844.0,15-24
CIV,2021,female,15,Services,Wholesale and retail trade; repair of motor vehicles and motorcycles,22116.0,15-24
CIV,2021,female,16,Services,Wholesale and retail trade; repair of motor vehicles and motorcycles,21518.0,15-24
CIV,2021,female,17,Services,Wholesale and retail trade; repair of motor vehicles and motorcycles,20909.0,15-24
CIV,2021,female,18,Services,Wholesale and retail trade; repair of motor vehicles and motorcycles,20286.0,15-24
CIV,2021,female,19,Services,Wholesale and retail trade; repair of motor vehicles and motorcycles,19656.0,15-24
CIV,2021,female,20,Services,Wholesale and retail trade; repair of motor vehicles and motorcycles,19024.0,15-24
CIV,2021,female,21,Services,Wholesale and retail trade; repair of motor vehicles and motorcycles,18391.0,15-24
CIV,2021,female,22,Services,Wholesale and retail trade; repair of motor vehicles and motorcycles,17761.0,15-24
CIV,2021,female,23,Services,Wholesale and retail trade; repair of motor vehicles and motorcycles,17136.0,15-24
CIV,2021,female,24,Services,Wholesale and retail trade; repair of motor vehicles and motorcycles,16517.0,15-24
CIV,2022,female,15,Services,Wholesale and retail trade; repair of motor vehicles and motorcycles,20416.0,15-24
CIV,2022,female,16,Services,Wholesale and retail trade; repair of motor vehicles and motorcycles,19872.0,15-24
CIV,2022,female,17,Services,Wholesale and retail trade; repair of motor vehicles and motorcycles,19323.0,15-24
CIV,2022,female,18,Services,Wholesale and retail trade; repair of motor vehicles and motorcycles,18771.0,15-24
CIV,2022,female,19,Services,Wholesale and retail trade; repair of motor vehicles and motorcycles,18217.0,15-24
CIV,2022,female,20,Services,Wholesale and retail trade; repair of motor vehicles and motorcycles,17659.0,15-24
CIV,2022,female,21,Services,Wholesale and retail trade; repair of motor vehicles and motorcycles,17102.0,15-24
CIV,2022,female,22,Services,Wholesale and retail trade; repair of motor vehicles and motorcycles,16537.0,15-24
CIV,2022,female,23,Services,Wholesale and retail trade; repair of motor vehicles and motorcycles,15962.0,15-24
CIV,2022,female,24,Services,Wholesale and retail trade; repair of motor vehicles and motorcycles,15383.0,15-24
CIV,2023,female,15,Services,Wholesale and retail trade; repair of motor vehicles and motorcycles,20698.0,15-24
CIV,2023,female,16,Services,Wholesale and retail trade; repair of motor vehicles and motorcycles,20160.0,15-24
CIV,2023,female,17,Services,Wholesale and retail trade; repair of motor vehicles and motorcycles,19619.0,15-24
CIV,2023,female,18,Services,Wholesale and retail trade; repair of motor vehicles and motorcycles,19079.0,15-24
CIV,2023,female,19,Services,Wholesale and retail trade; repair of motor vehicles and motorcycles,18540.0,15-24
CIV,2023,female,20,Services,Wholesale and retail trade; repair of motor vehicles and motorcycles,17995.0,15-24
CIV,2023,female,21,Services,Wholesale and retail trade; repair of motor vehicles and motorcycles,17449.0,15-24
CIV,2023,female,22,Services,Wholesale and retail trade; repair of motor vehicles and motorcycles,16891.0,15-24
CIV,2023,female,23,Services,Wholesale and retail trade; repair of motor vehicles and motorcycles,16315.0,15-24
CIV,2023,female,24,Services,Wholesale and retail trade; repair of motor vehicles and motorcycles,15730.0,15-24
CIV,2024,female,15,Services,Wholesale and retail trade; repair of motor vehicles and motorcycles,19402.0,15-24
CIV,2024,female,16,Services,Wholesale and retail trade; repair of motor vehicles and motorcycles,18913.0,15-24
CIV,2024,female,17,Services,Wholesale and retail trade; repair of motor vehicles and motorcycles,18422.0,15-24
CIV,2024,female,18,Services,Wholesale and retail trade; repair of motor vehicles and motorcycles,17932.0,15-24
CIV,2024,female,19,Services,Wholesale and retail trade; repair of motor vehicles and motorcycles,17442.0,15-24
CIV,2024,female,20,Services,Wholesale and retail trade; repair of motor vehicles and motorcycles,16946.0,15-24
CIV,2024,female,21,Services,Wholesale and retail trade; repair of motor vehicles and motorcycles,16448.0,15-24
CIV,2024,female,22,Services,Wholesale and retail trade; repair of motor vehicles and motorcycles,15937.0,15-24
CIV,2024,female,23,Services,Wholesale and retail trade; repair of motor vehicles and motorcycles,15408.0,15-24
CIV,2024,female,24,Services,Wholesale and retail trade; repair of motor vehicles and motorcycles,14868.0,15-24
CIV,2025,female,15,Services,Wholesale and retail trade; repair of motor vehicles and motorcycles,19730.0,15-24
CIV,2025,female,16,Services,Wholesale and retail trade; repair of motor vehicles and motorcycles,19253.0,15-24
CIV,2025,female,17,Services,Wholesale and retail trade; repair of motor vehicles and motorcycles,18771.0,15-24
CIV,2025,female,18,Services,Wholesale and retail trade; repair of motor vehicles and motorcycles,18287.0,15-24
CIV,2025,female,19,Services,Wholesale and retail trade; repair of motor vehicles and motorcycles,17801.0,15-24
CIV,2025,female,20,Services,Wholesale and retail trade; repair of motor vehicles and motorcycles,17307.0,15-24
CIV,2025,female,21,Services,Wholesale and retail trade; repair of motor vehicles and motorcycles,16811.0,15-24
CIV,2025,female,22,Services,Wholesale and retail trade; repair of motor vehicles and motorcycles,16303.0,15-24
CIV,2025,female,23,Services,Wholesale and retail trade; repair of motor vehicles and motorcycles,15777.0,15-24
CIV,2025,female,24,Services,Wholesale and retail trade; repair of motor vehicles and motorcycles,15243.0,15-24
CIV,2015,female,25,Services,Accommodation and food service activities,15777.0,25-35
CIV,2015,female,26,Services,Accommodation and food service activities,15184.0,25-35
CIV,2015,female,27,Services,Accommodation and food service activities,14602.0,25-35
CIV,2015,female,28,Services,Accommodation and food service activities,14013.0,25-35
CIV,2015,female,29,Services,Accommodation and food service activities,13440.0,25-35
CIV,2015,female,30,Services,Accommodation and food service activities,12901.0,25-35
CIV,2015,female,31,Services,Accommodation and food service activities,12365.0,25-35
CIV,2015,female,32,Services,Accommodation and food service activities,11977.0,25-35
CIV,2015,female,33,Services,Accommodation and food service activities,11802.0,25-35
CIV,2015,female,34,Services,Accommodation and food service activities,11756.0,25-35
CIV,2015,female,35,Services,Accommodation and food service activities,11703.0,25-35
CIV,2016,female,25,Services,Accommodation and food service activities,14790.0,25-35
CIV,2016,female,26,Services,Accommodation and food service activities,14226.0,25-35
CIV,2016,female,27,Services,Accommodation and food service activities,13670.0,25-35
CIV,2016,female,28,Services,Accommodation and food service activities,13104.0,25-35
CIV,2016,female,29,Services,Accommodation and food service activities,12552.0,25-35
CIV,2016,female,30,Services,Accommodation and food service activities,12030.0,25-35
CIV,2016,female,31,Services,Accommodation and food service activities,11509.0,25-35
CIV,2016,female,32,Services,Accommodation and food service activities,11133.0,25-35
CIV,2016,female,33,Services,Accommodation and food service activities,10967.0,25-35
CIV,2016,female,34,Services,Accommodation and food service activities,10930.0,25-35
CIV,2016,female,35,Services,Accommodation and food service activities,10884.0,25-35
CIV,2017,female,25,Services,Accommodation and food service activities,15469.0,25-35
CIV,2017,female,26,Services,Accommodation and food service activities,14877.0,25-35
CIV,2017,female,27,Services,Accommodation and food service activities,14288.0,25-35
CIV,2017,female,28,Services,Accommodation and food service activities,13685.0,25-35
CIV,2017,female,29,Services,Accommodation and food service activities,13092.0,25-35
CIV,2017,female,30,Services,Accommodation and food service activities,12531.0,25-35
CIV,2017,female,31,Services,Accommodation and food service activities,11969.0,25-35
CIV,2017,female,32,Services,Accommodation and food service activities,11561.0,25-35
CIV,2017,female,33,Services,Accommodation and food service activities,11379.0,25-35
CIV,2017,female,34,Services,Accommodation and food service activities,11337.0,25-35
CIV,2017,female,35,Services,Accommodation and food service activities,11285.0,25-35
CIV,2018,female,25,Services,Accommodation and food service activities,16341.0,25-35
CIV,2018,female,26,Services,Accommodation and food service activities,15722.0,25-35
CIV,2018,female,27,Services,Accommodation and food service activities,15099.0,25-35
CIV,2018,female,28,Services,Accommodation and food service activities,14453.0,25-35
CIV,2018,female,29,Services,Accommodation and food service activities,13814.0,25-35
CIV,2018,female,30,Services,Accommodation and food service activities,13206.0,25-35
CIV,2018,female,31,Services,Accommodation and food service activities,12596.0,25-35
CIV,2018,female,32,Services,Accommodation and food service activities,12150.0,25-35
CIV,2018,female,33,Services,Accommodation and food service activities,11945.0,25-35
CIV,2018,female,34,Services,Accommodation and food service activities,11891.0,25-35
CIV,2018,female,35,Services,Accommodation and food service activities,11825.0,25-35
CIV,2019,female,25,Services,Accommodation and food service activities,17179.0,25-35
CIV,2019,female,26,Services,Accommodation and food service activities,16546.0,25-35
CIV,2019,female,27,Services,Accommodation and food service activities,15898.0,25-35
CIV,2019,female,28,Services,Accommodation and food service activities,15215.0,25-35
CIV,2019,female,29,Services,Accommodation and food service activities,14532.0,25-35
CIV,2019,female,30,Services,Accommodation and food service activities,13879.0,25-35
CIV,2019,female,31,Services,Accommodation and food service activities,13222.0,25-35
CIV,2019,female,32,Services,Accommodation and food service activities,12738.0,25-35
CIV,2019,female,33,Services,Accommodation and food service activities,12506.0,25-35
CIV,2019,female,34,Services,Accommodation and food service activities,12434.0,25-35
CIV,2019,female,35,Services,Accommodation and food service activities,12350.0,25-35
CIV,2020,female,25,Services,Accommodation and food service activities,13762.0,25-35
CIV,2020,female,26,Services,Accommodation and food service activities,13280.0,25-35
CIV,2020,female,27,Services,Accommodation and food service activities,12776.0,25-35
CIV,2020,female,28,Services,Accommodation and food service activities,12230.0,25-35
CIV,2020,female,29,Services,Accommodation and food service activities,11674.0,25-35
CIV,2020,female,30,Services,Accommodation and food service activities,11142.0,25-35
CIV,2020,female,31,Services,Accommodation and food service activities,10606.0,25-35
CIV,2020,female,32,Services,Accommodation and food service activities,10206.0,25-35
CIV,2020,female,33,Services,Accommodation and food service activities,10007.0,25-35
CIV,2020,female,34,Services,Accommodation and food service activities,9936.0,25-35
CIV,2020,female,35,Services,Accommodation and food service activities,9853.0,25-35
CIV,2021,female,25,Services,Accommodation and food service activities,11683.0,25-35
CIV,2021,female,26,Services,Accommodation and food service activities,11251.0,25-35
CIV,2021,female,27,Services,Accommodation and food service activities,10819.0,25-35
CIV,2021,female,28,Services,Accommodation and food service activities,10380.0,25-35
CIV,2021,female,29,Services,Accommodation and food service activities,9946.0,25-35
CIV,2021,female,30,Services,Accommodation and food service activities,9530.0,25-35
CIV,2021,female,31,Services,Accommodation and food service activities,9124.0,25-35
CIV,2021,female,32,Services,Accommodation and food service activities,8778.0,25-35
CIV,2021,female,33,Services,Accommodation and food service activities,8518.0,25-35
CIV,2021,female,34,Services,Accommodation and food service activities,8319.0,25-35
CIV,2021,female,35,Services,Accommodation and food service activities,8122.0,25-35
CIV,2022,female,25,Services,Accommodation and food service activities,9891.0,25-35
CIV,2022,female,26,Services,Accommodation and food service activities,9518.0,25-35
CIV,2022,female,27,Services,Accommodation and food service activities,9152.0,25-35
CIV,2022,female,28,Services,Accommodation and food service activities,8796.0,25-35
CIV,2022,female,29,Services,Accommodation and food service activities,8451.0,25-35
CIV,2022,female,30,Services,Accommodation and food service activities,8120.0,25-35
CIV,2022,female,31,Services,Accommodation and food service activities,7802.0,25-35
CIV,2022,female,32,Services,Accommodation and food service activities,7505.0,25-35
CIV,2022,female,33,Services,Accommodation and food service activities,7232.0,25-35
CIV,2022,female,34,Services,Accommodation and food service activities,6982.0,25-35
CIV,2022,female,35,Services,Accommodation and food service activities,6740.0,25-35
CIV,2023,female,25,Services,Accommodation and food service activities,11039.0,25-35
CIV,2023,female,26,Services,Accommodation and food service activities,10621.0,25-35
CIV,2023,female,27,Services,Accommodation and food service activities,10217.0,25-35
CIV,2023,female,28,Services,Accommodation and food service activities,9833.0,25-35
CIV,2023,female,29,Services,Accommodation and food service activities,9464.0,25-35
CIV,2023,female,30,Services,Accommodation and food service activities,9109.0,25-35
CIV,2023,female,31,Services,Accommodation and food service activities,8773.0,25-35
CIV,2023,female,32,Services,Accommodation and food service activities,8437.0,25-35
CIV,2023,female,33,Services,Accommodation and food service activities,8094.0,25-35
CIV,2023,female,34,Services,Accommodation and food service activities,7757.0,25-35
CIV,2023,female,35,Services,Accommodation and food service activities,7433.0,25-35
CIV,2024,female,25,Services,Accommodation and food service activities,12123.0,25-35
CIV,2024,female,26,Services,Accommodation and food service activities,11672.0,25-35
CIV,2024,female,27,Services,Accommodation and food service activities,11236.0,25-35
CIV,2024,female,28,Services,Accommodation and food service activities,10824.0,25-35
CIV,2024,female,29,Services,Accommodation and food service activities,10429.0,25-35
CIV,2024,female,30,Services,Accommodation and food service activities,10047.0,25-35
CIV,2024,female,31,Services,Accommodation and food service activities,9687.0,25-35
CIV,2024,female,32,Services,Accommodation and food service activities,9315.0,25-35
CIV,2024,female,33,Services,Accommodation and food service activities,8916.0,25-35
CIV,2024,female,34,Services,Accommodation and food service activities,8512.0,25-35
CIV,2024,female,35,Services,Accommodation and food service activities,8125.0,25-35
CIV,2025,female,25,Services,Accommodation and food service activities,12832.0,25-35
CIV,2025,female,26,Services,Accommodation and food service activities,12368.0,25-35
CIV,2025,female,27,Services,Accommodation and food service activities,11918.0,25-35
CIV,2025,female,28,Services,Accommodation and food service activities,11489.0,25-35
CIV,2025,female,29,Services,Accommodation and food service activities,11077.0,25-35
CIV,2025,female,30,Services,Accommodation and food service activities,10676.0,25-35
CIV,2025,female,31,Services,Accommodation and food service activities,10296.0,25-35
CIV,2025,female,32,Services,Accommodation and food service activities,9899.0,25-35
CIV,2025,female,33,Services,Accommodation and food service activities,9468.0,25-35
CIV,2025,female,34,Services,Accommodation and food service activities,9029.0,25-35
CIV,2025,female,35,Services,Accommodation and food service activities,8608.0,25-35
CIV,2015,female,25,Services,Activities of extraterritorial organizations and bodies,141.0,25-35
CIV,2015,female,26,Services,Activities of extraterritorial organizations and bodies,136.0,25-35
CIV,2015,female,27,Services,Activities of extraterritorial organizations and bodies,130.0,25-35
CIV,2015,female,28,Services,Activities of extraterritorial organizations and bodies,125.0,25-35
CIV,2015,female,29,Services,Activities of extraterritorial organizations and bodies,120.0,25-35
CIV,2015,female,30,Services,Activities of extraterritorial organizations and bodies,115.0,25-35
CIV,2015,female,31,Services,Activities of extraterritorial organizations and bodies,110.0,25-35
CIV,2015,female,32,Services,Activities of extraterritorial organizations and bodies,107.0,25-35
CIV,2015,female,33,Services,Activities of extraterritorial organizations and bodies,105.0,25-35
CIV,2015,female,34,Services,Activities of extraterritorial organizations and bodies,105.0,25-35
CIV,2015,female,35,Services,Activities of extraterritorial organizations and bodies,105.0,25-35
CIV,2016,female,25,Services,Activities of extraterritorial organizations and bodies,131.0,25-35
CIV,2016,female,26,Services,Activities of extraterritorial organizations and bodies,126.0,25-35
CIV,2016,female,27,Services,Activities of extraterritorial organizations and bodies,121.0,25-35
CIV,2016,female,28,Services,Activities of extraterritorial organizations and bodies,116.0,25-35
CIV,2016,female,29,Services,Activities of extraterritorial organizations and bodies,112.0,25-35
CIV,2016,female,30,Services,Activities of extraterritorial organizations and bodies,107.0,25-35
CIV,2016,female,31,Services,Activities of extraterritorial organizations and bodies,102.0,25-35
CIV,2016,female,32,Services,Activities of extraterritorial organizations and bodies,99.0,25-35
CIV,2016,female,33,Services,Activities of extraterritorial organizations and bodies,97.0,25-35
CIV,2016,female,34,Services,Activities of extraterritorial organizations and bodies,97.0,25-35
CIV,2016,female,35,Services,Activities of extraterritorial organizations and bodies,97.0,25-35
CIV,2017,female,25,Services,Activities of extraterritorial organizations and bodies,133.0,25-35
CIV,2017,female,26,Services,Activities of extraterritorial organizations and bodies,128.0,25-35
CIV,2017,female,27,Services,Activities of extraterritorial organizations and bodies,123.0,25-35
CIV,2017,female,28,Services,Activities of extraterritorial organizations and bodies,118.0,25-35
CIV,2017,female,29,Services,Activities of extraterritorial organizations and bodies,113.0,25-35
CIV,2017,female,30,Services,Activities of extraterritorial organizations and bodies,108.0,25-35
CIV,2017,female,31,Services,Activities of extraterritorial organizations and bodies,103.0,25-35
CIV,2017,female,32,Services,Activities of extraterritorial organizations and bodies,99.0,25-35
CIV,2017,female,33,Services,Activities of extraterritorial organizations and bodies,98.0,25-35
CIV,2017,female,34,Services,Activities of extraterritorial organizations and bodies,98.0,25-35
CIV,2017,female,35,Services,Activities of extraterritorial organizations and bodies,97.0,25-35
CIV,2018,female,25,Services,Activities of extraterritorial organizations and bodies,150.0,25-35
CIV,2018,female,26,Services,Activities of extraterritorial organizations and bodies,144.0,25-35
CIV,2018,female,27,Services,Activities of extraterritorial organizations and bodies,139.0,25-35
CIV,2018,female,28,Services,Activities of extraterritorial organizations and bodies,133.0,25-35
CIV,2018,female,29,Services,Activities of extraterritorial organizations and bodies,127.0,25-35
CIV,2018,female,30,Services,Activities of extraterritorial organizations and bodies,121.0,25-35
CIV,2018,female,31,Services,Activities of extraterritorial organizations and bodies,116.0,25-35
CIV,2018,female,32,Services,Activities of extraterritorial organizations and bodies,111.0,25-35
CIV,2018,female,33,Services,Activities of extraterritorial organizations and bodies,110.0,25-35
CIV,2018,female,34,Services,Activities of extraterritorial organizations and bodies,109.0,25-35
CIV,2018,female,35,Services,Activities of extraterritorial organizations and bodies,108.0,25-35
CIV,2019,female,25,Services,Activities of extraterritorial organizations and bodies,166.0,25-35
CIV,2019,female,26,Services,Activities of extraterritorial organizations and bodies,160.0,25-35
CIV,2019,female,27,Services,Activities of extraterritorial organizations and bodies,154.0,25-35
CIV,2019,female,28,Services,Activities of extraterritorial organizations and bodies,147.0,25-35
CIV,2019,female,29,Services,Activities of extraterritorial organizations and bodies,141.0,25-35
CIV,2019,female,30,Services,Activities of extraterritorial organizations and bodies,134.0,25-35
CIV,2019,female,31,Services,Activities of extraterritorial organizations and bodies,128.0,25-35
CIV,2019,female,32,Services,Activities of extraterritorial organizations and bodies,123.0,25-35
CIV,2019,female,33,Services,Activities of extraterritorial organizations and bodies,121.0,25-35
CIV,2019,female,34,Services,Activities of extraterritorial organizations and bodies,120.0,25-35
CIV,2019,female,35,Services,Activities of extraterritorial organizations and bodies,120.0,25-35
CIV,2020,female,25,Services,Activities of extraterritorial organizations and bodies,183.0,25-35
CIV,2020,female,26,Services,Activities of extraterritorial organizations and bodies,177.0,25-35
CIV,2020,female,27,Services,Activities of extraterritorial organizations and bodies,170.0,25-35
CIV,2020,female,28,Services,Activities of extraterritorial organizations and bodies,163.0,25-35
CIV,2020,female,29,Services,Activities of extraterritorial organizations and bodies,155.0,25-35
CIV,2020,female,30,Services,Activities of extraterritorial organizations and bodies,148.0,25-35
CIV,2020,female,31,Services,Activities of extraterritorial organizations and bodies,141.0,25-35
CIV,2020,female,32,Services,Activities of extraterritorial organizations and bodies,136.0,25-35
CIV,2020,female,33,Services,Activities of extraterritorial organizations and bodies,133.0,25-35
CIV,2020,female,34,Services,Activities of extraterritorial organizations and bodies,132.0,25-35
CIV,2020,female,35,Services,Activities of extraterritorial organizations and bodies,131.0,25-35
CIV,2021,female,25,Services,Activities of extraterritorial organizations and bodies,215.0,25-35
CIV,2021,female,26,Services,Activities of extraterritorial organizations and bodies,207.0,25-35
CIV,2021,female,27,Services,Activities of extraterritorial organizations and bodies,199.0,25-35
CIV,2021,female,28,Services,Activities of extraterritorial organizations and bodies,191.0,25-35
CIV,2021,female,29,Services,Activities of extraterritorial organizations and bodies,183.0,25-35
CIV,2021,female,30,Services,Activities of extraterritorial organizations and bodies,175.0,25-35
CIV,2021,female,31,Services,Activities of extraterritorial organizations and bodies,168.0,25-35
CIV,2021,female,32,Services,Activities of extraterritorial organizations and bodies,161.0,25-35
CIV,2021,female,33,Services,Activities of extraterritorial organizations and bodies,157.0,25-35
CIV,2021,female,34,Services,Activities of extraterritorial organizations and bodies,153.0,25-35
CIV,2021,female,35,Services,Activities of extraterritorial organizations and bodies,149.0,25-35
CIV,2022,female,25,Services,Activities of extraterritorial organizations and bodies,256.0,25-35
CIV,2022,female,26,Services,Activities of extraterritorial organizations and bodies,246.0,25-35
CIV,2022,female,27,Services,Activities of extraterritorial organizations and bodies,237.0,25-35
CIV,2022,female,28,Services,Activities of extraterritorial organizations and bodies,228.0,25-35
CIV,2022,female,29,Services,Activities of extraterritorial organizations and bodies,219.0,25-35
CIV,2022,female,30,Services,Activities of extraterritorial organizations and bodies,210.0,25-35
CIV,2022,female,31,Services,Activities of extraterritorial organizations and bodies,202.0,25-35
CIV,2022,female,32,Services,Activities of extraterritorial organizations and bodies,194.0,25-35
CIV,2022,female,33,Services,Activities of extraterritorial organizations and bodies,187.0,25-35
CIV,2022,female,34,Services,Activities of extraterritorial organizations and bodies,181.0,25-35
CIV,2022,female,35,Services,Activities of extraterritorial organizations and bodies,174.0,25-35
CIV,2023,female,25,Services,Activities of extraterritorial organizations and bodies,278.0,25-35
CIV,2023,female,26,Services,Activities of extraterritorial organizations and bodies,268.0,25-35
CIV,2023,female,27,Services,Activities of extraterritorial organizations and bodies,257.0,25-35
CIV,2023,female,28,Services,Activities of extraterritorial organizations and bodies,248.0,25-35
CIV,2023,female,29,Services,Activities of extraterritorial organizations and bodies,238.0,25-35
CIV,2023,female,30,Services,Activities of extraterritorial organizations and bodies,229.0,25-35
CIV,2023,female,31,Services,Activities of extraterritorial organizations and bodies,221.0,25-35
CIV,2023,female,32,Services,Activities of extraterritorial organizations and bodies,213.0,25-35
CIV,2023,female,33,Services,Activities of extraterritorial organizations and bodies,204.0,25-35
CIV,2023,female,34,Services,Activities of extraterritorial organizations and bodies,195.0,25-35
CIV,2023,female,35,Services,Activities of extraterritorial organizations and bodies,187.0,25-35
CIV,2024,female,25,Services,Activities of extraterritorial organizations and bodies,305.0,25-35
CIV,2024,female,26,Services,Activities of extraterritorial organizations and bodies,293.0,25-35
CIV,2024,female,27,Services,Activities of extraterritorial organizations and bodies,282.0,25-35
CIV,2024,female,28,Services,Activities of extraterritorial organizations and bodies,272.0,25-35
CIV,2024,female,29,Services,Activities of extraterritorial organizations and bodies,262.0,25-35
CIV,2024,female,30,Services,Activities of extraterritorial organizations and bodies,252.0,25-35
CIV,2024,female,31,Services,Activities of extraterritorial organizations and bodies,243.0,25-35
CIV,2024,female,32,Services,Activities of extraterritorial organizations and bodies,234.0,25-35
CIV,2024,female,33,Services,Activities of extraterritorial organizations and bodies,224.0,25-35
CIV,2024,female,34,Services,Activities of extraterritorial organizations and bodies,214.0,25-35
CIV,2024,female,35,Services,Activities of extraterritorial organizations and bodies,204.0,25-35
CIV,2025,female,25,Services,Activities of extraterritorial organizations and bodies,321.0,25-35
CIV,2025,female,26,Services,Activities of extraterritorial organizations and bodies,309.0,25-35
CIV,2025,female,27,Services,Activities of extraterritorial organizations and bodies,298.0,25-35
CIV,2025,female,28,Services,Activities of extraterritorial organizations and bodies,287.0,25-35
CIV,2025,female,29,Services,Activities of extraterritorial organizations and bodies,277.0,25-35
CIV,2025,female,30,Services,Activities of extraterritorial organizations and bodies,267.0,25-35
CIV,2025,female,31,Services,Activities of extraterritorial organizations and bodies,257.0,25-35
CIV,2025,female,32,Services,Activities of extraterritorial organizations and bodies,247.0,25-35
CIV,2025,female,33,Services,Activities of extraterritorial organizations and bodies,237.0,25-35
CIV,2025,female,34,Services,Activities of extraterritorial organizations and bodies,226.0,25-35
CIV,2025,female,35,Services,Activities of extraterritorial organizations and bodies,215.0,25-35
CIV,2015,female,25,Services,Activities of households as employers; undifferentiated goods- and services-producing activities of households for own use,2947.0,25-35
CIV,2015,female,26,Services,Activities of households as employers; undifferentiated goods- and services-producing activities of households for own use,2836.0,25-35
CIV,2015,female,27,Services,Activities of households as employers; undifferentiated goods- and services-producing activities of households for own use,2727.0,25-35
CIV,2015,female,28,Services,Activities of households as employers; undifferentiated goods- and services-producing activities of households for own use,2617.0,25-35
CIV,2015,female,29,Services,Activities of households as employers; undifferentiated goods- and services-producing activities of households for own use,2510.0,25-35
CIV,2015,female,30,Services,Activities of households as employers; undifferentiated goods- and services-producing activities of households for own use,2409.0,25-35
CIV,2015,female,31,Services,Activities of households as employers; undifferentiated goods- and services-producing activities of households for own use,2309.0,25-35
CIV,2015,female,32,Services,Activities of households as employers; undifferentiated goods- and services-producing activities of households for own use,2237.0,25-35
CIV,2015,female,33,Services,Activities of households as employers; undifferentiated goods- and services-producing activities of households for own use,2204.0,25-35
CIV,2015,female,34,Services,Activities of households as employers; undifferentiated goods- and services-producing activities of households for own use,2196.0,25-35
CIV,2015,female,35,Services,Activities of households as employers; undifferentiated goods- and services-producing activities of households for own use,2186.0,25-35
CIV,2016,female,25,Services,Activities of households as employers; undifferentiated goods- and services-producing activities of households for own use,2884.0,25-35
CIV,2016,female,26,Services,Activities of households as employers; undifferentiated goods- and services-producing activities of households for own use,2774.0,25-35
CIV,2016,female,27,Services,Activities of households as employers; undifferentiated goods- and services-producing activities of households for own use,2665.0,25-35
CIV,2016,female,28,Services,Activities of households as employers; undifferentiated goods- and services-producing activities of households for own use,2555.0,25-35
CIV,2016,female,29,Services,Activities of households as employers; undifferentiated goods- and services-producing activities of households for own use,2447.0,25-35
CIV,2016,female,30,Services,Activities of households as employers; undifferentiated goods- and services-producing activities of households for own use,2345.0,25-35
CIV,2016,female,31,Services,Activities of households as employers; undifferentiated goods- and services-producing activities of households for own use,2244.0,25-35
CIV,2016,female,32,Services,Activities of households as employers; undifferentiated goods- and services-producing activities of households for own use,2171.0,25-35
CIV,2016,female,33,Services,Activities of households as employers; undifferentiated goods- and services-producing activities of households for own use,2138.0,25-35
CIV,2016,female,34,Services,Activities of households as employers; undifferentiated goods- and services-producing activities of households for own use,2131.0,25-35
CIV,2016,female,35,Services,Activities of households as employers; undifferentiated goods- and services-producing activities of households for own use,2122.0,25-35
CIV,2017,female,25,Services,Activities of households as employers; undifferentiated goods- and services-producing activities of households for own use,2569.0,25-35
CIV,2017,female,26,Services,Activities of households as employers; undifferentiated goods- and services-producing activities of households for own use,2471.0,25-35
CIV,2017,female,27,Services,Activities of households as employers; undifferentiated goods- and services-producing activities of households for own use,2373.0,25-35
CIV,2017,female,28,Services,Activities of households as employers; undifferentiated goods- and services-producing activities of households for own use,2273.0,25-35
CIV,2017,female,29,Services,Activities of households as employers; undifferentiated goods- and services-producing activities of households for own use,2175.0,25-35
CIV,2017,female,30,Services,Activities of households as employers; undifferentiated goods- and services-producing activities of households for own use,2081.0,25-35
CIV,2017,female,31,Services,Activities of households as employers; undifferentiated goods- and services-producing activities of households for own use,1988.0,25-35
CIV,2017,female,32,Services,Activities of households as employers; undifferentiated goods- and services-producing activities of households for own use,1920.0,25-35
CIV,2017,female,33,Services,Activities of households as employers; undifferentiated goods- and services-producing activities of households for own use,1890.0,25-35
CIV,2017,female,34,Services,Activities of households as employers; undifferentiated goods- and services-producing activities of households for own use,1883.0,25-35
CIV,2017,female,35,Services,Activities of households as employers; undifferentiated goods- and services-producing activities of households for own use,1875.0,25-35
CIV,2018,female,25,Services,Activities of households as employers; undifferentiated goods- and services-producing activities of households for own use,2038.0,25-35
CIV,2018,female,26,Services,Activities of households as employers; undifferentiated goods- and services-producing activities of households for own use,1961.0,25-35
CIV,2018,female,27,Services,Activities of households as employers; undifferentiated goods- and services-producing activities of households for own use,1883.0,25-35
CIV,2018,female,28,Services,Activities of households as employers; undifferentiated goods- and services-producing activities of households for own use,1802.0,25-35
CIV,2018,female,29,Services,Activities of households as employers; undifferentiated goods- and services-producing activities of households for own use,1723.0,25-35
CIV,2018,female,30,Services,Activities of households as employers; undifferentiated goods- and services-producing activities of households for own use,1647.0,25-35
CIV,2018,female,31,Services,Activities of households as employers; undifferentiated goods- and services-producing activities of households for own use,1571.0,25-35
CIV,2018,female,32,Services,Activities of households as employers; undifferentiated goods- and services-producing activities of households for own use,1515.0,25-35
CIV,2018,female,33,Services,Activities of households as employers; undifferentiated goods- and services-producing activities of households for own use,1490.0,25-35
CIV,2018,female,34,Services,Activities of households as employers; undifferentiated goods- and services-producing activities of households for own use,1483.0,25-35
CIV,2018,female,35,Services,Activities of households as employers; undifferentiated goods- and services-producing activities of households for own use,1475.0,25-35
CIV,2019,female,25,Services,Activities of households as employers; undifferentiated goods- and services-producing activities of households for own use,1778.0,25-35
CIV,2019,female,26,Services,Activities of households as employers; undifferentiated goods- and services-producing activities of households for own use,1712.0,25-35
CIV,2019,female,27,Services,Activities of households as employers; undifferentiated goods- and services-producing activities of households for own use,1645.0,25-35
CIV,2019,female,28,Services,Activities of households as employers; undifferentiated goods- and services-producing activities of households for own use,1575.0,25-35
CIV,2019,female,29,Services,Activities of households as employers; undifferentiated goods- and services-producing activities of households for own use,1504.0,25-35
CIV,2019,female,30,Services,Activities of households as employers; undifferentiated goods- and services-producing activities of households for own use,1436.0,25-35
CIV,2019,female,31,Services,Activities of households as employers; undifferentiated goods- and services-producing activities of households for own use,1368.0,25-35
CIV,2019,female,32,Services,Activities of households as employers; undifferentiated goods- and services-producing activities of households for own use,1318.0,25-35
CIV,2019,female,33,Services,Activities of households as employers; undifferentiated goods- and services-producing activities of households for own use,1294.0,25-35
CIV,2019,female,34,Services,Activities of households as employers; undifferentiated goods- and services-producing activities of households for own use,1287.0,25-35
CIV,2019,female,35,Services,Activities of households as employers; undifferentiated goods- and services-producing activities of households for own use,1278.0,25-35
CIV,2020,female,25,Services,Activities of households as employers; undifferentiated goods- and services-producing activities of households for own use,2337.0,25-35
CIV,2020,female,26,Services,Activities of households as employers; undifferentiated goods- and services-producing activities of households for own use,2255.0,25-35
CIV,2020,female,27,Services,Activities of households as employers; undifferentiated goods- and services-producing activities of households for own use,2170.0,25-35
CIV,2020,female,28,Services,Activities of households as employers; undifferentiated goods- and services-producing activities of households for own use,2077.0,25-35
CIV,2020,female,29,Services,Activities of households as employers; undifferentiated goods- and services-producing activities of households for own use,1982.0,25-35
CIV,2020,female,30,Services,Activities of households as employers; undifferentiated goods- and services-producing activities of households for own use,1892.0,25-35
CIV,2020,female,31,Services,Activities of households as employers; undifferentiated goods- and services-producing activities of households for own use,1801.0,25-35
CIV,2020,female,32,Services,Activities of households as employers; undifferentiated goods- and services-producing activities of households for own use,1733.0,25-35
CIV,2020,female,33,Services,Activities of households as employers; undifferentiated goods- and services-producing activities of households for own use,1699.0,25-35
CIV,2020,female,34,Services,Activities of households as employers; undifferentiated goods- and services-producing activities of households for own use,1687.0,25-35
CIV,2020,female,35,Services,Activities of households as employers; undifferentiated goods- and services-producing activities of households for own use,1673.0,25-35
CIV,2021,female,25,Services,Activities of households as employers; undifferentiated goods- and services-producing activities of households for own use,3098.0,25-35
CIV,2021,female,26,Services,Activities of households as employers; undifferentiated goods- and services-producing activities of households for own use,2984.0,25-35
CIV,2021,female,27,Services,Activities of households as employers; undifferentiated goods- and services-producing activities of households for own use,2869.0,25-35
CIV,2021,female,28,Services,Activities of households as employers; undifferentiated goods- and services-producing activities of households for own use,2753.0,25-35
CIV,2021,female,29,Services,Activities of households as employers; undifferentiated goods- and services-producing activities of households for own use,2638.0,25-35
CIV,2021,female,30,Services,Activities of households as employers; undifferentiated goods- and services-producing activities of households for own use,2528.0,25-35
CIV,2021,female,31,Services,Activities of households as employers; undifferentiated goods- and services-producing activities of households for own use,2420.0,25-35
CIV,2021,female,32,Services,Activities of households as employers; undifferentiated goods- and services-producing activities of households for own use,2328.0,25-35
CIV,2021,female,33,Services,Activities of households as employers; undifferentiated goods- and services-producing activities of households for own use,2259.0,25-35
CIV,2021,female,34,Services,Activities of households as employers; undifferentiated goods- and services-producing activities of households for own use,2206.0,25-35
CIV,2021,female,35,Services,Activities of households as employers; undifferentiated goods- and services-producing activities of households for own use,2154.0,25-35
CIV,2022,female,25,Services,Activities of households as employers; undifferentiated goods- and services-producing activities of households for own use,1611.0,25-35
CIV,2022,female,26,Services,Activities of households as employers; undifferentiated goods- and services-producing activities of households for own use,1550.0,25-35
CIV,2022,female,27,Services,Activities of households as employers; undifferentiated goods- and services-producing activities of households for own use,1490.0,25-35
CIV,2022,female,28,Services,Activities of households as employers; undifferentiated goods- and services-producing activities of households for own use,1432.0,25-35
CIV,2022,female,29,Services,Activities of households as employers; undifferentiated goods- and services-producing activities of households for own use,1376.0,25-35
CIV,2022,female,30,Services,Activities of households as employers; undifferentiated goods- and services-producing activities of households for own use,1322.0,25-35
CIV,2022,female,31,Services,Activities of households as employers; undifferentiated goods- and services-producing activities of households for own use,1270.0,25-35
CIV,2022,female,32,Services,Activities of households as employers; undifferentiated goods- and services-producing activities of households for own use,1222.0,25-35
CIV,2022,female,33,Services,Activities of households as employers; undifferentiated goods- and services-producing activities of households for own use,1178.0,25-35
CIV,2022,female,34,Services,Activities of households as employers; undifferentiated goods- and services-producing activities of households for own use,1137.0,25-35
CIV,2022,female,35,Services,Activities of households as employers; undifferentiated goods- and services-producing activities of households for own use,1097.0,25-35
CIV,2023,female,25,Services,Activities of households as employers; undifferentiated goods- and services-producing activities of households for own use,6223.0,25-35
CIV,2023,female,26,Services,Activities of households as employers; undifferentiated goods- and services-producing activities of households for own use,5988.0,25-35
CIV,2023,female,27,Services,Activities of households as employers; undifferentiated goods- and services-producing activities of households for own use,5760.0,25-35
CIV,2023,female,28,Services,Activities of households as employers; undifferentiated goods- and services-producing activities of households for own use,5543.0,25-35
CIV,2023,female,29,Services,Activities of households as employers; undifferentiated goods- and services-producing activities of households for own use,5336.0,25-35
CIV,2023,female,30,Services,Activities of households as employers; undifferentiated goods- and services-producing activities of households for own use,5135.0,25-35
CIV,2023,female,31,Services,Activities of households as employers; undifferentiated goods- and services-producing activities of households for own use,4946.0,25-35
CIV,2023,female,32,Services,Activities of households as employers; undifferentiated goods- and services-producing activities of households for own use,4757.0,25-35
CIV,2023,female,33,Services,Activities of households as employers; undifferentiated goods- and services-producing activities of households for own use,4563.0,25-35
CIV,2023,female,34,Services,Activities of households as employers; undifferentiated goods- and services-producing activities of households for own use,4373.0,25-35
CIV,2023,female,35,Services,Activities of households as employers; undifferentiated goods- and services-producing activities of households for own use,4191.0,25-35
CIV,2024,female,25,Services,Activities of households as employers; undifferentiated goods- and services-producing activities of households for own use,6341.0,25-35
CIV,2024,female,26,Services,Activities of households as employers; undifferentiated goods- and services-producing activities of households for own use,6105.0,25-35
CIV,2024,female,27,Services,Activities of households as employers; undifferentiated goods- and services-producing activities of households for own use,5877.0,25-35
CIV,2024,female,28,Services,Activities of households as employers; undifferentiated goods- and services-producing activities of households for own use,5662.0,25-35
CIV,2024,female,29,Services,Activities of households as employers; undifferentiated goods- and services-producing activities of households for own use,5455.0,25-35
CIV,2024,female,30,Services,Activities of households as employers; undifferentiated goods- and services-producing activities of households for own use,5255.0,25-35
CIV,2024,female,31,Services,Activities of households as employers; undifferentiated goods- and services-producing activities of households for own use,5067.0,25-35
CIV,2024,female,32,Services,Activities of households as employers; undifferentiated goods- and services-producing activities of households for own use,4872.0,25-35
CIV,2024,female,33,Services,Activities of households as employers; undifferentiated goods- and services-producing activities of households for own use,4664.0,25-35
CIV,2024,female,34,Services,Activities of households as employers; undifferentiated goods- and services-producing activities of households for own use,4452.0,25-35
CIV,2024,female,35,Services,Activities of households as employers; undifferentiated goods- and services-producing activities of households for own use,4250.0,25-35
CIV,2025,female,25,Services,Activities of households as employers; undifferentiated goods- and services-producing activities of households for own use,6680.0,25-35
CIV,2025,female,26,Services,Activities of households as employers; undifferentiated goods- and services-producing activities of households for own use,6438.0,25-35
CIV,2025,female,27,Services,Activities of households as employers; undifferentiated goods- and services-producing activities of households for own use,6204.0,25-35
CIV,2025,female,28,Services,Activities of households as employers; undifferentiated goods- and services-producing activities of households for own use,5981.0,25-35
CIV,2025,female,29,Services,Activities of households as employers; undifferentiated goods- and services-producing activities of households for own use,5766.0,25-35
CIV,2025,female,30,Services,Activities of households as employers; undifferentiated goods- and services-producing activities of households for own use,5557.0,25-35
CIV,2025,female,31,Services,Activities of households as employers; undifferentiated goods- and services-producing activities of households for own use,5359.0,25-35
CIV,2025,female,32,Services,Activities of households as employers; undifferentiated goods- and services-producing activities of households for own use,5153.0,25-35
CIV,2025,female,33,Services,Activities of households as employers; undifferentiated goods- and services-producing activities of households for own use,4929.0,25-35
CIV,2025,female,34,Services,Activities of households as employers; undifferentiated goods- and services-producing activities of households for own use,4700.0,25-35
CIV,2025,female,35,Services,Activities of households as employers; undifferentiated goods- and services-producing activities of households for own use,4481.0,25-35
CIV,2015,female,25,Services,Administrative and support service activities,523.0,25-35
CIV,2015,female,26,Services,Administrative and support service activities,504.0,25-35
CIV,2015,female,27,Services,Administrative and support service activities,484.0,25-35
CIV,2015,female,28,Services,Administrative and support service activities,465.0,25-35
CIV,2015,female,29,Services,Administrative and support service activities,446.0,25-35
CIV,2015,female,30,Services,Administrative and support service activities,428.0,25-35
CIV,2015,female,31,Services,Administrative and support service activities,410.0,25-35
CIV,2015,female,32,Services,Administrative and support service activities,397.0,25-35
CIV,2015,female,33,Services,Administrative and support service activities,391.0,25-35
CIV,2015,female,34,Services,Administrative and support service activities,390.0,25-35
CIV,2015,female,35,Services,Administrative and support service activities,388.0,25-35
CIV,2016,female,25,Services,Administrative and support service activities,449.0,25-35
CIV,2016,female,26,Services,Administrative and support service activities,432.0,25-35
CIV,2016,female,27,Services,Administrative and support service activities,415.0,25-35
CIV,2016,female,28,Services,Administrative and support service activities,398.0,25-35
CIV,2016,female,29,Services,Administrative and support service activities,381.0,25-35
CIV,2016,female,30,Services,Administrative and support service activities,365.0,25-35
CIV,2016,female,31,Services,Administrative and support service activities,350.0,25-35
CIV,2016,female,32,Services,Administrative and support service activities,338.0,25-35
CIV,2016,female,33,Services,Administrative and support service activities,333.0,25-35
CIV,2016,female,34,Services,Administrative and support service activities,332.0,25-35
CIV,2016,female,35,Services,Administrative and support service activities,331.0,25-35
CIV,2017,female,25,Services,Administrative and support service activities,423.0,25-35
CIV,2017,female,26,Services,Administrative and support service activities,407.0,25-35
CIV,2017,female,27,Services,Administrative and support service activities,391.0,25-35
CIV,2017,female,28,Services,Administrative and support service activities,374.0,25-35
CIV,2017,female,29,Services,Administrative and support service activities,358.0,25-35
CIV,2017,female,30,Services,Administrative and support service activities,343.0,25-35
CIV,2017,female,31,Services,Administrative and support service activities,327.0,25-35
CIV,2017,female,32,Services,Administrative and support service activities,316.0,25-35
CIV,2017,female,33,Services,Administrative and support service activities,311.0,25-35
CIV,2017,female,34,Services,Administrative and support service activities,310.0,25-35
CIV,2017,female,35,Services,Administrative and support service activities,309.0,25-35
CIV,2018,female,25,Services,Administrative and support service activities,339.0,25-35
CIV,2018,female,26,Services,Administrative and support service activities,326.0,25-35
CIV,2018,female,27,Services,Administrative and support service activities,313.0,25-35
CIV,2018,female,28,Services,Administrative and support service activities,300.0,25-35
CIV,2018,female,29,Services,Administrative and support service activities,287.0,25-35
CIV,2018,female,30,Services,Administrative and support service activities,274.0,25-35
CIV,2018,female,31,Services,Administrative and support service activities,261.0,25-35
CIV,2018,female,32,Services,Administrative and support service activities,252.0,25-35
CIV,2018,female,33,Services,Administrative and support service activities,248.0,25-35
CIV,2018,female,34,Services,Administrative and support service activities,247.0,25-35
CIV,2018,female,35,Services,Administrative and support service activities,245.0,25-35
CIV,2019,female,25,Services,Administrative and support service activities,251.0,25-35
CIV,2019,female,26,Services,Administrative and support service activities,242.0,25-35
CIV,2019,female,27,Services,Administrative and support service activities,232.0,25-35
CIV,2019,female,28,Services,Administrative and support service activities,222.0,25-35
CIV,2019,female,29,Services,Administrative and support service activities,212.0,25-35
CIV,2019,female,30,Services,Administrative and support service activities,203.0,25-35
CIV,2019,female,31,Services,Administrative and support service activities,193.0,25-35
CIV,2019,female,32,Services,Administrative and support service activities,186.0,25-35
CIV,2019,female,33,Services,Administrative and support service activities,183.0,25-35
CIV,2019,female,34,Services,Administrative and support service activities,182.0,25-35
CIV,2019,female,35,Services,Administrative and support service activities,181.0,25-35
CIV,2020,female,25,Services,Administrative and support service activities,351.0,25-35
CIV,2020,female,26,Services,Administrative and support service activities,339.0,25-35
CIV,2020,female,27,Services,Administrative and support service activities,326.0,25-35
CIV,2020,female,28,Services,Administrative and support service activities,312.0,25-35
CIV,2020,female,29,Services,Administrative and support service activities,298.0,25-35
CIV,2020,female,30,Services,Administrative and support service activities,284.0,25-35
CIV,2020,female,31,Services,Administrative and support service activities,271.0,25-35
CIV,2020,female,32,Services,Administrative and support service activities,261.0,25-35
CIV,2020,female,33,Services,Administrative and support service activities,255.0,25-35
CIV,2020,female,34,Services,Administrative and support service activities,254.0,25-35
CIV,2020,female,35,Services,Administrative and support service activities,252.0,25-35
CIV,2021,female,25,Services,Administrative and support service activities,346.0,25-35
CIV,2021,female,26,Services,Administrative and support service activities,334.0,25-35
CIV,2021,female,27,Services,Administrative and support service activities,321.0,25-35
CIV,2021,female,28,Services,Administrative and support service activities,308.0,25-35
CIV,2021,female,29,Services,Administrative and support service activities,295.0,25-35
CIV,2021,female,30,Services,Administrative and support service activities,283.0,25-35
CIV,2021,female,31,Services,Administrative and support service activities,270.0,25-35
CIV,2021,female,32,Services,Administrative and support service activities,260.0,25-35
CIV,2021,female,33,Services,Administrative and support service activities,253.0,25-35
CIV,2021,female,34,Services,Administrative and support service activities,247.0,25-35
CIV,2021,female,35,Services,Administrative and support service activities,241.0,25-35
CIV,2022,female,25,Services,Administrative and support service activities,302.0,25-35
CIV,2022,female,26,Services,Administrative and support service activities,290.0,25-35
CIV,2022,female,27,Services,Administrative and support service activities,279.0,25-35
CIV,2022,female,28,Services,Administrative and support service activities,268.0,25-35
CIV,2022,female,29,Services,Administrative and support service activities,258.0,25-35
CIV,2022,female,30,Services,Administrative and support service activities,248.0,25-35
CIV,2022,female,31,Services,Administrative and support service activities,238.0,25-35
CIV,2022,female,32,Services,Administrative and support service activities,229.0,25-35
CIV,2022,female,33,Services,Administrative and support service activities,221.0,25-35
CIV,2022,female,34,Services,Administrative and support service activities,213.0,25-35
CIV,2022,female,35,Services,Administrative and support service activities,206.0,25-35
CIV,2023,female,25,Services,Administrative and support service activities,331.0,25-35
CIV,2023,female,26,Services,Administrative and support service activities,318.0,25-35
CIV,2023,female,27,Services,Administrative and support service activities,306.0,25-35
CIV,2023,female,28,Services,Administrative and support service activities,295.0,25-35
CIV,2023,female,29,Services,Administrative and support service activities,284.0,25-35
CIV,2023,female,30,Services,Administrative and support service activities,273.0,25-35
CIV,2023,female,31,Services,Administrative and support service activities,263.0,25-35
CIV,2023,female,32,Services,Administrative and support service activities,253.0,25-35
CIV,2023,female,33,Services,Administrative and support service activities,243.0,25-35
CIV,2023,female,34,Services,Administrative and support service activities,233.0,25-35
CIV,2023,female,35,Services,Administrative and support service activities,223.0,25-35
CIV,2024,female,25,Services,Administrative and support service activities,332.0,25-35
CIV,2024,female,26,Services,Administrative and support service activities,319.0,25-35
CIV,2024,female,27,Services,Administrative and support service activities,308.0,25-35
CIV,2024,female,28,Services,Administrative and support service activities,296.0,25-35
CIV,2024,female,29,Services,Administrative and support service activities,285.0,25-35
CIV,2024,female,30,Services,Administrative and support service activities,275.0,25-35
CIV,2024,female,31,Services,Administrative and support service activities,265.0,25-35
CIV,2024,female,32,Services,Administrative and support service activities,255.0,25-35
CIV,2024,female,33,Services,Administrative and support service activities,244.0,25-35
CIV,2024,female,34,Services,Administrative and support service activities,233.0,25-35
CIV,2024,female,35,Services,Administrative and support service activities,222.0,25-35
CIV,2025,female,25,Services,Administrative and support service activities,350.0,25-35
CIV,2025,female,26,Services,Administrative and support service activities,338.0,25-35
CIV,2025,female,27,Services,Administrative and support service activities,325.0,25-35
CIV,2025,female,28,Services,Administrative and support service activities,314.0,25-35
CIV,2025,female,29,Services,Administrative and support service activities,302.0,25-35
CIV,2025,female,30,Services,Administrative and support service activities,291.0,25-35
CIV,2025,female,31,Services,Administrative and support service activities,281.0,25-35
CIV,2025,female,32,Services,Administrative and support service activities,270.0,25-35
CIV,2025,female,33,Services,Administrative and support service activities,258.0,25-35
CIV,2025,female,34,Services,Administrative and support service activities,246.0,25-35
CIV,2025,female,35,Services,Administrative and support service activities,235.0,25-35
CIV,2015,female,25,Agriculture,Agriculture; forestry and fishing,53590.0,25-35
CIV,2015,female,26,Agriculture,Agriculture; forestry and fishing,51575.0,25-35
CIV,2015,female,27,Agriculture,Agriculture; forestry and fishing,49599.0,25-35
CIV,2015,female,28,Agriculture,Agriculture; forestry and fishing,47598.0,25-35
CIV,2015,female,29,Agriculture,Agriculture; forestry and fishing,45650.0,25-35
CIV,2015,female,30,Agriculture,Agriculture; forestry and fishing,43820.0,25-35
CIV,2015,female,31,Agriculture,Agriculture; forestry and fishing,42001.0,25-35
CIV,2015,female,32,Agriculture,Agriculture; forestry and fishing,40683.0,25-35
CIV,2015,female,33,Agriculture,Agriculture; forestry and fishing,40087.0,25-35
CIV,2015,female,34,Agriculture,Agriculture; forestry and fishing,39933.0,25-35
CIV,2015,female,35,Agriculture,Agriculture; forestry and fishing,39750.0,25-35
CIV,2016,female,25,Agriculture,Agriculture; forestry and fishing,58509.0,25-35
CIV,2016,female,26,Agriculture,Agriculture; forestry and fishing,56279.0,25-35
CIV,2016,female,27,Agriculture,Agriculture; forestry and fishing,54079.0,25-35
CIV,2016,female,28,Agriculture,Agriculture; forestry and fishing,51840.0,25-35
CIV,2016,female,29,Agriculture,Agriculture; forestry and fishing,49654.0,25-35
CIV,2016,female,30,Agriculture,Agriculture; forestry and fishing,47590.0,25-35
CIV,2016,female,31,Agriculture,Agriculture; forestry and fishing,45530.0,25-35
CIV,2016,female,32,Agriculture,Agriculture; forestry and fishing,44043.0,25-35
CIV,2016,female,33,Agriculture,Agriculture; forestry and fishing,43385.0,25-35
CIV,2016,female,34,Agriculture,Agriculture; forestry and fishing,43238.0,25-35
CIV,2016,female,35,Agriculture,Agriculture; forestry and fishing,43057.0,25-35
CIV,2017,female,25,Agriculture,Agriculture; forestry and fishing,59563.0,25-35
CIV,2017,female,26,Agriculture,Agriculture; forestry and fishing,57285.0,25-35
CIV,2017,female,27,Agriculture,Agriculture; forestry and fishing,55017.0,25-35
CIV,2017,female,28,Agriculture,Agriculture; forestry and fishing,52693.0,25-35
CIV,2017,female,29,Agriculture,Agriculture; forestry and fishing,50413.0,25-35
CIV,2017,female,30,Agriculture,Agriculture; forestry and fishing,48251.0,25-35
CIV,2017,female,31,Agriculture,Agriculture; forestry and fishing,46086.0,25-35
CIV,2017,female,32,Agriculture,Agriculture; forestry and fishing,44517.0,25-35
CIV,2017,female,33,Agriculture,Agriculture; forestry and fishing,43816.0,25-35
CIV,2017,female,34,Agriculture,Agriculture; forestry and fishing,43655.0,25-35
CIV,2017,female,35,Agriculture,Agriculture; forestry and fishing,43455.0,25-35
CIV,2018,female,25,Agriculture,Agriculture; forestry and fishing,56806.0,25-35
CIV,2018,female,26,Agriculture,Agriculture; forestry and fishing,54654.0,25-35
CIV,2018,female,27,Agriculture,Agriculture; forestry and fishing,52487.0,25-35
CIV,2018,female,28,Agriculture,Agriculture; forestry and fishing,50243.0,25-35
CIV,2018,female,29,Agriculture,Agriculture; forestry and fishing,48022.0,25-35
CIV,2018,female,30,Agriculture,Agriculture; forestry and fishing,45908.0,25-35
CIV,2018,female,31,Agriculture,Agriculture; forestry and fishing,43786.0,25-35
CIV,2018,female,32,Agriculture,Agriculture; forestry and fishing,42236.0,25-35
CIV,2018,female,33,Agriculture,Agriculture; forestry and fishing,41522.0,25-35
CIV,2018,female,34,Agriculture,Agriculture; forestry and fishing,41335.0,25-35
CIV,2018,female,35,Agriculture,Agriculture; forestry and fishing,41106.0,25-35
CIV,2019,female,25,Agriculture,Agriculture; forestry and fishing,53367.0,25-35
CIV,2019,female,26,Agriculture,Agriculture; forestry and fishing,51399.0,25-35
CIV,2019,female,27,Agriculture,Agriculture; forestry and fishing,49387.0,25-35
CIV,2019,female,28,Agriculture,Agriculture; forestry and fishing,47267.0,25-35
CIV,2019,female,29,Agriculture,Agriculture; forestry and fishing,45143.0,25-35
CIV,2019,female,30,Agriculture,Agriculture; forestry and fishing,43115.0,25-35
CIV,2019,female,31,Agriculture,Agriculture; forestry and fishing,41075.0,25-35
CIV,2019,female,32,Agriculture,Agriculture; forestry and fishing,39569.0,25-35
CIV,2019,female,33,Agriculture,Agriculture; forestry and fishing,38849.0,25-35
CIV,2019,female,34,Agriculture,Agriculture; forestry and fishing,38627.0,25-35
CIV,2019,female,35,Agriculture,Agriculture; forestry and fishing,38364.0,25-35
CIV,2020,female,25,Agriculture,Agriculture; forestry and fishing,60440.0,25-35
CIV,2020,female,26,Agriculture,Agriculture; forestry and fishing,58320.0,25-35
CIV,2020,female,27,Agriculture,Agriculture; forestry and fishing,56106.0,25-35
CIV,2020,female,28,Agriculture,Agriculture; forestry and fishing,53711.0,25-35
CIV,2020,female,29,Agriculture,Agriculture; forestry and fishing,51269.0,25-35
CIV,2020,female,30,Agriculture,Agriculture; forestry and fishing,48932.0,25-35
CIV,2020,female,31,Agriculture,Agriculture; forestry and fishing,46580.0,25-35
CIV,2020,female,32,Agriculture,Agriculture; forestry and fishing,44821.0,25-35
CIV,2020,female,33,Agriculture,Agriculture; forestry and fishing,43946.0,25-35
CIV,2020,female,34,Agriculture,Agriculture; forestry and fishing,43635.0,25-35
CIV,2020,female,35,Agriculture,Agriculture; forestry and fishing,43272.0,25-35
CIV,2021,female,25,Agriculture,Agriculture; forestry and fishing,67164.0,25-35
CIV,2021,female,26,Agriculture,Agriculture; forestry and fishing,64686.0,25-35
CIV,2021,female,27,Agriculture,Agriculture; forestry and fishing,62200.0,25-35
CIV,2021,female,28,Agriculture,Agriculture; forestry and fishing,59675.0,25-35
CIV,2021,female,29,Agriculture,Agriculture; forestry and fishing,57182.0,25-35
CIV,2021,female,30,Agriculture,Agriculture; forestry and fishing,54791.0,25-35
CIV,2021,female,31,Agriculture,Agriculture; forestry and fishing,52454.0,25-35
CIV,2021,female,32,Agriculture,Agriculture; forestry and fishing,50466.0,25-35
CIV,2021,female,33,Agriculture,Agriculture; forestry and fishing,48972.0,25-35
CIV,2021,female,34,Agriculture,Agriculture; forestry and fishing,47828.0,25-35
CIV,2021,female,35,Agriculture,Agriculture; forestry and fishing,46692.0,25-35
CIV,2022,female,25,Agriculture,Agriculture; forestry and fishing,71989.0,25-35
CIV,2022,female,26,Agriculture,Agriculture; forestry and fishing,69273.0,25-35
CIV,2022,female,27,Agriculture,Agriculture; forestry and fishing,66611.0,25-35
CIV,2022,female,28,Agriculture,Agriculture; forestry and fishing,64017.0,25-35
CIV,2022,female,29,Agriculture,Agriculture; forestry and fishing,61509.0,25-35
CIV,2022,female,30,Agriculture,Agriculture; forestry and fishing,59095.0,25-35
CIV,2022,female,31,Agriculture,Agriculture; forestry and fishing,56787.0,25-35
CIV,2022,female,32,Agriculture,Agriculture; forestry and fishing,54625.0,25-35
CIV,2022,female,33,Agriculture,Agriculture; forestry and fishing,52636.0,25-35
CIV,2022,female,34,Agriculture,Agriculture; forestry and fishing,50817.0,25-35
CIV,2022,female,35,Agriculture,Agriculture; forestry and fishing,49052.0,25-35
CIV,2023,female,25,Agriculture,Agriculture; forestry and fishing,71543.0,25-35
CIV,2023,female,26,Agriculture,Agriculture; forestry and fishing,68840.0,25-35
CIV,2023,female,27,Agriculture,Agriculture; forestry and fishing,66222.0,25-35
CIV,2023,female,28,Agriculture,Agriculture; forestry and fishing,63728.0,25-35
CIV,2023,female,29,Agriculture,Agriculture; forestry and fishing,61340.0,25-35
CIV,2023,female,30,Agriculture,Agriculture; forestry and fishing,59036.0,25-35
CIV,2023,female,31,Agriculture,Agriculture; forestry and fishing,56857.0,25-35
CIV,2023,female,32,Agriculture,Agriculture; forestry and fishing,54682.0,25-35
CIV,2023,female,33,Agriculture,Agriculture; forestry and fishing,52458.0,25-35
CIV,2023,female,34,Agriculture,Agriculture; forestry and fishing,50276.0,25-35
CIV,2023,female,35,Agriculture,Agriculture; forestry and fishing,48177.0,25-35
CIV,2024,female,25,Agriculture,Agriculture; forestry and fishing,72718.0,25-35
CIV,2024,female,26,Agriculture,Agriculture; forestry and fishing,70013.0,25-35
CIV,2024,female,27,Agriculture,Agriculture; forestry and fishing,67398.0,25-35
CIV,2024,female,28,Agriculture,Agriculture; forestry and fishing,64926.0,25-35
CIV,2024,female,29,Agriculture,Agriculture; forestry and fishing,62561.0,25-35
CIV,2024,female,30,Agriculture,Agriculture; forestry and fishing,60268.0,25-35
CIV,2024,female,31,Agriculture,Agriculture; forestry and fishing,58109.0,25-35
CIV,2024,female,32,Agriculture,Agriculture; forestry and fishing,55877.0,25-35
CIV,2024,female,33,Agriculture,Agriculture; forestry and fishing,53481.0,25-35
CIV,2024,female,34,Agriculture,Agriculture; forestry and fishing,51057.0,25-35
CIV,2024,female,35,Agriculture,Agriculture; forestry and fishing,48736.0,25-35
CIV,2025,female,25,Agriculture,Agriculture; forestry and fishing,73490.0,25-35
CIV,2025,female,26,Agriculture,Agriculture; forestry and fishing,70832.0,25-35
CIV,2025,female,27,Agriculture,Agriculture; forestry and fishing,68253.0,25-35
CIV,2025,female,28,Agriculture,Agriculture; forestry and fishing,65798.0,25-35
CIV,2025,female,29,Agriculture,Agriculture; forestry and fishing,63437.0,25-35
CIV,2025,female,30,Agriculture,Agriculture; forestry and fishing,61138.0,25-35
CIV,2025,female,31,Agriculture,Agriculture; forestry and fishing,58963.0,25-35
CIV,2025,female,32,Agriculture,Agriculture; forestry and fishing,56691.0,25-35
CIV,2025,female,33,Agriculture,Agriculture; forestry and fishing,54225.0,25-35
CIV,2025,female,34,Agriculture,Agriculture; forestry and fishing,51709.0,25-35
CIV,2025,female,35,Agriculture,Agriculture; forestry and fishing,49300.0,25-35
CIV,2015,female,25,Services,"Arts, entertainment and recreation",132.0,25-35
CIV,2015,female,26,Services,"Arts, entertainment and recreation",127.0,25-35
CIV,2015,female,27,Services,"Arts, entertainment and recreation",122.0,25-35
CIV,2015,female,28,Services,"Arts, entertainment and recreation",117.0,25-35
CIV,2015,female,29,Services,"Arts, entertainment and recreation",113.0,25-35
CIV,2015,female,30,Services,"Arts, entertainment and recreation",108.0,25-35
CIV,2015,female,31,Services,"Arts, entertainment and recreation",104.0,25-35
CIV,2015,female,32,Services,"Arts, entertainment and recreation",100.0,25-35
CIV,2015,female,33,Services,"Arts, entertainment and recreation",99.0,25-35
CIV,2015,female,34,Services,"Arts, entertainment and recreation",98.0,25-35
CIV,2015,female,35,Services,"Arts, entertainment and recreation",98.0,25-35
CIV,2016,female,25,Services,"Arts, entertainment and recreation",122.0,25-35
CIV,2016,female,26,Services,"Arts, entertainment and recreation",117.0,25-35
CIV,2016,female,27,Services,"Arts, entertainment and recreation",112.0,25-35
CIV,2016,female,28,Services,"Arts, entertainment and recreation",108.0,25-35
CIV,2016,female,29,Services,"Arts, entertainment and recreation",103.0,25-35
CIV,2016,female,30,Services,"Arts, entertainment and recreation",99.0,25-35
CIV,2016,female,31,Services,"Arts, entertainment and recreation",95.0,25-35
CIV,2016,female,32,Services,"Arts, entertainment and recreation",92.0,25-35
CIV,2016,female,33,Services,"Arts, entertainment and recreation",90.0,25-35
CIV,2016,female,34,Services,"Arts, entertainment and recreation",90.0,25-35
CIV,2016,female,35,Services,"Arts, entertainment and recreation",89.0,25-35
CIV,2017,female,25,Services,"Arts, entertainment and recreation",131.0,25-35
CIV,2017,female,26,Services,"Arts, entertainment and recreation",126.0,25-35
CIV,2017,female,27,Services,"Arts, entertainment and recreation",121.0,25-35
CIV,2017,female,28,Services,"Arts, entertainment and recreation",116.0,25-35
CIV,2017,female,29,Services,"Arts, entertainment and recreation",111.0,25-35
CIV,2017,female,30,Services,"Arts, entertainment and recreation",106.0,25-35
CIV,2017,female,31,Services,"Arts, entertainment and recreation",102.0,25-35
CIV,2017,female,32,Services,"Arts, entertainment and recreation",98.0,25-35
CIV,2017,female,33,Services,"Arts, entertainment and recreation",97.0,25-35
CIV,2017,female,34,Services,"Arts, entertainment and recreation",96.0,25-35
CIV,2017,female,35,Services,"Arts, entertainment and recreation",96.0,25-35
CIV,2018,female,25,Services,"Arts, entertainment and recreation",149.0,25-35
CIV,2018,female,26,Services,"Arts, entertainment and recreation",143.0,25-35
CIV,2018,female,27,Services,"Arts, entertainment and recreation",137.0,25-35
CIV,2018,female,28,Services,"Arts, entertainment and recreation",131.0,25-35
CIV,2018,female,29,Services,"Arts, entertainment and recreation",126.0,25-35
CIV,2018,female,30,Services,"Arts, entertainment and recreation",120.0,25-35
CIV,2018,female,31,Services,"Arts, entertainment and recreation",115.0,25-35
CIV,2018,female,32,Services,"Arts, entertainment and recreation",111.0,25-35
CIV,2018,female,33,Services,"Arts, entertainment and recreation",109.0,25-35
CIV,2018,female,34,Services,"Arts, entertainment and recreation",108.0,25-35
CIV,2018,female,35,Services,"Arts, entertainment and recreation",108.0,25-35
CIV,2019,female,25,Services,"Arts, entertainment and recreation",390.0,25-35
CIV,2019,female,26,Services,"Arts, entertainment and recreation",376.0,25-35
CIV,2019,female,27,Services,"Arts, entertainment and recreation",361.0,25-35
CIV,2019,female,28,Services,"Arts, entertainment and recreation",346.0,25-35
CIV,2019,female,29,Services,"Arts, entertainment and recreation",330.0,25-35
CIV,2019,female,30,Services,"Arts, entertainment and recreation",315.0,25-35
CIV,2019,female,31,Services,"Arts, entertainment and recreation",300.0,25-35
CIV,2019,female,32,Services,"Arts, entertainment and recreation",289.0,25-35
CIV,2019,female,33,Services,"Arts, entertainment and recreation",284.0,25-35
CIV,2019,female,34,Services,"Arts, entertainment and recreation",282.0,25-35
CIV,2019,female,35,Services,"Arts, entertainment and recreation",280.0,25-35
CIV,2020,female,25,Services,"Arts, entertainment and recreation",187.0,25-35
CIV,2020,female,26,Services,"Arts, entertainment and recreation",181.0,25-35
CIV,2020,female,27,Services,"Arts, entertainment and recreation",174.0,25-35
CIV,2020,female,28,Services,"Arts, entertainment and recreation",166.0,25-35
CIV,2020,female,29,Services,"Arts, entertainment and recreation",159.0,25-35
CIV,2020,female,30,Services,"Arts, entertainment and recreation",152.0,25-35
CIV,2020,female,31,Services,"Arts, entertainment and recreation",144.0,25-35
CIV,2020,female,32,Services,"Arts, entertainment and recreation",139.0,25-35
CIV,2020,female,33,Services,"Arts, entertainment and recreation",136.0,25-35
CIV,2020,female,34,Services,"Arts, entertainment and recreation",135.0,25-35
CIV,2020,female,35,Services,"Arts, entertainment and recreation",134.0,25-35
CIV,2021,female,25,Services,"Arts, entertainment and recreation",215.0,25-35
CIV,2021,female,26,Services,"Arts, entertainment and recreation",207.0,25-35
CIV,2021,female,27,Services,"Arts, entertainment and recreation",199.0,25-35
CIV,2021,female,28,Services,"Arts, entertainment and recreation",191.0,25-35
CIV,2021,female,29,Services,"Arts, entertainment and recreation",183.0,25-35
CIV,2021,female,30,Services,"Arts, entertainment and recreation",176.0,25-35
CIV,2021,female,31,Services,"Arts, entertainment and recreation",168.0,25-35
CIV,2021,female,32,Services,"Arts, entertainment and recreation",162.0,25-35
CIV,2021,female,33,Services,"Arts, entertainment and recreation",157.0,25-35
CIV,2021,female,34,Services,"Arts, entertainment and recreation",153.0,25-35
CIV,2021,female,35,Services,"Arts, entertainment and recreation",150.0,25-35
CIV,2022,female,25,Services,"Arts, entertainment and recreation",144.0,25-35
CIV,2022,female,26,Services,"Arts, entertainment and recreation",138.0,25-35
CIV,2022,female,27,Services,"Arts, entertainment and recreation",133.0,25-35
CIV,2022,female,28,Services,"Arts, entertainment and recreation",128.0,25-35
CIV,2022,female,29,Services,"Arts, entertainment and recreation",123.0,25-35
CIV,2022,female,30,Services,"Arts, entertainment and recreation",118.0,25-35
CIV,2022,female,31,Services,"Arts, entertainment and recreation",113.0,25-35
CIV,2022,female,32,Services,"Arts, entertainment and recreation",109.0,25-35
CIV,2022,female,33,Services,"Arts, entertainment and recreation",105.0,25-35
CIV,2022,female,34,Services,"Arts, entertainment and recreation",102.0,25-35
CIV,2022,female,35,Services,"Arts, entertainment and recreation",98.0,25-35
CIV,2023,female,25,Services,"Arts, entertainment and recreation",284.0,25-35
CIV,2023,female,26,Services,"Arts, entertainment and recreation",273.0,25-35
CIV,2023,female,27,Services,"Arts, entertainment and recreation",263.0,25-35
CIV,2023,female,28,Services,"Arts, entertainment and recreation",253.0,25-35
CIV,2023,female,29,Services,"Arts, entertainment and recreation",244.0,25-35
CIV,2023,female,30,Services,"Arts, entertainment and recreation",235.0,25-35
CIV,2023,female,31,Services,"Arts, entertainment and recreation",226.0,25-35
CIV,2023,female,32,Services,"Arts, entertainment and recreation",217.0,25-35
CIV,2023,female,33,Services,"Arts, entertainment and recreation",208.0,25-35
CIV,2023,female,34,Services,"Arts, entertainment and recreation",200.0,25-35
CIV,2023,female,35,Services,"Arts, entertainment and recreation",191.0,25-35
CIV,2024,female,25,Services,"Arts, entertainment and recreation",263.0,25-35
CIV,2024,female,26,Services,"Arts, entertainment and recreation",253.0,25-35
CIV,2024,female,27,Services,"Arts, entertainment and recreation",244.0,25-35
CIV,2024,female,28,Services,"Arts, entertainment and recreation",235.0,25-35
CIV,2024,female,29,Services,"Arts, entertainment and recreation",226.0,25-35
CIV,2024,female,30,Services,"Arts, entertainment and recreation",218.0,25-35
CIV,2024,female,31,Services,"Arts, entertainment and recreation",210.0,25-35
CIV,2024,female,32,Services,"Arts, entertainment and recreation",202.0,25-35
CIV,2024,female,33,Services,"Arts, entertainment and recreation",193.0,25-35
CIV,2024,female,34,Services,"Arts, entertainment and recreation",185.0,25-35
CIV,2024,female,35,Services,"Arts, entertainment and recreation",176.0,25-35
CIV,2025,female,25,Services,"Arts, entertainment and recreation",277.0,25-35
CIV,2025,female,26,Services,"Arts, entertainment and recreation",267.0,25-35
CIV,2025,female,27,Services,"Arts, entertainment and recreation",257.0,25-35
CIV,2025,female,28,Services,"Arts, entertainment and recreation",248.0,25-35
CIV,2025,female,29,Services,"Arts, entertainment and recreation",239.0,25-35
CIV,2025,female,30,Services,"Arts, entertainment and recreation",230.0,25-35
CIV,2025,female,31,Services,"Arts, entertainment and recreation",222.0,25-35
CIV,2025,female,32,Services,"Arts, entertainment and recreation",214.0,25-35
CIV,2025,female,33,Services,"Arts, entertainment and recreation",204.0,25-35
CIV,2025,female,34,Services,"Arts, entertainment and recreation",195.0,25-35
CIV,2025,female,35,Services,"Arts, entertainment and recreation",186.0,25-35
CIV,2015,female,25,Industry,Construction,183.0,25-35
CIV,2015,female,26,Industry,Construction,176.0,25-35
CIV,2015,female,27,Industry,Construction,169.0,25-35
CIV,2015,female,28,Industry,Construction,162.0,25-35
CIV,2015,female,29,Industry,Construction,156.0,25-35
CIV,2015,female,30,Industry,Construction,150.0,25-35
CIV,2015,female,31,Industry,Construction,143.0,25-35
CIV,2015,female,32,Industry,Construction,139.0,25-35
CIV,2015,female,33,Industry,Construction,137.0,25-35
CIV,2015,female,34,Industry,Construction,136.0,25-35
CIV,2015,female,35,Industry,Construction,136.0,25-35
CIV,2016,female,25,Industry,Construction,199.0,25-35
CIV,2016,female,26,Industry,Construction,191.0,25-35
CIV,2016,female,27,Industry,Construction,184.0,25-35
CIV,2016,female,28,Industry,Construction,176.0,25-35
CIV,2016,female,29,Industry,Construction,169.0,25-35
CIV,2016,female,30,Industry,Construction,162.0,25-35
CIV,2016,female,31,Industry,Construction,155.0,25-35
CIV,2016,female,32,Industry,Construction,150.0,25-35
CIV,2016,female,33,Industry,Construction,148.0,25-35
CIV,2016,female,34,Industry,Construction,147.0,25-35
CIV,2016,female,35,Industry,Construction,146.0,25-35
CIV,2017,female,25,Industry,Construction,271.0,25-35
CIV,2017,female,26,Industry,Construction,261.0,25-35
CIV,2017,female,27,Industry,Construction,251.0,25-35
CIV,2017,female,28,Industry,Construction,240.0,25-35
CIV,2017,female,29,Industry,Construction,230.0,25-35
CIV,2017,female,30,Industry,Construction,220.0,25-35
CIV,2017,female,31,Industry,Construction,210.0,25-35
CIV,2017,female,32,Industry,Construction,203.0,25-35
CIV,2017,female,33,Industry,Construction,200.0,25-35
CIV,2017,female,34,Industry,Construction,199.0,25-35
CIV,2017,female,35,Industry,Construction,198.0,25-35
CIV,2018,female,25,Industry,Construction,360.0,25-35
CIV,2018,female,26,Industry,Construction,346.0,25-35
CIV,2018,female,27,Industry,Construction,332.0,25-35
CIV,2018,female,28,Industry,Construction,318.0,25-35
CIV,2018,female,29,Industry,Construction,304.0,25-35
CIV,2018,female,30,Industry,Construction,291.0,25-35
CIV,2018,female,31,Industry,Construction,277.0,25-35
CIV,2018,female,32,Industry,Construction,267.0,25-35
CIV,2018,female,33,Industry,Construction,263.0,25-35
CIV,2018,female,34,Industry,Construction,262.0,25-35
CIV,2018,female,35,Industry,Construction,260.0,25-35
CIV,2019,female,25,Industry,Construction,491.0,25-35
CIV,2019,female,26,Industry,Construction,473.0,25-35
CIV,2019,female,27,Industry,Construction,455.0,25-35
CIV,2019,female,28,Industry,Construction,435.0,25-35
CIV,2019,female,29,Industry,Construction,416.0,25-35
CIV,2019,female,30,Industry,Construction,397.0,25-35
CIV,2019,female,31,Industry,Construction,378.0,25-35
CIV,2019,female,32,Industry,Construction,364.0,25-35
CIV,2019,female,33,Industry,Construction,358.0,25-35
CIV,2019,female,34,Industry,Construction,356.0,25-35
CIV,2019,female,35,Industry,Construction,353.0,25-35
CIV,2020,female,25,Industry,Construction,519.0,25-35
CIV,2020,female,26,Industry,Construction,501.0,25-35
CIV,2020,female,27,Industry,Construction,482.0,25-35
CIV,2020,female,28,Industry,Construction,461.0,25-35
CIV,2020,female,29,Industry,Construction,440.0,25-35
CIV,2020,female,30,Industry,Construction,420.0,25-35
CIV,2020,female,31,Industry,Construction,400.0,25-35
CIV,2020,female,32,Industry,Construction,385.0,25-35
CIV,2020,female,33,Industry,Construction,378.0,25-35
CIV,2020,female,34,Industry,Construction,375.0,25-35
CIV,2020,female,35,Industry,Construction,372.0,25-35
CIV,2021,female,25,Industry,Construction,464.0,25-35
CIV,2021,female,26,Industry,Construction,447.0,25-35
CIV,2021,female,27,Industry,Construction,430.0,25-35
CIV,2021,female,28,Industry,Construction,412.0,25-35
CIV,2021,female,29,Industry,Construction,395.0,25-35
CIV,2021,female,30,Industry,Construction,378.0,25-35
CIV,2021,female,31,Industry,Construction,362.0,25-35
CIV,2021,female,32,Industry,Construction,348.0,25-35
CIV,2021,female,33,Industry,Construction,338.0,25-35
CIV,2021,female,34,Industry,Construction,330.0,25-35
CIV,2021,female,35,Industry,Construction,322.0,25-35
CIV,2022,female,25,Industry,Construction,426.0,25-35
CIV,2022,female,26,Industry,Construction,410.0,25-35
CIV,2022,female,27,Industry,Construction,394.0,25-35
CIV,2022,female,28,Industry,Construction,379.0,25-35
CIV,2022,female,29,Industry,Construction,364.0,25-35
CIV,2022,female,30,Industry,Construction,350.0,25-35
CIV,2022,female,31,Industry,Construction,336.0,25-35
CIV,2022,female,32,Industry,Construction,323.0,25-35
CIV,2022,female,33,Industry,Construction,311.0,25-35
CIV,2022,female,34,Industry,Construction,301.0,25-35
CIV,2022,female,35,Industry,Construction,290.0,25-35
CIV,2023,female,25,Industry,Construction,475.0,25-35
CIV,2023,female,26,Industry,Construction,457.0,25-35
CIV,2023,female,27,Industry,Construction,440.0,25-35
CIV,2023,female,28,Industry,Construction,423.0,25-35
CIV,2023,female,29,Industry,Construction,408.0,25-35
CIV,2023,female,30,Industry,Construction,392.0,25-35
CIV,2023,female,31,Industry,Construction,378.0,25-35
CIV,2023,female,32,Industry,Construction,363.0,25-35
CIV,2023,female,33,Industry,Construction,349.0,25-35
CIV,2023,female,34,Industry,Construction,334.0,25-35
CIV,2023,female,35,Industry,Construction,320.0,25-35
CIV,2024,female,25,Industry,Construction,486.0,25-35
CIV,2024,female,26,Industry,Construction,468.0,25-35
CIV,2024,female,27,Industry,Construction,450.0,25-35
CIV,2024,female,28,Industry,Construction,434.0,25-35
CIV,2024,female,29,Industry,Construction,418.0,25-35
CIV,2024,female,30,Industry,Construction,402.0,25-35
CIV,2024,female,31,Industry,Construction,388.0,25-35
CIV,2024,female,32,Industry,Construction,373.0,25-35
CIV,2024,female,33,Industry,Construction,357.0,25-35
CIV,2024,female,34,Industry,Construction,341.0,25-35
CIV,2024,female,35,Industry,Construction,325.0,25-35
CIV,2025,female,25,Industry,Construction,508.0,25-35
CIV,2025,female,26,Industry,Construction,490.0,25-35
CIV,2025,female,27,Industry,Construction,472.0,25-35
CIV,2025,female,28,Industry,Construction,455.0,25-35
CIV,2025,female,29,Industry,Construction,439.0,25-35
CIV,2025,female,30,Industry,Construction,423.0,25-35
CIV,2025,female,31,Industry,Construction,408.0,25-35
CIV,2025,female,32,Industry,Construction,392.0,25-35
CIV,2025,female,33,Industry,Construction,375.0,25-35
CIV,2025,female,34,Industry,Construction,358.0,25-35
CIV,2025,female,35,Industry,Construction,341.0,25-35
CIV,2015,female,25,Services,Education,684.0,25-35
CIV,2015,female,26,Services,Education,658.0,25-35
CIV,2015,female,27,Services,Education,633.0,25-35
CIV,2015,female,28,Services,Education,608.0,25-35
CIV,2015,female,29,Services,Education,583.0,25-35
CIV,2015,female,30,Services,Education,559.0,25-35
CIV,2015,female,31,Services,Education,536.0,25-35
CIV,2015,female,32,Services,Education,519.0,25-35
CIV,2015,female,33,Services,Education,512.0,25-35
CIV,2015,female,34,Services,Education,510.0,25-35
CIV,2015,female,35,Services,Education,507.0,25-35
CIV,2016,female,25,Services,Education,723.0,25-35
CIV,2016,female,26,Services,Education,695.0,25-35
CIV,2016,female,27,Services,Education,668.0,25-35
CIV,2016,female,28,Services,Education,640.0,25-35
CIV,2016,female,29,Services,Education,613.0,25-35
CIV,2016,female,30,Services,Education,588.0,25-35
CIV,2016,female,31,Services,Education,562.0,25-35
CIV,2016,female,32,Services,Education,544.0,25-35
CIV,2016,female,33,Services,Education,536.0,25-35
CIV,2016,female,34,Services,Education,534.0,25-35
CIV,2016,female,35,Services,Education,532.0,25-35
CIV,2017,female,25,Services,Education,776.0,25-35
CIV,2017,female,26,Services,Education,747.0,25-35
CIV,2017,female,27,Services,Education,717.0,25-35
CIV,2017,female,28,Services,Education,687.0,25-35
CIV,2017,female,29,Services,Education,657.0,25-35
CIV,2017,female,30,Services,Education,629.0,25-35
CIV,2017,female,31,Services,Education,601.0,25-35
CIV,2017,female,32,Services,Education,580.0,25-35
CIV,2017,female,33,Services,Education,571.0,25-35
CIV,2017,female,34,Services,Education,569.0,25-35
CIV,2017,female,35,Services,Education,566.0,25-35
CIV,2018,female,25,Services,Education,965.0,25-35
CIV,2018,female,26,Services,Education,929.0,25-35
CIV,2018,female,27,Services,Education,892.0,25-35
CIV,2018,female,28,Services,Education,854.0,25-35
CIV,2018,female,29,Services,Education,816.0,25-35
CIV,2018,female,30,Services,Education,780.0,25-35
CIV,2018,female,31,Services,Education,744.0,25-35
CIV,2018,female,32,Services,Education,718.0,25-35
CIV,2018,female,33,Services,Education,706.0,25-35
CIV,2018,female,34,Services,Education,703.0,25-35
CIV,2018,female,35,Services,Education,699.0,25-35
CIV,2019,female,25,Services,Education,1129.0,25-35
CIV,2019,female,26,Services,Education,1088.0,25-35
CIV,2019,female,27,Services,Education,1045.0,25-35
CIV,2019,female,28,Services,Education,1000.0,25-35
CIV,2019,female,29,Services,Education,955.0,25-35
CIV,2019,female,30,Services,Education,912.0,25-35
CIV,2019,female,31,Services,Education,869.0,25-35
CIV,2019,female,32,Services,Education,837.0,25-35
CIV,2019,female,33,Services,Education,822.0,25-35
CIV,2019,female,34,Services,Education,817.0,25-35
CIV,2019,female,35,Services,Education,812.0,25-35
CIV,2020,female,25,Services,Education,1499.0,25-35
CIV,2020,female,26,Services,Education,1446.0,25-35
CIV,2020,female,27,Services,Education,1391.0,25-35
CIV,2020,female,28,Services,Education,1332.0,25-35
CIV,2020,female,29,Services,Education,1271.0,25-35
CIV,2020,female,30,Services,Education,1213.0,25-35
CIV,2020,female,31,Services,Education,1155.0,25-35
CIV,2020,female,32,Services,Education,1111.0,25-35
CIV,2020,female,33,Services,Education,1090.0,25-35
CIV,2020,female,34,Services,Education,1082.0,25-35
CIV,2020,female,35,Services,Education,1073.0,25-35
CIV,2021,female,25,Services,Education,1841.0,25-35
CIV,2021,female,26,Services,Education,1773.0,25-35
CIV,2021,female,27,Services,Education,1705.0,25-35
CIV,2021,female,28,Services,Education,1636.0,25-35
CIV,2021,female,29,Services,Education,1567.0,25-35
CIV,2021,female,30,Services,Education,1502.0,25-35
CIV,2021,female,31,Services,Education,1438.0,25-35
CIV,2021,female,32,Services,Education,1383.0,25-35
CIV,2021,female,33,Services,Education,1342.0,25-35
CIV,2021,female,34,Services,Education,1311.0,25-35
CIV,2021,female,35,Services,Education,1280.0,25-35
CIV,2022,female,25,Services,Education,2275.0,25-35
CIV,2022,female,26,Services,Education,2190.0,25-35
CIV,2022,female,27,Services,Education,2105.0,25-35
CIV,2022,female,28,Services,Education,2024.0,25-35
CIV,2022,female,29,Services,Education,1944.0,25-35
CIV,2022,female,30,Services,Education,1868.0,25-35
CIV,2022,female,31,Services,Education,1795.0,25-35
CIV,2022,female,32,Services,Education,1727.0,25-35
CIV,2022,female,33,Services,Education,1664.0,25-35
CIV,2022,female,34,Services,Education,1606.0,25-35
CIV,2022,female,35,Services,Education,1551.0,25-35
CIV,2023,female,25,Services,Education,2398.0,25-35
CIV,2023,female,26,Services,Education,2308.0,25-35
CIV,2023,female,27,Services,Education,2220.0,25-35
CIV,2023,female,28,Services,Education,2136.0,25-35
CIV,2023,female,29,Services,Education,2056.0,25-35
CIV,2023,female,30,Services,Education,1979.0,25-35
CIV,2023,female,31,Services,Education,1906.0,25-35
CIV,2023,female,32,Services,Education,1833.0,25-35
CIV,2023,female,33,Services,Education,1758.0,25-35
CIV,2023,female,34,Services,Education,1685.0,25-35
CIV,2023,female,35,Services,Education,1615.0,25-35
CIV,2024,female,25,Services,Education,2576.0,25-35
CIV,2024,female,26,Services,Education,2481.0,25-35
CIV,2024,female,27,Services,Education,2388.0,25-35
CIV,2024,female,28,Services,Education,2300.0,25-35
CIV,2024,female,29,Services,Education,2217.0,25-35
CIV,2024,female,30,Services,Education,2135.0,25-35
CIV,2024,female,31,Services,Education,2059.0,25-35
CIV,2024,female,32,Services,Education,1980.0,25-35
CIV,2024,female,33,Services,Education,1895.0,25-35
CIV,2024,female,34,Services,Education,1809.0,25-35
CIV,2024,female,35,Services,Education,1727.0,25-35
CIV,2025,female,25,Services,Education,2729.0,25-35
CIV,2025,female,26,Services,Education,2631.0,25-35
CIV,2025,female,27,Services,Education,2535.0,25-35
CIV,2025,female,28,Services,Education,2444.0,25-35
CIV,2025,female,29,Services,Education,2356.0,25-35
CIV,2025,female,30,Services,Education,2271.0,25-35
CIV,2025,female,31,Services,Education,2190.0,25-35
CIV,2025,female,32,Services,Education,2106.0,25-35
CIV,2025,female,33,Services,Education,2014.0,25-35
CIV,2025,female,34,Services,Education,1921.0,25-35
CIV,2025,female,35,Services,Education,1831.0,25-35
CIV,2015,female,25,Industry,"Electricity; gas, steam and air conditioning supply",111.0,25-35
CIV,2015,female,26,Industry,"Electricity; gas, steam and air conditioning supply",107.0,25-35
CIV,2015,female,27,Industry,"Electricity; gas, steam and air conditioning supply",103.0,25-35
CIV,2015,female,28,Industry,"Electricity; gas, steam and air conditioning supply",99.0,25-35
CIV,2015,female,29,Industry,"Electricity; gas, steam and air conditioning supply",95.0,25-35
CIV,2015,female,30,Industry,"Electricity; gas, steam and air conditioning supply",91.0,25-35
CIV,2015,female,31,Industry,"Electricity; gas, steam and air conditioning supply",87.0,25-35
CIV,2015,female,32,Industry,"Electricity; gas, steam and air conditioning supply",85.0,25-35
CIV,2015,female,33,Industry,"Electricity; gas, steam and air conditioning supply",83.0,25-35
CIV,2015,female,34,Industry,"Electricity; gas, steam and air conditioning supply",83.0,25-35
CIV,2015,female,35,Industry,"Electricity; gas, steam and air conditioning supply",83.0,25-35
CIV,2016,female,25,Industry,"Electricity; gas, steam and air conditioning supply",33.0,25-35
CIV,2016,female,26,Industry,"Electricity; gas, steam and air conditioning supply",32.0,25-35
CIV,2016,female,27,Industry,"Electricity; gas, steam and air conditioning supply",31.0,25-35
CIV,2016,female,28,Industry,"Electricity; gas, steam and air conditioning supply",29.0,25-35
CIV,2016,female,29,Industry,"Electricity; gas, steam and air conditioning supply",28.0,25-35
CIV,2016,female,30,Industry,"Electricity; gas, steam and air conditioning supply",27.0,25-35
CIV,2016,female,31,Industry,"Electricity; gas, steam and air conditioning supply",26.0,25-35
CIV,2016,female,32,Industry,"Electricity; gas, steam and air conditioning supply",25.0,25-35
CIV,2016,female,33,Industry,"Electricity; gas, steam and air conditioning supply",25.0,25-35
CIV,2016,female,34,Industry,"Electricity; gas, steam and air conditioning supply",25.0,25-35
CIV,2016,female,35,Industry,"Electricity; gas, steam and air conditioning supply",24.0,25-35
CIV,2017,female,25,Industry,"Electricity; gas, steam and air conditioning supply",41.0,25-35
CIV,2017,female,26,Industry,"Electricity; gas, steam and air conditioning supply",39.0,25-35
CIV,2017,female,27,Industry,"Electricity; gas, steam and air conditioning supply",38.0,25-35
CIV,2017,female,28,Industry,"Electricity; gas, steam and air conditioning supply",36.0,25-35
CIV,2017,female,29,Industry,"Electricity; gas, steam and air conditioning supply",35.0,25-35
CIV,2017,female,30,Industry,"Electricity; gas, steam and air conditioning supply",33.0,25-35
CIV,2017,female,31,Industry,"Electricity; gas, steam and air conditioning supply",32.0,25-35
CIV,2017,female,32,Industry,"Electricity; gas, steam and air conditioning supply",31.0,25-35
CIV,2017,female,33,Industry,"Electricity; gas, steam and air conditioning supply",30.0,25-35
CIV,2017,female,34,Industry,"Electricity; gas, steam and air conditioning supply",30.0,25-35
CIV,2017,female,35,Industry,"Electricity; gas, steam and air conditioning supply",30.0,25-35
CIV,2018,female,25,Industry,"Electricity; gas, steam and air conditioning supply",53.0,25-35
CIV,2018,female,26,Industry,"Electricity; gas, steam and air conditioning supply",51.0,25-35
CIV,2018,female,27,Industry,"Electricity; gas, steam and air conditioning supply",49.0,25-35
CIV,2018,female,28,Industry,"Electricity; gas, steam and air conditioning supply",47.0,25-35
CIV,2018,female,29,Industry,"Electricity; gas, steam and air conditioning supply",45.0,25-35
CIV,2018,female,30,Industry,"Electricity; gas, steam and air conditioning supply",43.0,25-35
CIV,2018,female,31,Industry,"Electricity; gas, steam and air conditioning supply",41.0,25-35
CIV,2018,female,32,Industry,"Electricity; gas, steam and air conditioning supply",40.0,25-35
CIV,2018,female,33,Industry,"Electricity; gas, steam and air conditioning supply",39.0,25-35
CIV,2018,female,34,Industry,"Electricity; gas, steam and air conditioning supply",39.0,25-35
CIV,2018,female,35,Industry,"Electricity; gas, steam and air conditioning supply",39.0,25-35
CIV,2019,female,25,Industry,"Electricity; gas, steam and air conditioning supply",76.0,25-35
CIV,2019,female,26,Industry,"Electricity; gas, steam and air conditioning supply",73.0,25-35
CIV,2019,female,27,Industry,"Electricity; gas, steam and air conditioning supply",70.0,25-35
CIV,2019,female,28,Industry,"Electricity; gas, steam and air conditioning supply",67.0,25-35
CIV,2019,female,29,Industry,"Electricity; gas, steam and air conditioning supply",64.0,25-35
CIV,2019,female,30,Industry,"Electricity; gas, steam and air conditioning supply",61.0,25-35
CIV,2019,female,31,Industry,"Electricity; gas, steam and air conditioning supply",59.0,25-35
CIV,2019,female,32,Industry,"Electricity; gas, steam and air conditioning supply",56.0,25-35
CIV,2019,female,33,Industry,"Electricity; gas, steam and air conditioning supply",55.0,25-35
CIV,2019,female,34,Industry,"Electricity; gas, steam and air conditioning supply",55.0,25-35
CIV,2019,female,35,Industry,"Electricity; gas, steam and air conditioning supply",55.0,25-35
CIV,2020,female,25,Industry,"Electricity; gas, steam and air conditioning supply",73.0,25-35
CIV,2020,female,26,Industry,"Electricity; gas, steam and air conditioning supply",70.0,25-35
CIV,2020,female,27,Industry,"Electricity; gas, steam and air conditioning supply",67.0,25-35
CIV,2020,female,28,Industry,"Electricity; gas, steam and air conditioning supply",65.0,25-35
CIV,2020,female,29,Industry,"Electricity; gas, steam and air conditioning supply",62.0,25-35
CIV,2020,female,30,Industry,"Electricity; gas, steam and air conditioning supply",59.0,25-35
CIV,2020,female,31,Industry,"Electricity; gas, steam and air conditioning supply",56.0,25-35
CIV,2020,female,32,Industry,"Electricity; gas, steam and air conditioning supply",54.0,25-35
CIV,2020,female,33,Industry,"Electricity; gas, steam and air conditioning supply",53.0,25-35
CIV,2020,female,34,Industry,"Electricity; gas, steam and air conditioning supply",52.0,25-35
CIV,2020,female,35,Industry,"Electricity; gas, steam and air conditioning supply",52.0,25-35
CIV,2021,female,25,Industry,"Electricity; gas, steam and air conditioning supply",79.0,25-35
CIV,2021,female,26,Industry,"Electricity; gas, steam and air conditioning supply",76.0,25-35
CIV,2021,female,27,Industry,"Electricity; gas, steam and air conditioning supply",73.0,25-35
CIV,2021,female,28,Industry,"Electricity; gas, steam and air conditioning supply",70.0,25-35
CIV,2021,female,29,Industry,"Electricity; gas, steam and air conditioning supply",67.0,25-35
CIV,2021,female,30,Industry,"Electricity; gas, steam and air conditioning supply",64.0,25-35
CIV,2021,female,31,Industry,"Electricity; gas, steam and air conditioning supply",62.0,25-35
CIV,2021,female,32,Industry,"Electricity; gas, steam and air conditioning supply",59.0,25-35
CIV,2021,female,33,Industry,"Electricity; gas, steam and air conditioning supply",58.0,25-35
CIV,2021,female,34,Industry,"Electricity; gas, steam and air conditioning supply",56.0,25-35
CIV,2021,female,35,Industry,"Electricity; gas, steam and air conditioning supply",55.0,25-35
CIV,2022,female,25,Industry,"Electricity; gas, steam and air conditioning supply",89.0,25-35
CIV,2022,female,26,Industry,"Electricity; gas, steam and air conditioning supply",86.0,25-35
CIV,2022,female,27,Industry,"Electricity; gas, steam and air conditioning supply",83.0,25-35
CIV,2022,female,28,Industry,"Electricity; gas, steam and air conditioning supply",79.0,25-35
CIV,2022,female,29,Industry,"Electricity; gas, steam and air conditioning supply",76.0,25-35
CIV,2022,female,30,Industry,"Electricity; gas, steam and air conditioning supply",73.0,25-35
CIV,2022,female,31,Industry,"Electricity; gas, steam and air conditioning supply",70.0,25-35
CIV,2022,female,32,Industry,"Electricity; gas, steam and air conditioning supply",68.0,25-35
CIV,2022,female,33,Industry,"Electricity; gas, steam and air conditioning supply",65.0,25-35
CIV,2022,female,34,Industry,"Electricity; gas, steam and air conditioning supply",63.0,25-35
CIV,2022,female,35,Industry,"Electricity; gas, steam and air conditioning supply",61.0,25-35
CIV,2023,female,25,Industry,"Electricity; gas, steam and air conditioning supply",97.0,25-35
CIV,2023,female,26,Industry,"Electricity; gas, steam and air conditioning supply",93.0,25-35
CIV,2023,female,27,Industry,"Electricity; gas, steam and air conditioning supply",89.0,25-35
CIV,2023,female,28,Industry,"Electricity; gas, steam and air conditioning supply",86.0,25-35
CIV,2023,female,29,Industry,"Electricity; gas, steam and air conditioning supply",83.0,25-35
CIV,2023,female,30,Industry,"Electricity; gas, steam and air conditioning supply",80.0,25-35
CIV,2023,female,31,Industry,"Electricity; gas, steam and air conditioning supply",77.0,25-35
CIV,2023,female,32,Industry,"Electricity; gas, steam and air conditioning supply",74.0,25-35
CIV,2023,female,33,Industry,"Electricity; gas, steam and air conditioning supply",71.0,25-35
CIV,2023,female,34,Industry,"Electricity; gas, steam and air conditioning supply",68.0,25-35
CIV,2023,female,35,Industry,"Electricity; gas, steam and air conditioning supply",65.0,25-35
CIV,2024,female,25,Industry,"Electricity; gas, steam and air conditioning supply",109.0,25-35
CIV,2024,female,26,Industry,"Electricity; gas, steam and air conditioning supply",105.0,25-35
CIV,2024,female,27,Industry,"Electricity; gas, steam and air conditioning supply",101.0,25-35
CIV,2024,female,28,Industry,"Electricity; gas, steam and air conditioning supply",98.0,25-35
CIV,2024,female,29,Industry,"Electricity; gas, steam and air conditioning supply",94.0,25-35
CIV,2024,female,30,Industry,"Electricity; gas, steam and air conditioning supply",91.0,25-35
CIV,2024,female,31,Industry,"Electricity; gas, steam and air conditioning supply",87.0,25-35
CIV,2024,female,32,Industry,"Electricity; gas, steam and air conditioning supply",84.0,25-35
CIV,2024,female,33,Industry,"Electricity; gas, steam and air conditioning supply",80.0,25-35
CIV,2024,female,34,Industry,"Electricity; gas, steam and air conditioning supply",77.0,25-35
CIV,2024,female,35,Industry,"Electricity; gas, steam and air conditioning supply",73.0,25-35
CIV,2025,female,25,Industry,"Electricity; gas, steam and air conditioning supply",118.0,25-35
CIV,2025,female,26,Industry,"Electricity; gas, steam and air conditioning supply",114.0,25-35
CIV,2025,female,27,Industry,"Electricity; gas, steam and air conditioning supply",110.0,25-35
CIV,2025,female,28,Industry,"Electricity; gas, steam and air conditioning supply",106.0,25-35
CIV,2025,female,29,Industry,"Electricity; gas, steam and air conditioning supply",102.0,25-35
CIV,2025,female,30,Industry,"Electricity; gas, steam and air conditioning supply",98.0,25-35
CIV,2025,female,31,Industry,"Electricity; gas, steam and air conditioning supply",95.0,25-35
CIV,2025,female,32,Industry,"Electricity; gas, steam and air conditioning supply",91.0,25-35
CIV,2025,female,33,Industry,"Electricity; gas, steam and air conditioning supply",87.0,25-35
CIV,2025,female,34,Industry,"Electricity; gas, steam and air conditioning supply",83.0,25-35
CIV,2025,female,35,Industry,"Electricity; gas, steam and air conditioning supply",79.0,25-35
CIV,2015,female,25,Services,Financial and insurance activities,188.0,25-35
CIV,2015,female,26,Services,Financial and insurance activities,181.0,25-35
CIV,2015,female,27,Services,Financial and insurance activities,174.0,25-35
CIV,2015,female,28,Services,Financial and insurance activities,167.0,25-35
CIV,2015,female,29,Services,Financial and insurance activities,160.0,25-35
CIV,2015,female,30,Services,Financial and insurance activities,154.0,25-35
CIV,2015,female,31,Services,Financial and insurance activities,147.0,25-35
CIV,2015,female,32,Services,Financial and insurance activities,143.0,25-35
CIV,2015,female,33,Services,Financial and insurance activities,141.0,25-35
CIV,2015,female,34,Services,Financial and insurance activities,140.0,25-35
CIV,2015,female,35,Services,Financial and insurance activities,139.0,25-35
CIV,2016,female,25,Services,Financial and insurance activities,132.0,25-35
CIV,2016,female,26,Services,Financial and insurance activities,127.0,25-35
CIV,2016,female,27,Services,Financial and insurance activities,122.0,25-35
CIV,2016,female,28,Services,Financial and insurance activities,117.0,25-35
CIV,2016,female,29,Services,Financial and insurance activities,112.0,25-35
CIV,2016,female,30,Services,Financial and insurance activities,108.0,25-35
CIV,2016,female,31,Services,Financial and insurance activities,103.0,25-35
CIV,2016,female,32,Services,Financial and insurance activities,100.0,25-35
CIV,2016,female,33,Services,Financial and insurance activities,98.0,25-35
CIV,2016,female,34,Services,Financial and insurance activities,98.0,25-35
CIV,2016,female,35,Services,Financial and insurance activities,97.0,25-35
CIV,2017,female,25,Services,Financial and insurance activities,215.0,25-35
CIV,2017,female,26,Services,Financial and insurance activities,207.0,25-35
CIV,2017,female,27,Services,Financial and insurance activities,199.0,25-35
CIV,2017,female,28,Services,Financial and insurance activities,190.0,25-35
CIV,2017,female,29,Services,Financial and insurance activities,182.0,25-35
CIV,2017,female,30,Services,Financial and insurance activities,174.0,25-35
CIV,2017,female,31,Services,Financial and insurance activities,166.0,25-35
CIV,2017,female,32,Services,Financial and insurance activities,161.0,25-35
CIV,2017,female,33,Services,Financial and insurance activities,158.0,25-35
CIV,2017,female,34,Services,Financial and insurance activities,158.0,25-35
CIV,2017,female,35,Services,Financial and insurance activities,157.0,25-35
CIV,2018,female,25,Services,Financial and insurance activities,360.0,25-35
CIV,2018,female,26,Services,Financial and insurance activities,347.0,25-35
CIV,2018,female,27,Services,Financial and insurance activities,333.0,25-35
CIV,2018,female,28,Services,Financial and insurance activities,319.0,25-35
CIV,2018,female,29,Services,Financial and insurance activities,305.0,25-35
CIV,2018,female,30,Services,Financial and insurance activities,291.0,25-35
CIV,2018,female,31,Services,Financial and insurance activities,278.0,25-35
CIV,2018,female,32,Services,Financial and insurance activities,268.0,25-35
CIV,2018,female,33,Services,Financial and insurance activities,263.0,25-35
CIV,2018,female,34,Services,Financial and insurance activities,262.0,25-35
CIV,2018,female,35,Services,Financial and insurance activities,261.0,25-35
CIV,2019,female,25,Services,Financial and insurance activities,601.0,25-35
CIV,2019,female,26,Services,Financial and insurance activities,578.0,25-35
CIV,2019,female,27,Services,Financial and insurance activities,556.0,25-35
CIV,2019,female,28,Services,Financial and insurance activities,532.0,25-35
CIV,2019,female,29,Services,Financial and insurance activities,508.0,25-35
CIV,2019,female,30,Services,Financial and insurance activities,485.0,25-35
CIV,2019,female,31,Services,Financial and insurance activities,462.0,25-35
CIV,2019,female,32,Services,Financial and insurance activities,445.0,25-35
CIV,2019,female,33,Services,Financial and insurance activities,437.0,25-35
CIV,2019,female,34,Services,Financial and insurance activities,435.0,25-35
CIV,2019,female,35,Services,Financial and insurance activities,432.0,25-35
CIV,2020,female,25,Services,Financial and insurance activities,647.0,25-35
CIV,2020,female,26,Services,Financial and insurance activities,624.0,25-35
CIV,2020,female,27,Services,Financial and insurance activities,600.0,25-35
CIV,2020,female,28,Services,Financial and insurance activities,575.0,25-35
CIV,2020,female,29,Services,Financial and insurance activities,549.0,25-35
CIV,2020,female,30,Services,Financial and insurance activities,524.0,25-35
CIV,2020,female,31,Services,Financial and insurance activities,499.0,25-35
CIV,2020,female,32,Services,Financial and insurance activities,480.0,25-35
CIV,2020,female,33,Services,Financial and insurance activities,470.0,25-35
CIV,2020,female,34,Services,Financial and insurance activities,467.0,25-35
CIV,2020,female,35,Services,Financial and insurance activities,463.0,25-35
CIV,2021,female,25,Services,Financial and insurance activities,767.0,25-35
CIV,2021,female,26,Services,Financial and insurance activities,739.0,25-35
CIV,2021,female,27,Services,Financial and insurance activities,710.0,25-35
CIV,2021,female,28,Services,Financial and insurance activities,682.0,25-35
CIV,2021,female,29,Services,Financial and insurance activities,653.0,25-35
CIV,2021,female,30,Services,Financial and insurance activities,626.0,25-35
CIV,2021,female,31,Services,Financial and insurance activities,599.0,25-35
CIV,2021,female,32,Services,Financial and insurance activities,576.0,25-35
CIV,2021,female,33,Services,Financial and insurance activities,559.0,25-35
CIV,2021,female,34,Services,Financial and insurance activities,546.0,25-35
CIV,2021,female,35,Services,Financial and insurance activities,533.0,25-35
CIV,2022,female,25,Services,Financial and insurance activities,825.0,25-35
CIV,2022,female,26,Services,Financial and insurance activities,794.0,25-35
CIV,2022,female,27,Services,Financial and insurance activities,763.0,25-35
CIV,2022,female,28,Services,Financial and insurance activities,733.0,25-35
CIV,2022,female,29,Services,Financial and insurance activities,705.0,25-35
CIV,2022,female,30,Services,Financial and insurance activities,677.0,25-35
CIV,2022,female,31,Services,Financial and insurance activities,651.0,25-35
CIV,2022,female,32,Services,Financial and insurance activities,626.0,25-35
CIV,2022,female,33,Services,Financial and insurance activities,603.0,25-35
CIV,2022,female,34,Services,Financial and insurance activities,582.0,25-35
CIV,2022,female,35,Services,Financial and insurance activities,562.0,25-35
CIV,2023,female,25,Services,Financial and insurance activities,908.0,25-35
CIV,2023,female,26,Services,Financial and insurance activities,874.0,25-35
CIV,2023,female,27,Services,Financial and insurance activities,841.0,25-35
CIV,2023,female,28,Services,Financial and insurance activities,809.0,25-35
CIV,2023,female,29,Services,Financial and insurance activities,779.0,25-35
CIV,2023,female,30,Services,Financial and insurance activities,750.0,25-35
CIV,2023,female,31,Services,Financial and insurance activities,722.0,25-35
CIV,2023,female,32,Services,Financial and insurance activities,694.0,25-35
CIV,2023,female,33,Services,Financial and insurance activities,666.0,25-35
CIV,2023,female,34,Services,Financial and insurance activities,638.0,25-35
CIV,2023,female,35,Services,Financial and insurance activities,612.0,25-35
CIV,2024,female,25,Services,Financial and insurance activities,940.0,25-35
CIV,2024,female,26,Services,Financial and insurance activities,905.0,25-35
CIV,2024,female,27,Services,Financial and insurance activities,872.0,25-35
CIV,2024,female,28,Services,Financial and insurance activities,840.0,25-35
CIV,2024,female,29,Services,Financial and insurance activities,809.0,25-35
CIV,2024,female,30,Services,Financial and insurance activities,779.0,25-35
CIV,2024,female,31,Services,Financial and insurance activities,751.0,25-35
CIV,2024,female,32,Services,Financial and insurance activities,723.0,25-35
CIV,2024,female,33,Services,Financial and insurance activities,692.0,25-35
CIV,2024,female,34,Services,Financial and insurance activities,660.0,25-35
CIV,2024,female,35,Services,Financial and insurance activities,630.0,25-35
CIV,2025,female,25,Services,Financial and insurance activities,996.0,25-35
CIV,2025,female,26,Services,Financial and insurance activities,960.0,25-35
CIV,2025,female,27,Services,Financial and insurance activities,925.0,25-35
CIV,2025,female,28,Services,Financial and insurance activities,891.0,25-35
CIV,2025,female,29,Services,Financial and insurance activities,859.0,25-35
CIV,2025,female,30,Services,Financial and insurance activities,828.0,25-35
CIV,2025,female,31,Services,Financial and insurance activities,799.0,25-35
CIV,2025,female,32,Services,Financial and insurance activities,768.0,25-35
CIV,2025,female,33,Services,Financial and insurance activities,735.0,25-35
CIV,2025,female,34,Services,Financial and insurance activities,701.0,25-35
CIV,2025,female,35,Services,Financial and insurance activities,668.0,25-35
CIV,2015,female,25,Services,Human health and social work activities,1804.0,25-35
CIV,2015,female,26,Services,Human health and social work activities,1736.0,25-35
CIV,2015,female,27,Services,Human health and social work activities,1670.0,25-35
CIV,2015,female,28,Services,Human health and social work activities,1602.0,25-35
CIV,2015,female,29,Services,Human health and social work activities,1537.0,25-35
CIV,2015,female,30,Services,Human health and social work activities,1475.0,25-35
CIV,2015,female,31,Services,Human health and social work activities,1414.0,25-35
CIV,2015,female,32,Services,Human health and social work activities,1370.0,25-35
CIV,2015,female,33,Services,Human health and social work activities,1349.0,25-35
CIV,2015,female,34,Services,Human health and social work activities,1344.0,25-35
CIV,2015,female,35,Services,Human health and social work activities,1338.0,25-35
CIV,2016,female,25,Services,Human health and social work activities,1897.0,25-35
CIV,2016,female,26,Services,Human health and social work activities,1825.0,25-35
CIV,2016,female,27,Services,Human health and social work activities,1753.0,25-35
CIV,2016,female,28,Services,Human health and social work activities,1681.0,25-35
CIV,2016,female,29,Services,Human health and social work activities,1610.0,25-35
CIV,2016,female,30,Services,Human health and social work activities,1543.0,25-35
CIV,2016,female,31,Services,Human health and social work activities,1476.0,25-35
CIV,2016,female,32,Services,Human health and social work activities,1428.0,25-35
CIV,2016,female,33,Services,Human health and social work activities,1407.0,25-35
CIV,2016,female,34,Services,Human health and social work activities,1402.0,25-35
CIV,2016,female,35,Services,Human health and social work activities,1396.0,25-35
CIV,2017,female,25,Services,Human health and social work activities,1637.0,25-35
CIV,2017,female,26,Services,Human health and social work activities,1575.0,25-35
CIV,2017,female,27,Services,Human health and social work activities,1512.0,25-35
CIV,2017,female,28,Services,Human health and social work activities,1448.0,25-35
CIV,2017,female,29,Services,Human health and social work activities,1386.0,25-35
CIV,2017,female,30,Services,Human health and social work activities,1326.0,25-35
CIV,2017,female,31,Services,Human health and social work activities,1267.0,25-35
CIV,2017,female,32,Services,Human health and social work activities,1224.0,25-35
CIV,2017,female,33,Services,Human health and social work activities,1204.0,25-35
CIV,2017,female,34,Services,Human health and social work activities,1200.0,25-35
CIV,2017,female,35,Services,Human health and social work activities,1194.0,25-35
CIV,2018,female,25,Services,Human health and social work activities,1823.0,25-35
CIV,2018,female,26,Services,Human health and social work activities,1754.0,25-35
CIV,2018,female,27,Services,Human health and social work activities,1684.0,25-35
CIV,2018,female,28,Services,Human health and social work activities,1612.0,25-35
CIV,2018,female,29,Services,Human health and social work activities,1541.0,25-35
CIV,2018,female,30,Services,Human health and social work activities,1473.0,25-35
CIV,2018,female,31,Services,Human health and social work activities,1405.0,25-35
CIV,2018,female,32,Services,Human health and social work activities,1355.0,25-35
CIV,2018,female,33,Services,Human health and social work activities,1332.0,25-35
CIV,2018,female,34,Services,Human health and social work activities,1326.0,25-35
CIV,2018,female,35,Services,Human health and social work activities,1319.0,25-35
CIV,2019,female,25,Services,Human health and social work activities,1979.0,25-35
CIV,2019,female,26,Services,Human health and social work activities,1906.0,25-35
CIV,2019,female,27,Services,Human health and social work activities,1831.0,25-35
CIV,2019,female,28,Services,Human health and social work activities,1752.0,25-35
CIV,2019,female,29,Services,Human health and social work activities,1674.0,25-35
CIV,2019,female,30,Services,Human health and social work activities,1599.0,25-35
CIV,2019,female,31,Services,Human health and social work activities,1523.0,25-35
CIV,2019,female,32,Services,Human health and social work activities,1467.0,25-35
CIV,2019,female,33,Services,Human health and social work activities,1440.0,25-35
CIV,2019,female,34,Services,Human health and social work activities,1432.0,25-35
CIV,2019,female,35,Services,Human health and social work activities,1422.0,25-35
CIV,2020,female,25,Services,Human health and social work activities,2577.0,25-35
CIV,2020,female,26,Services,Human health and social work activities,2486.0,25-35
CIV,2020,female,27,Services,Human health and social work activities,2392.0,25-35
CIV,2020,female,28,Services,Human health and social work activities,2290.0,25-35
CIV,2020,female,29,Services,Human health and social work activities,2186.0,25-35
CIV,2020,female,30,Services,Human health and social work activities,2086.0,25-35
CIV,2020,female,31,Services,Human health and social work activities,1986.0,25-35
CIV,2020,female,32,Services,Human health and social work activities,1911.0,25-35
CIV,2020,female,33,Services,Human health and social work activities,1873.0,25-35
CIV,2020,female,34,Services,Human health and social work activities,1860.0,25-35
CIV,2020,female,35,Services,Human health and social work activities,1845.0,25-35
CIV,2021,female,25,Services,Human health and social work activities,3116.0,25-35
CIV,2021,female,26,Services,Human health and social work activities,3001.0,25-35
CIV,2021,female,27,Services,Human health and social work activities,2885.0,25-35
CIV,2021,female,28,Services,Human health and social work activities,2768.0,25-35
CIV,2021,female,29,Services,Human health and social work activities,2653.0,25-35
CIV,2021,female,30,Services,Human health and social work activities,2542.0,25-35
CIV,2021,female,31,Services,Human health and social work activities,2433.0,25-35
CIV,2021,female,32,Services,Human health and social work activities,2341.0,25-35
CIV,2021,female,33,Services,Human health and social work activities,2272.0,25-35
CIV,2021,female,34,Services,Human health and social work activities,2219.0,25-35
CIV,2021,female,35,Services,Human health and social work activities,2166.0,25-35
CIV,2022,female,25,Services,Human health and social work activities,3874.0,25-35
CIV,2022,female,26,Services,Human health and social work activities,3728.0,25-35
CIV,2022,female,27,Services,Human health and social work activities,3585.0,25-35
CIV,2022,female,28,Services,Human health and social work activities,3445.0,25-35
CIV,2022,female,29,Services,Human health and social work activities,3310.0,25-35
CIV,2022,female,30,Services,Human health and social work activities,3181.0,25-35
CIV,2022,female,31,Services,Human health and social work activities,3056.0,25-35
CIV,2022,female,32,Services,Human health and social work activities,2940.0,25-35
CIV,2022,female,33,Services,Human health and social work activities,2833.0,25-35
CIV,2022,female,34,Services,Human health and social work activities,2735.0,25-35
CIV,2022,female,35,Services,Human health and social work activities,2640.0,25-35
CIV,2023,female,25,Services,Human health and social work activities,3704.0,25-35
CIV,2023,female,26,Services,Human health and social work activities,3564.0,25-35
CIV,2023,female,27,Services,Human health and social work activities,3428.0,25-35
CIV,2023,female,28,Services,Human health and social work activities,3299.0,25-35
CIV,2023,female,29,Services,Human health and social work activities,3176.0,25-35
CIV,2023,female,30,Services,Human health and social work activities,3056.0,25-35
CIV,2023,female,31,Services,Human health and social work activities,2944.0,25-35
CIV,2023,female,32,Services,Human health and social work activities,2831.0,25-35
CIV,2023,female,33,Services,Human health and social work activities,2716.0,25-35
CIV,2023,female,34,Services,Human health and social work activities,2603.0,25-35
CIV,2023,female,35,Services,Human health and social work activities,2494.0,25-35
CIV,2024,female,25,Services,Human health and social work activities,4084.0,25-35
CIV,2024,female,26,Services,Human health and social work activities,3932.0,25-35
CIV,2024,female,27,Services,Human health and social work activities,3785.0,25-35
CIV,2024,female,28,Services,Human health and social work activities,3646.0,25-35
CIV,2024,female,29,Services,Human health and social work activities,3514.0,25-35
CIV,2024,female,30,Services,Human health and social work activities,3385.0,25-35
CIV,2024,female,31,Services,Human health and social work activities,3264.0,25-35
CIV,2024,female,32,Services,Human health and social work activities,3138.0,25-35
CIV,2024,female,33,Services,Human health and social work activities,3004.0,25-35
CIV,2024,female,34,Services,Human health and social work activities,2868.0,25-35
CIV,2024,female,35,Services,Human health and social work activities,2737.0,25-35
CIV,2025,female,25,Services,Human health and social work activities,4320.0,25-35
CIV,2025,female,26,Services,Human health and social work activities,4164.0,25-35
CIV,2025,female,27,Services,Human health and social work activities,4012.0,25-35
CIV,2025,female,28,Services,Human health and social work activities,3868.0,25-35
CIV,2025,female,29,Services,Human health and social work activities,3729.0,25-35
CIV,2025,female,30,Services,Human health and social work activities,3594.0,25-35
CIV,2025,female,31,Services,Human health and social work activities,3466.0,25-35
CIV,2025,female,32,Services,Human health and social work activities,3333.0,25-35
CIV,2025,female,33,Services,Human health and social work activities,3188.0,25-35
CIV,2025,female,34,Services,Human health and social work activities,3040.0,25-35
CIV,2025,female,35,Services,Human health and social work activities,2898.0,25-35
CIV,2015,female,25,Services,Information and communication,334.0,25-35
CIV,2015,female,26,Services,Information and communication,321.0,25-35
CIV,2015,female,27,Services,Information and communication,309.0,25-35
CIV,2015,female,28,Services,Information and communication,296.0,25-35
CIV,2015,female,29,Services,Information and communication,284.0,25-35
CIV,2015,female,30,Services,Information and communication,273.0,25-35
CIV,2015,female,31,Services,Information and communication,262.0,25-35
CIV,2015,female,32,Services,Information and communication,253.0,25-35
CIV,2015,female,33,Services,Information and communication,250.0,25-35
CIV,2015,female,34,Services,Information and communication,249.0,25-35
CIV,2015,female,35,Services,Information and communication,248.0,25-35
CIV,2016,female,25,Services,Information and communication,348.0,25-35
CIV,2016,female,26,Services,Information and communication,335.0,25-35
CIV,2016,female,27,Services,Information and communication,322.0,25-35
CIV,2016,female,28,Services,Information and communication,309.0,25-35
CIV,2016,female,29,Services,Information and communication,296.0,25-35
CIV,2016,female,30,Services,Information and communication,283.0,25-35
CIV,2016,female,31,Services,Information and communication,271.0,25-35
CIV,2016,female,32,Services,Information and communication,262.0,25-35
CIV,2016,female,33,Services,Information and communication,258.0,25-35
CIV,2016,female,34,Services,Information and communication,257.0,25-35
CIV,2016,female,35,Services,Information and communication,256.0,25-35
CIV,2017,female,25,Services,Information and communication,377.0,25-35
CIV,2017,female,26,Services,Information and communication,363.0,25-35
CIV,2017,female,27,Services,Information and communication,348.0,25-35
CIV,2017,female,28,Services,Information and communication,333.0,25-35
CIV,2017,female,29,Services,Information and communication,319.0,25-35
CIV,2017,female,30,Services,Information and communication,305.0,25-35
CIV,2017,female,31,Services,Information and communication,292.0,25-35
CIV,2017,female,32,Services,Information and communication,282.0,25-35
CIV,2017,female,33,Services,Information and communication,277.0,25-35
CIV,2017,female,34,Services,Information and communication,276.0,25-35
CIV,2017,female,35,Services,Information and communication,275.0,25-35
CIV,2018,female,25,Services,Information and communication,460.0,25-35
CIV,2018,female,26,Services,Information and communication,442.0,25-35
CIV,2018,female,27,Services,Information and communication,425.0,25-35
CIV,2018,female,28,Services,Information and communication,407.0,25-35
CIV,2018,female,29,Services,Information and communication,389.0,25-35
CIV,2018,female,30,Services,Information and communication,372.0,25-35
CIV,2018,female,31,Services,Information and communication,354.0,25-35
CIV,2018,female,32,Services,Information and communication,342.0,25-35
CIV,2018,female,33,Services,Information and communication,336.0,25-35
CIV,2018,female,34,Services,Information and communication,335.0,25-35
CIV,2018,female,35,Services,Information and communication,333.0,25-35
CIV,2019,female,25,Services,Information and communication,620.0,25-35
CIV,2019,female,26,Services,Information and communication,597.0,25-35
CIV,2019,female,27,Services,Information and communication,574.0,25-35
CIV,2019,female,28,Services,Information and communication,549.0,25-35
CIV,2019,female,29,Services,Information and communication,524.0,25-35
CIV,2019,female,30,Services,Information and communication,501.0,25-35
CIV,2019,female,31,Services,Information and communication,477.0,25-35
CIV,2019,female,32,Services,Information and communication,459.0,25-35
CIV,2019,female,33,Services,Information and communication,451.0,25-35
CIV,2019,female,34,Services,Information and communication,449.0,25-35
CIV,2019,female,35,Services,Information and communication,446.0,25-35
CIV,2020,female,25,Services,Information and communication,495.0,25-35
CIV,2020,female,26,Services,Information and communication,477.0,25-35
CIV,2020,female,27,Services,Information and communication,459.0,25-35
CIV,2020,female,28,Services,Information and communication,440.0,25-35
CIV,2020,female,29,Services,Information and communication,420.0,25-35
CIV,2020,female,30,Services,Information and communication,401.0,25-35
CIV,2020,female,31,Services,Information and communication,381.0,25-35
CIV,2020,female,32,Services,Information and communication,367.0,25-35
CIV,2020,female,33,Services,Information and communication,360.0,25-35
CIV,2020,female,34,Services,Information and communication,357.0,25-35
CIV,2020,female,35,Services,Information and communication,354.0,25-35
CIV,2021,female,25,Services,Information and communication,452.0,25-35
CIV,2021,female,26,Services,Information and communication,436.0,25-35
CIV,2021,female,27,Services,Information and communication,419.0,25-35
CIV,2021,female,28,Services,Information and communication,402.0,25-35
CIV,2021,female,29,Services,Information and communication,385.0,25-35
CIV,2021,female,30,Services,Information and communication,369.0,25-35
CIV,2021,female,31,Services,Information and communication,353.0,25-35
CIV,2021,female,32,Services,Information and communication,340.0,25-35
CIV,2021,female,33,Services,Information and communication,330.0,25-35
CIV,2021,female,34,Services,Information and communication,322.0,25-35
CIV,2021,female,35,Services,Information and communication,315.0,25-35
CIV,2022,female,25,Services,Information and communication,306.0,25-35
CIV,2022,female,26,Services,Information and communication,295.0,25-35
CIV,2022,female,27,Services,Information and communication,283.0,25-35
CIV,2022,female,28,Services,Information and communication,272.0,25-35
CIV,2022,female,29,Services,Information and communication,262.0,25-35
CIV,2022,female,30,Services,Information and communication,251.0,25-35
CIV,2022,female,31,Services,Information and communication,242.0,25-35
CIV,2022,female,32,Services,Information and communication,232.0,25-35
CIV,2022,female,33,Services,Information and communication,224.0,25-35
CIV,2022,female,34,Services,Information and communication,216.0,25-35
CIV,2022,female,35,Services,Information and communication,209.0,25-35
CIV,2023,female,25,Services,Information and communication,418.0,25-35
CIV,2023,female,26,Services,Information and communication,402.0,25-35
CIV,2023,female,27,Services,Information and communication,386.0,25-35
CIV,2023,female,28,Services,Information and communication,372.0,25-35
CIV,2023,female,29,Services,Information and communication,358.0,25-35
CIV,2023,female,30,Services,Information and communication,345.0,25-35
CIV,2023,female,31,Services,Information and communication,332.0,25-35
CIV,2023,female,32,Services,Information and communication,319.0,25-35
CIV,2023,female,33,Services,Information and communication,306.0,25-35
CIV,2023,female,34,Services,Information and communication,293.0,25-35
CIV,2023,female,35,Services,Information and communication,281.0,25-35
CIV,2024,female,25,Services,Information and communication,410.0,25-35
CIV,2024,female,26,Services,Information and communication,395.0,25-35
CIV,2024,female,27,Services,Information and communication,380.0,25-35
CIV,2024,female,28,Services,Information and communication,366.0,25-35
CIV,2024,female,29,Services,Information and communication,353.0,25-35
CIV,2024,female,30,Services,Information and communication,340.0,25-35
CIV,2024,female,31,Services,Information and communication,327.0,25-35
CIV,2024,female,32,Services,Information and communication,315.0,25-35
CIV,2024,female,33,Services,Information and communication,301.0,25-35
CIV,2024,female,34,Services,Information and communication,288.0,25-35
CIV,2024,female,35,Services,Information and communication,275.0,25-35
CIV,2025,female,25,Services,Information and communication,427.0,25-35
CIV,2025,female,26,Services,Information and communication,412.0,25-35
CIV,2025,female,27,Services,Information and communication,397.0,25-35
CIV,2025,female,28,Services,Information and communication,383.0,25-35
CIV,2025,female,29,Services,Information and communication,369.0,25-35
CIV,2025,female,30,Services,Information and communication,356.0,25-35
CIV,2025,female,31,Services,Information and communication,343.0,25-35
CIV,2025,female,32,Services,Information and communication,330.0,25-35
CIV,2025,female,33,Services,Information and communication,315.0,25-35
CIV,2025,female,34,Services,Information and communication,301.0,25-35
CIV,2025,female,35,Services,Information and communication,287.0,25-35
CIV,2015,female,25,Industry,Manufacturing,5754.0,25-35
CIV,2015,female,26,Industry,Manufacturing,5538.0,25-35
CIV,2015,female,27,Industry,Manufacturing,5325.0,25-35
CIV,2015,female,28,Industry,Manufacturing,5111.0,25-35
CIV,2015,female,29,Industry,Manufacturing,4901.0,25-35
CIV,2015,female,30,Industry,Manufacturing,4705.0,25-35
CIV,2015,female,31,Industry,Manufacturing,4510.0,25-35
CIV,2015,female,32,Industry,Manufacturing,4368.0,25-35
CIV,2015,female,33,Industry,Manufacturing,4304.0,25-35
CIV,2015,female,34,Industry,Manufacturing,4288.0,25-35
CIV,2015,female,35,Industry,Manufacturing,4268.0,25-35
CIV,2016,female,25,Industry,Manufacturing,3875.0,25-35
CIV,2016,female,26,Industry,Manufacturing,3727.0,25-35
CIV,2016,female,27,Industry,Manufacturing,3581.0,25-35
CIV,2016,female,28,Industry,Manufacturing,3433.0,25-35
CIV,2016,female,29,Industry,Manufacturing,3288.0,25-35
CIV,2016,female,30,Industry,Manufacturing,3151.0,25-35
CIV,2016,female,31,Industry,Manufacturing,3015.0,25-35
CIV,2016,female,32,Industry,Manufacturing,2917.0,25-35
CIV,2016,female,33,Industry,Manufacturing,2873.0,25-35
CIV,2016,female,34,Industry,Manufacturing,2863.0,25-35
CIV,2016,female,35,Industry,Manufacturing,2851.0,25-35
CIV,2017,female,25,Industry,Manufacturing,5230.0,25-35
CIV,2017,female,26,Industry,Manufacturing,5030.0,25-35
CIV,2017,female,27,Industry,Manufacturing,4831.0,25-35
CIV,2017,female,28,Industry,Manufacturing,4627.0,25-35
CIV,2017,female,29,Industry,Manufacturing,4426.0,25-35
CIV,2017,female,30,Industry,Manufacturing,4237.0,25-35
CIV,2017,female,31,Industry,Manufacturing,4046.0,25-35
CIV,2017,female,32,Industry,Manufacturing,3909.0,25-35
CIV,2017,female,33,Industry,Manufacturing,3847.0,25-35
CIV,2017,female,34,Industry,Manufacturing,3833.0,25-35
CIV,2017,female,35,Industry,Manufacturing,3815.0,25-35
CIV,2018,female,25,Industry,Manufacturing,6669.0,25-35
CIV,2018,female,26,Industry,Manufacturing,6417.0,25-35
CIV,2018,female,27,Industry,Manufacturing,6162.0,25-35
CIV,2018,female,28,Industry,Manufacturing,5899.0,25-35
CIV,2018,female,29,Industry,Manufacturing,5638.0,25-35
CIV,2018,female,30,Industry,Manufacturing,5390.0,25-35
CIV,2018,female,31,Industry,Manufacturing,5141.0,25-35
CIV,2018,female,32,Industry,Manufacturing,4959.0,25-35
CIV,2018,female,33,Industry,Manufacturing,4875.0,25-35
CIV,2018,female,34,Industry,Manufacturing,4853.0,25-35
CIV,2018,female,35,Industry,Manufacturing,4826.0,25-35
CIV,2019,female,25,Industry,Manufacturing,8513.0,25-35
CIV,2019,female,26,Industry,Manufacturing,8199.0,25-35
CIV,2019,female,27,Industry,Manufacturing,7878.0,25-35
CIV,2019,female,28,Industry,Manufacturing,7540.0,25-35
CIV,2019,female,29,Industry,Manufacturing,7201.0,25-35
CIV,2019,female,30,Industry,Manufacturing,6878.0,25-35
CIV,2019,female,31,Industry,Manufacturing,6553.0,25-35
CIV,2019,female,32,Industry,Manufacturing,6312.0,25-35
CIV,2019,female,33,Industry,Manufacturing,6197.0,25-35
CIV,2019,female,34,Industry,Manufacturing,6162.0,25-35
CIV,2019,female,35,Industry,Manufacturing,6120.0,25-35
CIV,2020,female,25,Industry,Manufacturing,11570.0,25-35
CIV,2020,female,26,Industry,Manufacturing,11164.0,25-35
CIV,2020,female,27,Industry,Manufacturing,10740.0,25-35
CIV,2020,female,28,Industry,Manufacturing,10281.0,25-35
CIV,2020,female,29,Industry,Manufacturing,9814.0,25-35
CIV,2020,female,30,Industry,Manufacturing,9367.0,25-35
CIV,2020,female,31,Industry,Manufacturing,8916.0,25-35
CIV,2020,female,32,Industry,Manufacturing,8580.0,25-35
CIV,2020,female,33,Industry,Manufacturing,8412.0,25-35
CIV,2020,female,34,Industry,Manufacturing,8353.0,25-35
CIV,2020,female,35,Industry,Manufacturing,8283.0,25-35
CIV,2021,female,25,Industry,Manufacturing,15257.0,25-35
CIV,2021,female,26,Industry,Manufacturing,14694.0,25-35
CIV,2021,female,27,Industry,Manufacturing,14129.0,25-35
CIV,2021,female,28,Industry,Manufacturing,13555.0,25-35
CIV,2021,female,29,Industry,Manufacturing,12989.0,25-35
CIV,2021,female,30,Industry,Manufacturing,12446.0,25-35
CIV,2021,female,31,Industry,Manufacturing,11915.0,25-35
CIV,2021,female,32,Industry,Manufacturing,11464.0,25-35
CIV,2021,female,33,Industry,Manufacturing,11124.0,25-35
CIV,2021,female,34,Industry,Manufacturing,10864.0,25-35
CIV,2021,female,35,Industry,Manufacturing,10606.0,25-35
CIV,2022,female,25,Industry,Manufacturing,20468.0,25-35
CIV,2022,female,26,Industry,Manufacturing,19696.0,25-35
CIV,2022,female,27,Industry,Manufacturing,18939.0,25-35
CIV,2022,female,28,Industry,Manufacturing,18202.0,25-35
CIV,2022,female,29,Industry,Manufacturing,17489.0,25-35
CIV,2022,female,30,Industry,Manufacturing,16803.0,25-35
CIV,2022,female,31,Industry,Manufacturing,16146.0,25-35
CIV,2022,female,32,Industry,Manufacturing,15532.0,25-35
CIV,2022,female,33,Industry,Manufacturing,14966.0,25-35
CIV,2022,female,34,Industry,Manufacturing,14449.0,25-35
CIV,2022,female,35,Industry,Manufacturing,13947.0,25-35
CIV,2023,female,25,Industry,Manufacturing,22040.0,25-35
CIV,2023,female,26,Industry,Manufacturing,21207.0,25-35
CIV,2023,female,27,Industry,Manufacturing,20401.0,25-35
CIV,2023,female,28,Industry,Manufacturing,19632.0,25-35
CIV,2023,female,29,Industry,Manufacturing,18897.0,25-35
CIV,2023,female,30,Industry,Manufacturing,18187.0,25-35
CIV,2023,female,31,Industry,Manufacturing,17516.0,25-35
CIV,2023,female,32,Industry,Manufacturing,16846.0,25-35
CIV,2023,female,33,Industry,Manufacturing,16160.0,25-35
CIV,2023,female,34,Industry,Manufacturing,15488.0,25-35
CIV,2023,female,35,Industry,Manufacturing,14842.0,25-35
CIV,2024,female,25,Industry,Manufacturing,21223.0,25-35
CIV,2024,female,26,Industry,Manufacturing,20433.0,25-35
CIV,2024,female,27,Industry,Manufacturing,19670.0,25-35
CIV,2024,female,28,Industry,Manufacturing,18948.0,25-35
CIV,2024,female,29,Industry,Manufacturing,18258.0,25-35
CIV,2024,female,30,Industry,Manufacturing,17589.0,25-35
CIV,2024,female,31,Industry,Manufacturing,16959.0,25-35
CIV,2024,female,32,Industry,Manufacturing,16308.0,25-35
CIV,2024,female,33,Industry,Manufacturing,15608.0,25-35
CIV,2024,female,34,Industry,Manufacturing,14901.0,25-35
CIV,2024,female,35,Industry,Manufacturing,14223.0,25-35
CIV,2025,female,25,Industry,Manufacturing,22569.0,25-35
CIV,2025,female,26,Industry,Manufacturing,21753.0,25-35
CIV,2025,female,27,Industry,Manufacturing,20961.0,25-35
CIV,2025,female,28,Industry,Manufacturing,20207.0,25-35
CIV,2025,female,29,Industry,Manufacturing,19482.0,25-35
CIV,2025,female,30,Industry,Manufacturing,18776.0,25-35
CIV,2025,female,31,Industry,Manufacturing,18108.0,25-35
CIV,2025,female,32,Industry,Manufacturing,17410.0,25-35
CIV,2025,female,33,Industry,Manufacturing,16653.0,25-35
CIV,2025,female,34,Industry,Manufacturing,15880.0,25-35
CIV,2025,female,35,Industry,Manufacturing,15140.0,25-35
CIV,2015,female,25,Industry,Mining and quarrying,304.0,25-35
CIV,2015,female,26,Industry,Mining and quarrying,292.0,25-35
CIV,2015,female,27,Industry,Mining and quarrying,281.0,25-35
CIV,2015,female,28,Industry,Mining and quarrying,270.0,25-35
CIV,2015,female,29,Industry,Mining and quarrying,259.0,25-35
CIV,2015,female,30,Industry,Mining and quarrying,248.0,25-35
CIV,2015,female,31,Industry,Mining and quarrying,238.0,25-35
CIV,2015,female,32,Industry,Mining and quarrying,230.0,25-35
CIV,2015,female,33,Industry,Mining and quarrying,227.0,25-35
CIV,2015,female,34,Industry,Mining and quarrying,226.0,25-35
CIV,2015,female,35,Industry,Mining and quarrying,225.0,25-35
CIV,2016,female,25,Industry,Mining and quarrying,204.0,25-35
CIV,2016,female,26,Industry,Mining and quarrying,196.0,25-35
CIV,2016,female,27,Industry,Mining and quarrying,189.0,25-35
CIV,2016,female,28,Industry,Mining and quarrying,181.0,25-35
CIV,2016,female,29,Industry,Mining and quarrying,173.0,25-35
CIV,2016,female,30,Industry,Mining and quarrying,166.0,25-35
CIV,2016,female,31,Industry,Mining and quarrying,159.0,25-35
CIV,2016,female,32,Industry,Mining and quarrying,154.0,25-35
CIV,2016,female,33,Industry,Mining and quarrying,151.0,25-35
CIV,2016,female,34,Industry,Mining and quarrying,151.0,25-35
CIV,2016,female,35,Industry,Mining and quarrying,150.0,25-35
CIV,2017,female,25,Industry,Mining and quarrying,207.0,25-35
CIV,2017,female,26,Industry,Mining and quarrying,199.0,25-35
CIV,2017,female,27,Industry,Mining and quarrying,192.0,25-35
CIV,2017,female,28,Industry,Mining and quarrying,183.0,25-35
CIV,2017,female,29,Industry,Mining and quarrying,176.0,25-35
CIV,2017,female,30,Industry,Mining and quarrying,168.0,25-35
CIV,2017,female,31,Industry,Mining and quarrying,160.0,25-35
CIV,2017,female,32,Industry,Mining and quarrying,155.0,25-35
CIV,2017,female,33,Industry,Mining and quarrying,153.0,25-35
CIV,2017,female,34,Industry,Mining and quarrying,152.0,25-35
CIV,2017,female,35,Industry,Mining and quarrying,151.0,25-35
CIV,2018,female,25,Industry,Mining and quarrying,266.0,25-35
CIV,2018,female,26,Industry,Mining and quarrying,256.0,25-35
CIV,2018,female,27,Industry,Mining and quarrying,246.0,25-35
CIV,2018,female,28,Industry,Mining and quarrying,236.0,25-35
CIV,2018,female,29,Industry,Mining and quarrying,225.0,25-35
CIV,2018,female,30,Industry,Mining and quarrying,215.0,25-35
CIV,2018,female,31,Industry,Mining and quarrying,205.0,25-35
CIV,2018,female,32,Industry,Mining and quarrying,198.0,25-35
CIV,2018,female,33,Industry,Mining and quarrying,195.0,25-35
CIV,2018,female,34,Industry,Mining and quarrying,194.0,25-35
CIV,2018,female,35,Industry,Mining and quarrying,193.0,25-35
CIV,2019,female,25,Industry,Mining and quarrying,325.0,25-35
CIV,2019,female,26,Industry,Mining and quarrying,313.0,25-35
CIV,2019,female,27,Industry,Mining and quarrying,301.0,25-35
CIV,2019,female,28,Industry,Mining and quarrying,288.0,25-35
CIV,2019,female,29,Industry,Mining and quarrying,275.0,25-35
CIV,2019,female,30,Industry,Mining and quarrying,262.0,25-35
CIV,2019,female,31,Industry,Mining and quarrying,250.0,25-35
CIV,2019,female,32,Industry,Mining and quarrying,241.0,25-35
CIV,2019,female,33,Industry,Mining and quarrying,237.0,25-35
CIV,2019,female,34,Industry,Mining and quarrying,235.0,25-35
CIV,2019,female,35,Industry,Mining and quarrying,234.0,25-35
CIV,2020,female,25,Industry,Mining and quarrying,328.0,25-35
CIV,2020,female,26,Industry,Mining and quarrying,316.0,25-35
CIV,2020,female,27,Industry,Mining and quarrying,304.0,25-35
CIV,2020,female,28,Industry,Mining and quarrying,291.0,25-35
CIV,2020,female,29,Industry,Mining and quarrying,278.0,25-35
CIV,2020,female,30,Industry,Mining and quarrying,265.0,25-35
CIV,2020,female,31,Industry,Mining and quarrying,252.0,25-35
CIV,2020,female,32,Industry,Mining and quarrying,243.0,25-35
CIV,2020,female,33,Industry,Mining and quarrying,238.0,25-35
CIV,2020,female,34,Industry,Mining and quarrying,236.0,25-35
CIV,2020,female,35,Industry,Mining and quarrying,235.0,25-35
CIV,2021,female,25,Industry,Mining and quarrying,323.0,25-35
CIV,2021,female,26,Industry,Mining and quarrying,311.0,25-35
CIV,2021,female,27,Industry,Mining and quarrying,299.0,25-35
CIV,2021,female,28,Industry,Mining and quarrying,287.0,25-35
CIV,2021,female,29,Industry,Mining and quarrying,275.0,25-35
CIV,2021,female,30,Industry,Mining and quarrying,263.0,25-35
CIV,2021,female,31,Industry,Mining and quarrying,252.0,25-35
CIV,2021,female,32,Industry,Mining and quarrying,242.0,25-35
CIV,2021,female,33,Industry,Mining and quarrying,235.0,25-35
CIV,2021,female,34,Industry,Mining and quarrying,230.0,25-35
CIV,2021,female,35,Industry,Mining and quarrying,224.0,25-35
CIV,2022,female,25,Industry,Mining and quarrying,311.0,25-35
CIV,2022,female,26,Industry,Mining and quarrying,299.0,25-35
CIV,2022,female,27,Industry,Mining and quarrying,288.0,25-35
CIV,2022,female,28,Industry,Mining and quarrying,277.0,25-35
CIV,2022,female,29,Industry,Mining and quarrying,266.0,25-35
CIV,2022,female,30,Industry,Mining and quarrying,255.0,25-35
CIV,2022,female,31,Industry,Mining and quarrying,246.0,25-35
CIV,2022,female,32,Industry,Mining and quarrying,236.0,25-35
CIV,2022,female,33,Industry,Mining and quarrying,228.0,25-35
CIV,2022,female,34,Industry,Mining and quarrying,220.0,25-35
CIV,2022,female,35,Industry,Mining and quarrying,212.0,25-35
CIV,2023,female,25,Industry,Mining and quarrying,364.0,25-35
CIV,2023,female,26,Industry,Mining and quarrying,350.0,25-35
CIV,2023,female,27,Industry,Mining and quarrying,337.0,25-35
CIV,2023,female,28,Industry,Mining and quarrying,324.0,25-35
CIV,2023,female,29,Industry,Mining and quarrying,312.0,25-35
CIV,2023,female,30,Industry,Mining and quarrying,300.0,25-35
CIV,2023,female,31,Industry,Mining and quarrying,289.0,25-35
CIV,2023,female,32,Industry,Mining and quarrying,278.0,25-35
CIV,2023,female,33,Industry,Mining and quarrying,267.0,25-35
CIV,2023,female,34,Industry,Mining and quarrying,256.0,25-35
CIV,2023,female,35,Industry,Mining and quarrying,245.0,25-35
CIV,2024,female,25,Industry,Mining and quarrying,415.0,25-35
CIV,2024,female,26,Industry,Mining and quarrying,399.0,25-35
CIV,2024,female,27,Industry,Mining and quarrying,384.0,25-35
CIV,2024,female,28,Industry,Mining and quarrying,370.0,25-35
CIV,2024,female,29,Industry,Mining and quarrying,357.0,25-35
CIV,2024,female,30,Industry,Mining and quarrying,344.0,25-35
CIV,2024,female,31,Industry,Mining and quarrying,331.0,25-35
CIV,2024,female,32,Industry,Mining and quarrying,319.0,25-35
CIV,2024,female,33,Industry,Mining and quarrying,305.0,25-35
CIV,2024,female,34,Industry,Mining and quarrying,291.0,25-35
CIV,2024,female,35,Industry,Mining and quarrying,278.0,25-35
CIV,2025,female,25,Industry,Mining and quarrying,432.0,25-35
CIV,2025,female,26,Industry,Mining and quarrying,417.0,25-35
CIV,2025,female,27,Industry,Mining and quarrying,402.0,25-35
CIV,2025,female,28,Industry,Mining and quarrying,387.0,25-35
CIV,2025,female,29,Industry,Mining and quarrying,373.0,25-35
CIV,2025,female,30,Industry,Mining and quarrying,360.0,25-35
CIV,2025,female,31,Industry,Mining and quarrying,347.0,25-35
CIV,2025,female,32,Industry,Mining and quarrying,334.0,25-35
CIV,2025,female,33,Industry,Mining and quarrying,319.0,25-35
CIV,2025,female,34,Industry,Mining and quarrying,304.0,25-35
CIV,2025,female,35,Industry,Mining and quarrying,290.0,25-35
CIV,2015,female,25,Services,Other service activities,4994.0,25-35
CIV,2015,female,26,Services,Other service activities,4807.0,25-35
CIV,2015,female,27,Services,Other service activities,4622.0,25-35
CIV,2015,female,28,Services,Other service activities,4436.0,25-35
CIV,2015,female,29,Services,Other service activities,4254.0,25-35
CIV,2015,female,30,Services,Other service activities,4084.0,25-35
CIV,2015,female,31,Services,Other service activities,3914.0,25-35
CIV,2015,female,32,Services,Other service activities,3792.0,25-35
CIV,2015,female,33,Services,Other service activities,3736.0,25-35
CIV,2015,female,34,Services,Other service activities,3722.0,25-35
CIV,2015,female,35,Services,Other service activities,3705.0,25-35
CIV,2016,female,25,Services,Other service activities,4548.0,25-35
CIV,2016,female,26,Services,Other service activities,4374.0,25-35
CIV,2016,female,27,Services,Other service activities,4203.0,25-35
CIV,2016,female,28,Services,Other service activities,4029.0,25-35
CIV,2016,female,29,Services,Other service activities,3859.0,25-35
CIV,2016,female,30,Services,Other service activities,3699.0,25-35
CIV,2016,female,31,Services,Other service activities,3539.0,25-35
CIV,2016,female,32,Services,Other service activities,3423.0,25-35
CIV,2016,female,33,Services,Other service activities,3372.0,25-35
CIV,2016,female,34,Services,Other service activities,3361.0,25-35
CIV,2016,female,35,Services,Other service activities,3347.0,25-35
CIV,2017,female,25,Services,Other service activities,4086.0,25-35
CIV,2017,female,26,Services,Other service activities,3930.0,25-35
CIV,2017,female,27,Services,Other service activities,3775.0,25-35
CIV,2017,female,28,Services,Other service activities,3615.0,25-35
CIV,2017,female,29,Services,Other service activities,3459.0,25-35
CIV,2017,female,30,Services,Other service activities,3310.0,25-35
CIV,2017,female,31,Services,Other service activities,3162.0,25-35
CIV,2017,female,32,Services,Other service activities,3054.0,25-35
CIV,2017,female,33,Services,Other service activities,3006.0,25-35
CIV,2017,female,34,Services,Other service activities,2995.0,25-35
CIV,2017,female,35,Services,Other service activities,2981.0,25-35
CIV,2018,female,25,Services,Other service activities,5219.0,25-35
CIV,2018,female,26,Services,Other service activities,5022.0,25-35
CIV,2018,female,27,Services,Other service activities,4823.0,25-35
CIV,2018,female,28,Services,Other service activities,4616.0,25-35
CIV,2018,female,29,Services,Other service activities,4412.0,25-35
CIV,2018,female,30,Services,Other service activities,4218.0,25-35
CIV,2018,female,31,Services,Other service activities,4023.0,25-35
CIV,2018,female,32,Services,Other service activities,3881.0,25-35
CIV,2018,female,33,Services,Other service activities,3815.0,25-35
CIV,2018,female,34,Services,Other service activities,3798.0,25-35
CIV,2018,female,35,Services,Other service activities,3777.0,25-35
CIV,2019,female,25,Services,Other service activities,5683.0,25-35
CIV,2019,female,26,Services,Other service activities,5474.0,25-35
CIV,2019,female,27,Services,Other service activities,5259.0,25-35
CIV,2019,female,28,Services,Other service activities,5034.0,25-35
CIV,2019,female,29,Services,Other service activities,4807.0,25-35
CIV,2019,female,30,Services,Other service activities,4591.0,25-35
CIV,2019,female,31,Services,Other service activities,4374.0,25-35
CIV,2019,female,32,Services,Other service activities,4214.0,25-35
CIV,2019,female,33,Services,Other service activities,4137.0,25-35
CIV,2019,female,34,Services,Other service activities,4114.0,25-35
CIV,2019,female,35,Services,Other service activities,4086.0,25-35
CIV,2020,female,25,Services,Other service activities,6577.0,25-35
CIV,2020,female,26,Services,Other service activities,6346.0,25-35
CIV,2020,female,27,Services,Other service activities,6105.0,25-35
CIV,2020,female,28,Services,Other service activities,5845.0,25-35
CIV,2020,female,29,Services,Other service activities,5579.0,25-35
CIV,2020,female,30,Services,Other service activities,5325.0,25-35
CIV,2020,female,31,Services,Other service activities,5069.0,25-35
CIV,2020,female,32,Services,Other service activities,4877.0,25-35
CIV,2020,female,33,Services,Other service activities,4782.0,25-35
CIV,2020,female,34,Services,Other service activities,4748.0,25-35
CIV,2020,female,35,Services,Other service activities,4709.0,25-35
CIV,2021,female,25,Services,Other service activities,7902.0,25-35
CIV,2021,female,26,Services,Other service activities,7610.0,25-35
CIV,2021,female,27,Services,Other service activities,7318.0,25-35
CIV,2021,female,28,Services,Other service activities,7021.0,25-35
CIV,2021,female,29,Services,Other service activities,6728.0,25-35
CIV,2021,female,30,Services,Other service activities,6446.0,25-35
CIV,2021,female,31,Services,Other service activities,6171.0,25-35
CIV,2021,female,32,Services,Other service activities,5937.0,25-35
CIV,2021,female,33,Services,Other service activities,5762.0,25-35
CIV,2021,female,34,Services,Other service activities,5627.0,25-35
CIV,2021,female,35,Services,Other service activities,5493.0,25-35
CIV,2022,female,25,Services,Other service activities,14071.0,25-35
CIV,2022,female,26,Services,Other service activities,13540.0,25-35
CIV,2022,female,27,Services,Other service activities,13020.0,25-35
CIV,2022,female,28,Services,Other service activities,12513.0,25-35
CIV,2022,female,29,Services,Other service activities,12022.0,25-35
CIV,2022,female,30,Services,Other service activities,11551.0,25-35
CIV,2022,female,31,Services,Other service activities,11100.0,25-35
CIV,2022,female,32,Services,Other service activities,10677.0,25-35
CIV,2022,female,33,Services,Other service activities,10288.0,25-35
CIV,2022,female,34,Services,Other service activities,9933.0,25-35
CIV,2022,female,35,Services,Other service activities,9588.0,25-35
CIV,2023,female,25,Services,Other service activities,10166.0,25-35
CIV,2023,female,26,Services,Other service activities,9782.0,25-35
CIV,2023,female,27,Services,Other service activities,9410.0,25-35
CIV,2023,female,28,Services,Other service activities,9056.0,25-35
CIV,2023,female,29,Services,Other service activities,8717.0,25-35
CIV,2023,female,30,Services,Other service activities,8389.0,25-35
CIV,2023,female,31,Services,Other service activities,8079.0,25-35
CIV,2023,female,32,Services,Other service activities,7770.0,25-35
CIV,2023,female,33,Services,Other service activities,7454.0,25-35
CIV,2023,female,34,Services,Other service activities,7144.0,25-35
CIV,2023,female,35,Services,Other service activities,6846.0,25-35
CIV,2024,female,25,Services,Other service activities,10735.0,25-35
CIV,2024,female,26,Services,Other service activities,10336.0,25-35
CIV,2024,female,27,Services,Other service activities,9950.0,25-35
CIV,2024,female,28,Services,Other service activities,9585.0,25-35
CIV,2024,female,29,Services,Other service activities,9236.0,25-35
CIV,2024,female,30,Services,Other service activities,8897.0,25-35
CIV,2024,female,31,Services,Other service activities,8578.0,25-35
CIV,2024,female,32,Services,Other service activities,8249.0,25-35
CIV,2024,female,33,Services,Other service activities,7895.0,25-35
CIV,2024,female,34,Services,Other service activities,7537.0,25-35
CIV,2024,female,35,Services,Other service activities,7195.0,25-35
CIV,2025,female,25,Services,Other service activities,11309.0,25-35
CIV,2025,female,26,Services,Other service activities,10899.0,25-35
CIV,2025,female,27,Services,Other service activities,10503.0,25-35
CIV,2025,female,28,Services,Other service activities,10125.0,25-35
CIV,2025,female,29,Services,Other service activities,9762.0,25-35
CIV,2025,female,30,Services,Other service activities,9408.0,25-35
CIV,2025,female,31,Services,Other service activities,9073.0,25-35
CIV,2025,female,32,Services,Other service activities,8724.0,25-35
CIV,2025,female,33,Services,Other service activities,8344.0,25-35
CIV,2025,female,34,Services,Other service activities,7957.0,25-35
CIV,2025,female,35,Services,Other service activities,7586.0,25-35
CIV,2015,female,25,Services,"Professional, scientific and technical activities",447.0,25-35
CIV,2015,female,26,Services,"Professional, scientific and technical activities",430.0,25-35
CIV,2015,female,27,Services,"Professional, scientific and technical activities",414.0,25-35
CIV,2015,female,28,Services,"Professional, scientific and technical activities",397.0,25-35
CIV,2015,female,29,Services,"Professional, scientific and technical activities",381.0,25-35
CIV,2015,female,30,Services,"Professional, scientific and technical activities",366.0,25-35
CIV,2015,female,31,Services,"Professional, scientific and technical activities",350.0,25-35
CIV,2015,female,32,Services,"Professional, scientific and technical activities",339.0,25-35
CIV,2015,female,33,Services,"Professional, scientific and technical activities",335.0,25-35
CIV,2015,female,34,Services,"Professional, scientific and technical activities",333.0,25-35
CIV,2015,female,35,Services,"Professional, scientific and technical activities",332.0,25-35
CIV,2016,female,25,Services,"Professional, scientific and technical activities",401.0,25-35
CIV,2016,female,26,Services,"Professional, scientific and technical activities",386.0,25-35
CIV,2016,female,27,Services,"Professional, scientific and technical activities",371.0,25-35
CIV,2016,female,28,Services,"Professional, scientific and technical activities",355.0,25-35
CIV,2016,female,29,Services,"Professional, scientific and technical activities",340.0,25-35
CIV,2016,female,30,Services,"Professional, scientific and technical activities",326.0,25-35
CIV,2016,female,31,Services,"Professional, scientific and technical activities",312.0,25-35
CIV,2016,female,32,Services,"Professional, scientific and technical activities",302.0,25-35
CIV,2016,female,33,Services,"Professional, scientific and technical activities",297.0,25-35
CIV,2016,female,34,Services,"Professional, scientific and technical activities",296.0,25-35
CIV,2016,female,35,Services,"Professional, scientific and technical activities",295.0,25-35
CIV,2017,female,25,Services,"Professional, scientific and technical activities",247.0,25-35
CIV,2017,female,26,Services,"Professional, scientific and technical activities",238.0,25-35
CIV,2017,female,27,Services,"Professional, scientific and technical activities",228.0,25-35
CIV,2017,female,28,Services,"Professional, scientific and technical activities",219.0,25-35
CIV,2017,female,29,Services,"Professional, scientific and technical activities",209.0,25-35
CIV,2017,female,30,Services,"Professional, scientific and technical activities",200.0,25-35
CIV,2017,female,31,Services,"Professional, scientific and technical activities",191.0,25-35
CIV,2017,female,32,Services,"Professional, scientific and technical activities",185.0,25-35
CIV,2017,female,33,Services,"Professional, scientific and technical activities",182.0,25-35
CIV,2017,female,34,Services,"Professional, scientific and technical activities",181.0,25-35
CIV,2017,female,35,Services,"Professional, scientific and technical activities",180.0,25-35
CIV,2018,female,25,Services,"Professional, scientific and technical activities",309.0,25-35
CIV,2018,female,26,Services,"Professional, scientific and technical activities",297.0,25-35
CIV,2018,female,27,Services,"Professional, scientific and technical activities",285.0,25-35
CIV,2018,female,28,Services,"Professional, scientific and technical activities",273.0,25-35
CIV,2018,female,29,Services,"Professional, scientific and technical activities",261.0,25-35
CIV,2018,female,30,Services,"Professional, scientific and technical activities",249.0,25-35
CIV,2018,female,31,Services,"Professional, scientific and technical activities",238.0,25-35
CIV,2018,female,32,Services,"Professional, scientific and technical activities",230.0,25-35
CIV,2018,female,33,Services,"Professional, scientific and technical activities",226.0,25-35
CIV,2018,female,34,Services,"Professional, scientific and technical activities",225.0,25-35
CIV,2018,female,35,Services,"Professional, scientific and technical activities",223.0,25-35
CIV,2019,female,25,Services,"Professional, scientific and technical activities",372.0,25-35
CIV,2019,female,26,Services,"Professional, scientific and technical activities",358.0,25-35
CIV,2019,female,27,Services,"Professional, scientific and technical activities",344.0,25-35
CIV,2019,female,28,Services,"Professional, scientific and technical activities",330.0,25-35
CIV,2019,female,29,Services,"Professional, scientific and technical activities",315.0,25-35
CIV,2019,female,30,Services,"Professional, scientific and technical activities",301.0,25-35
CIV,2019,female,31,Services,"Professional, scientific and technical activities",286.0,25-35
CIV,2019,female,32,Services,"Professional, scientific and technical activities",276.0,25-35
CIV,2019,female,33,Services,"Professional, scientific and technical activities",271.0,25-35
CIV,2019,female,34,Services,"Professional, scientific and technical activities",269.0,25-35
CIV,2019,female,35,Services,"Professional, scientific and technical activities",267.0,25-35
CIV,2020,female,25,Services,"Professional, scientific and technical activities",308.0,25-35
CIV,2020,female,26,Services,"Professional, scientific and technical activities",298.0,25-35
CIV,2020,female,27,Services,"Professional, scientific and technical activities",286.0,25-35
CIV,2020,female,28,Services,"Professional, scientific and technical activities",274.0,25-35
CIV,2020,female,29,Services,"Professional, scientific and technical activities",262.0,25-35
CIV,2020,female,30,Services,"Professional, scientific and technical activities",250.0,25-35
CIV,2020,female,31,Services,"Professional, scientific and technical activities",238.0,25-35
CIV,2020,female,32,Services,"Professional, scientific and technical activities",229.0,25-35
CIV,2020,female,33,Services,"Professional, scientific and technical activities",224.0,25-35
CIV,2020,female,34,Services,"Professional, scientific and technical activities",223.0,25-35
CIV,2020,female,35,Services,"Professional, scientific and technical activities",221.0,25-35
CIV,2021,female,25,Services,"Professional, scientific and technical activities",298.0,25-35
CIV,2021,female,26,Services,"Professional, scientific and technical activities",287.0,25-35
CIV,2021,female,27,Services,"Professional, scientific and technical activities",276.0,25-35
CIV,2021,female,28,Services,"Professional, scientific and technical activities",265.0,25-35
CIV,2021,female,29,Services,"Professional, scientific and technical activities",254.0,25-35
CIV,2021,female,30,Services,"Professional, scientific and technical activities",243.0,25-35
CIV,2021,female,31,Services,"Professional, scientific and technical activities",233.0,25-35
CIV,2021,female,32,Services,"Professional, scientific and technical activities",224.0,25-35
CIV,2021,female,33,Services,"Professional, scientific and technical activities",217.0,25-35
CIV,2021,female,34,Services,"Professional, scientific and technical activities",212.0,25-35
CIV,2021,female,35,Services,"Professional, scientific and technical activities",207.0,25-35
CIV,2022,female,25,Services,"Professional, scientific and technical activities",255.0,25-35
CIV,2022,female,26,Services,"Professional, scientific and technical activities",246.0,25-35
CIV,2022,female,27,Services,"Professional, scientific and technical activities",236.0,25-35
CIV,2022,female,28,Services,"Professional, scientific and technical activities",227.0,25-35
CIV,2022,female,29,Services,"Professional, scientific and technical activities",218.0,25-35
CIV,2022,female,30,Services,"Professional, scientific and technical activities",210.0,25-35
CIV,2022,female,31,Services,"Professional, scientific and technical activities",201.0,25-35
CIV,2022,female,32,Services,"Professional, scientific and technical activities",194.0,25-35
CIV,2022,female,33,Services,"Professional, scientific and technical activities",187.0,25-35
CIV,2022,female,34,Services,"Professional, scientific and technical activities",180.0,25-35
CIV,2022,female,35,Services,"Professional, scientific and technical activities",174.0,25-35
CIV,2023,female,25,Services,"Professional, scientific and technical activities",303.0,25-35
CIV,2023,female,26,Services,"Professional, scientific and technical activities",292.0,25-35
CIV,2023,female,27,Services,"Professional, scientific and technical activities",281.0,25-35
CIV,2023,female,28,Services,"Professional, scientific and technical activities",270.0,25-35
CIV,2023,female,29,Services,"Professional, scientific and technical activities",260.0,25-35
CIV,2023,female,30,Services,"Professional, scientific and technical activities",250.0,25-35
CIV,2023,female,31,Services,"Professional, scientific and technical activities",241.0,25-35
CIV,2023,female,32,Services,"Professional, scientific and technical activities",232.0,25-35
CIV,2023,female,33,Services,"Professional, scientific and technical activities",222.0,25-35
CIV,2023,female,34,Services,"Professional, scientific and technical activities",213.0,25-35
CIV,2023,female,35,Services,"Professional, scientific and technical activities",204.0,25-35
CIV,2024,female,25,Services,"Professional, scientific and technical activities",324.0,25-35
CIV,2024,female,26,Services,"Professional, scientific and technical activities",312.0,25-35
CIV,2024,female,27,Services,"Professional, scientific and technical activities",300.0,25-35
CIV,2024,female,28,Services,"Professional, scientific and technical activities",289.0,25-35
CIV,2024,female,29,Services,"Professional, scientific and technical activities",278.0,25-35
CIV,2024,female,30,Services,"Professional, scientific and technical activities",268.0,25-35
CIV,2024,female,31,Services,"Professional, scientific and technical activities",259.0,25-35
CIV,2024,female,32,Services,"Professional, scientific and technical activities",249.0,25-35
CIV,2024,female,33,Services,"Professional, scientific and technical activities",238.0,25-35
CIV,2024,female,34,Services,"Professional, scientific and technical activities",227.0,25-35
CIV,2024,female,35,Services,"Professional, scientific and technical activities",217.0,25-35
CIV,2025,female,25,Services,"Professional, scientific and technical activities",342.0,25-35
CIV,2025,female,26,Services,"Professional, scientific and technical activities",329.0,25-35
CIV,2025,female,27,Services,"Professional, scientific and technical activities",317.0,25-35
CIV,2025,female,28,Services,"Professional, scientific and technical activities",306.0,25-35
CIV,2025,female,29,Services,"Professional, scientific and technical activities",295.0,25-35
CIV,2025,female,30,Services,"Professional, scientific and technical activities",284.0,25-35
CIV,2025,female,31,Services,"Professional, scientific and technical activities",274.0,25-35
CIV,2025,female,32,Services,"Professional, scientific and technical activities",264.0,25-35
CIV,2025,female,33,Services,"Professional, scientific and technical activities",252.0,25-35
CIV,2025,female,34,Services,"Professional, scientific and technical activities",240.0,25-35
CIV,2025,female,35,Services,"Professional, scientific and technical activities",229.0,25-35
CIV,2015,female,25,Services,Public administration and defence; compulsory social security,1552.0,25-35
CIV,2015,female,26,Services,Public administration and defence; compulsory social security,1494.0,25-35
CIV,2015,female,27,Services,Public administration and defence; compulsory social security,1436.0,25-35
CIV,2015,female,28,Services,Public administration and defence; compulsory social security,1378.0,25-35
CIV,2015,female,29,Services,Public administration and defence; compulsory social security,1322.0,25-35
CIV,2015,female,30,Services,Public administration and defence; compulsory social security,1269.0,25-35
CIV,2015,female,31,Services,Public administration and defence; compulsory social security,1216.0,25-35
CIV,2015,female,32,Services,Public administration and defence; compulsory social security,1178.0,25-35
CIV,2015,female,33,Services,Public administration and defence; compulsory social security,1161.0,25-35
CIV,2015,female,34,Services,Public administration and defence; compulsory social security,1156.0,25-35
CIV,2015,female,35,Services,Public administration and defence; compulsory social security,1151.0,25-35
CIV,2016,female,25,Services,Public administration and defence; compulsory social security,1664.0,25-35
CIV,2016,female,26,Services,Public administration and defence; compulsory social security,1601.0,25-35
CIV,2016,female,27,Services,Public administration and defence; compulsory social security,1538.0,25-35
CIV,2016,female,28,Services,Public administration and defence; compulsory social security,1475.0,25-35
CIV,2016,female,29,Services,Public administration and defence; compulsory social security,1413.0,25-35
CIV,2016,female,30,Services,Public administration and defence; compulsory social security,1354.0,25-35
CIV,2016,female,31,Services,Public administration and defence; compulsory social security,1295.0,25-35
CIV,2016,female,32,Services,Public administration and defence; compulsory social security,1253.0,25-35
CIV,2016,female,33,Services,Public administration and defence; compulsory social security,1234.0,25-35
CIV,2016,female,34,Services,Public administration and defence; compulsory social security,1230.0,25-35
CIV,2016,female,35,Services,Public administration and defence; compulsory social security,1225.0,25-35
CIV,2017,female,25,Services,Public administration and defence; compulsory social security,1375.0,25-35
CIV,2017,female,26,Services,Public administration and defence; compulsory social security,1323.0,25-35
CIV,2017,female,27,Services,Public administration and defence; compulsory social security,1270.0,25-35
CIV,2017,female,28,Services,Public administration and defence; compulsory social security,1217.0,25-35
CIV,2017,female,29,Services,Public administration and defence; compulsory social security,1164.0,25-35
CIV,2017,female,30,Services,Public administration and defence; compulsory social security,1114.0,25-35
CIV,2017,female,31,Services,Public administration and defence; compulsory social security,1064.0,25-35
CIV,2017,female,32,Services,Public administration and defence; compulsory social security,1028.0,25-35
CIV,2017,female,33,Services,Public administration and defence; compulsory social security,1012.0,25-35
CIV,2017,female,34,Services,Public administration and defence; compulsory social security,1008.0,25-35
CIV,2017,female,35,Services,Public administration and defence; compulsory social security,1003.0,25-35
CIV,2018,female,25,Services,Public administration and defence; compulsory social security,1188.0,25-35
CIV,2018,female,26,Services,Public administration and defence; compulsory social security,1143.0,25-35
CIV,2018,female,27,Services,Public administration and defence; compulsory social security,1098.0,25-35
CIV,2018,female,28,Services,Public administration and defence; compulsory social security,1051.0,25-35
CIV,2018,female,29,Services,Public administration and defence; compulsory social security,1004.0,25-35
CIV,2018,female,30,Services,Public administration and defence; compulsory social security,960.0,25-35
CIV,2018,female,31,Services,Public administration and defence; compulsory social security,916.0,25-35
CIV,2018,female,32,Services,Public administration and defence; compulsory social security,883.0,25-35
CIV,2018,female,33,Services,Public administration and defence; compulsory social security,868.0,25-35
CIV,2018,female,34,Services,Public administration and defence; compulsory social security,865.0,25-35
CIV,2018,female,35,Services,Public administration and defence; compulsory social security,860.0,25-35
CIV,2019,female,25,Services,Public administration and defence; compulsory social security,997.0,25-35
CIV,2019,female,26,Services,Public administration and defence; compulsory social security,960.0,25-35
CIV,2019,female,27,Services,Public administration and defence; compulsory social security,923.0,25-35
CIV,2019,female,28,Services,Public administration and defence; compulsory social security,883.0,25-35
CIV,2019,female,29,Services,Public administration and defence; compulsory social security,844.0,25-35
CIV,2019,female,30,Services,Public administration and defence; compulsory social security,806.0,25-35
CIV,2019,female,31,Services,Public administration and defence; compulsory social security,768.0,25-35
CIV,2019,female,32,Services,Public administration and defence; compulsory social security,739.0,25-35
CIV,2019,female,33,Services,Public administration and defence; compulsory social security,726.0,25-35
CIV,2019,female,34,Services,Public administration and defence; compulsory social security,722.0,25-35
CIV,2019,female,35,Services,Public administration and defence; compulsory social security,717.0,25-35
CIV,2020,female,25,Services,Public administration and defence; compulsory social security,1399.0,25-35
CIV,2020,female,26,Services,Public administration and defence; compulsory social security,1350.0,25-35
CIV,2020,female,27,Services,Public administration and defence; compulsory social security,1299.0,25-35
CIV,2020,female,28,Services,Public administration and defence; compulsory social security,1244.0,25-35
CIV,2020,female,29,Services,Public administration and defence; compulsory social security,1187.0,25-35
CIV,2020,female,30,Services,Public administration and defence; compulsory social security,1133.0,25-35
CIV,2020,female,31,Services,Public administration and defence; compulsory social security,1078.0,25-35
CIV,2020,female,32,Services,Public administration and defence; compulsory social security,1038.0,25-35
CIV,2020,female,33,Services,Public administration and defence; compulsory social security,1017.0,25-35
CIV,2020,female,34,Services,Public administration and defence; compulsory social security,1010.0,25-35
CIV,2020,female,35,Services,Public administration and defence; compulsory social security,1002.0,25-35
CIV,2021,female,25,Services,Public administration and defence; compulsory social security,1775.0,25-35
CIV,2021,female,26,Services,Public administration and defence; compulsory social security,1710.0,25-35
CIV,2021,female,27,Services,Public administration and defence; compulsory social security,1644.0,25-35
CIV,2021,female,28,Services,Public administration and defence; compulsory social security,1577.0,25-35
CIV,2021,female,29,Services,Public administration and defence; compulsory social security,1512.0,25-35
CIV,2021,female,30,Services,Public administration and defence; compulsory social security,1448.0,25-35
CIV,2021,female,31,Services,Public administration and defence; compulsory social security,1387.0,25-35
CIV,2021,female,32,Services,Public administration and defence; compulsory social security,1334.0,25-35
CIV,2021,female,33,Services,Public administration and defence; compulsory social security,1295.0,25-35
CIV,2021,female,34,Services,Public administration and defence; compulsory social security,1264.0,25-35
CIV,2021,female,35,Services,Public administration and defence; compulsory social security,1234.0,25-35
CIV,2022,female,25,Services,Public administration and defence; compulsory social security,2169.0,25-35
CIV,2022,female,26,Services,Public administration and defence; compulsory social security,2087.0,25-35
CIV,2022,female,27,Services,Public administration and defence; compulsory social security,2007.0,25-35
CIV,2022,female,28,Services,Public administration and defence; compulsory social security,1929.0,25-35
CIV,2022,female,29,Services,Public administration and defence; compulsory social security,1853.0,25-35
CIV,2022,female,30,Services,Public administration and defence; compulsory social security,1781.0,25-35
CIV,2022,female,31,Services,Public administration and defence; compulsory social security,1711.0,25-35
CIV,2022,female,32,Services,Public administration and defence; compulsory social security,1646.0,25-35
CIV,2022,female,33,Services,Public administration and defence; compulsory social security,1586.0,25-35
CIV,2022,female,34,Services,Public administration and defence; compulsory social security,1531.0,25-35
CIV,2022,female,35,Services,Public administration and defence; compulsory social security,1478.0,25-35
CIV,2023,female,25,Services,Public administration and defence; compulsory social security,2226.0,25-35
CIV,2023,female,26,Services,Public administration and defence; compulsory social security,2142.0,25-35
CIV,2023,female,27,Services,Public administration and defence; compulsory social security,2060.0,25-35
CIV,2023,female,28,Services,Public administration and defence; compulsory social security,1983.0,25-35
CIV,2023,female,29,Services,Public administration and defence; compulsory social security,1908.0,25-35
CIV,2023,female,30,Services,Public administration and defence; compulsory social security,1837.0,25-35
CIV,2023,female,31,Services,Public administration and defence; compulsory social security,1769.0,25-35
CIV,2023,female,32,Services,Public administration and defence; compulsory social security,1701.0,25-35
CIV,2023,female,33,Services,Public administration and defence; compulsory social security,1632.0,25-35
CIV,2023,female,34,Services,Public administration and defence; compulsory social security,1564.0,25-35
CIV,2023,female,35,Services,Public administration and defence; compulsory social security,1499.0,25-35
CIV,2024,female,25,Services,Public administration and defence; compulsory social security,2413.0,25-35
CIV,2024,female,26,Services,Public administration and defence; compulsory social security,2323.0,25-35
CIV,2024,female,27,Services,Public administration and defence; compulsory social security,2236.0,25-35
CIV,2024,female,28,Services,Public administration and defence; compulsory social security,2154.0,25-35
CIV,2024,female,29,Services,Public administration and defence; compulsory social security,2076.0,25-35
CIV,2024,female,30,Services,Public administration and defence; compulsory social security,2000.0,25-35
CIV,2024,female,31,Services,Public administration and defence; compulsory social security,1928.0,25-35
CIV,2024,female,32,Services,Public administration and defence; compulsory social security,1854.0,25-35
CIV,2024,female,33,Services,Public administration and defence; compulsory social security,1774.0,25-35
CIV,2024,female,34,Services,Public administration and defence; compulsory social security,1694.0,25-35
CIV,2024,female,35,Services,Public administration and defence; compulsory social security,1617.0,25-35
CIV,2025,female,25,Services,Public administration and defence; compulsory social security,2520.0,25-35
CIV,2025,female,26,Services,Public administration and defence; compulsory social security,2429.0,25-35
CIV,2025,female,27,Services,Public administration and defence; compulsory social security,2340.0,25-35
CIV,2025,female,28,Services,Public administration and defence; compulsory social security,2256.0,25-35
CIV,2025,female,29,Services,Public administration and defence; compulsory social security,2175.0,25-35
CIV,2025,female,30,Services,Public administration and defence; compulsory social security,2097.0,25-35
CIV,2025,female,31,Services,Public administration and defence; compulsory social security,2022.0,25-35
CIV,2025,female,32,Services,Public administration and defence; compulsory social security,1944.0,25-35
CIV,2025,female,33,Services,Public administration and defence; compulsory social security,1859.0,25-35
CIV,2025,female,34,Services,Public administration and defence; compulsory social security,1773.0,25-35
CIV,2025,female,35,Services,Public administration and defence; compulsory social security,1691.0,25-35
CIV,2015,female,25,Services,Real estate activities,1049.0,25-35
CIV,2015,female,26,Services,Real estate activities,1010.0,25-35
CIV,2015,female,27,Services,Real estate activities,971.0,25-35
CIV,2015,female,28,Services,Real estate activities,932.0,25-35
CIV,2015,female,29,Services,Real estate activities,894.0,25-35
CIV,2015,female,30,Services,Real estate activities,858.0,25-35
CIV,2015,female,31,Services,Real estate activities,822.0,25-35
CIV,2015,female,32,Services,Real estate activities,796.0,25-35
CIV,2015,female,33,Services,Real estate activities,785.0,25-35
CIV,2015,female,34,Services,Real estate activities,782.0,25-35
CIV,2015,female,35,Services,Real estate activities,778.0,25-35
CIV,2016,female,25,Services,Real estate activities,819.0,25-35
CIV,2016,female,26,Services,Real estate activities,787.0,25-35
CIV,2016,female,27,Services,Real estate activities,757.0,25-35
CIV,2016,female,28,Services,Real estate activities,725.0,25-35
CIV,2016,female,29,Services,Real estate activities,695.0,25-35
CIV,2016,female,30,Services,Real estate activities,666.0,25-35
CIV,2016,female,31,Services,Real estate activities,637.0,25-35
CIV,2016,female,32,Services,Real estate activities,616.0,25-35
CIV,2016,female,33,Services,Real estate activities,607.0,25-35
CIV,2016,female,34,Services,Real estate activities,605.0,25-35
CIV,2016,female,35,Services,Real estate activities,602.0,25-35
CIV,2017,female,25,Services,Real estate activities,739.0,25-35
CIV,2017,female,26,Services,Real estate activities,710.0,25-35
CIV,2017,female,27,Services,Real estate activities,682.0,25-35
CIV,2017,female,28,Services,Real estate activities,653.0,25-35
CIV,2017,female,29,Services,Real estate activities,625.0,25-35
CIV,2017,female,30,Services,Real estate activities,598.0,25-35
CIV,2017,female,31,Services,Real estate activities,571.0,25-35
CIV,2017,female,32,Services,Real estate activities,552.0,25-35
CIV,2017,female,33,Services,Real estate activities,543.0,25-35
CIV,2017,female,34,Services,Real estate activities,541.0,25-35
CIV,2017,female,35,Services,Real estate activities,539.0,25-35
CIV,2018,female,25,Services,Real estate activities,553.0,25-35
CIV,2018,female,26,Services,Real estate activities,532.0,25-35
CIV,2018,female,27,Services,Real estate activities,511.0,25-35
CIV,2018,female,28,Services,Real estate activities,489.0,25-35
CIV,2018,female,29,Services,Real estate activities,468.0,25-35
CIV,2018,female,30,Services,Real estate activities,447.0,25-35
CIV,2018,female,31,Services,Real estate activities,426.0,25-35
CIV,2018,female,32,Services,Real estate activities,411.0,25-35
CIV,2018,female,33,Services,Real estate activities,404.0,25-35
CIV,2018,female,34,Services,Real estate activities,402.0,25-35
CIV,2018,female,35,Services,Real estate activities,400.0,25-35
CIV,2019,female,25,Services,Real estate activities,522.0,25-35
CIV,2019,female,26,Services,Real estate activities,503.0,25-35
CIV,2019,female,27,Services,Real estate activities,483.0,25-35
CIV,2019,female,28,Services,Real estate activities,462.0,25-35
CIV,2019,female,29,Services,Real estate activities,442.0,25-35
CIV,2019,female,30,Services,Real estate activities,422.0,25-35
CIV,2019,female,31,Services,Real estate activities,402.0,25-35
CIV,2019,female,32,Services,Real estate activities,387.0,25-35
CIV,2019,female,33,Services,Real estate activities,380.0,25-35
CIV,2019,female,34,Services,Real estate activities,378.0,25-35
CIV,2019,female,35,Services,Real estate activities,375.0,25-35
CIV,2020,female,25,Services,Real estate activities,563.0,25-35
CIV,2020,female,26,Services,Real estate activities,543.0,25-35
CIV,2020,female,27,Services,Real estate activities,522.0,25-35
CIV,2020,female,28,Services,Real estate activities,500.0,25-35
CIV,2020,female,29,Services,Real estate activities,477.0,25-35
CIV,2020,female,30,Services,Real estate activities,456.0,25-35
CIV,2020,female,31,Services,Real estate activities,434.0,25-35
CIV,2020,female,32,Services,Real estate activities,417.0,25-35
CIV,2020,female,33,Services,Real estate activities,409.0,25-35
CIV,2020,female,34,Services,Real estate activities,406.0,25-35
CIV,2020,female,35,Services,Real estate activities,403.0,25-35
CIV,2021,female,25,Services,Real estate activities,567.0,25-35
CIV,2021,female,26,Services,Real estate activities,546.0,25-35
CIV,2021,female,27,Services,Real estate activities,525.0,25-35
CIV,2021,female,28,Services,Real estate activities,504.0,25-35
CIV,2021,female,29,Services,Real estate activities,483.0,25-35
CIV,2021,female,30,Services,Real estate activities,463.0,25-35
CIV,2021,female,31,Services,Real estate activities,443.0,25-35
CIV,2021,female,32,Services,Real estate activities,426.0,25-35
CIV,2021,female,33,Services,Real estate activities,413.0,25-35
CIV,2021,female,34,Services,Real estate activities,404.0,25-35
CIV,2021,female,35,Services,Real estate activities,394.0,25-35
CIV,2022,female,25,Services,Real estate activities,529.0,25-35
CIV,2022,female,26,Services,Real estate activities,509.0,25-35
CIV,2022,female,27,Services,Real estate activities,489.0,25-35
CIV,2022,female,28,Services,Real estate activities,470.0,25-35
CIV,2022,female,29,Services,Real estate activities,452.0,25-35
CIV,2022,female,30,Services,Real estate activities,434.0,25-35
CIV,2022,female,31,Services,Real estate activities,417.0,25-35
CIV,2022,female,32,Services,Real estate activities,401.0,25-35
CIV,2022,female,33,Services,Real estate activities,387.0,25-35
CIV,2022,female,34,Services,Real estate activities,373.0,25-35
CIV,2022,female,35,Services,Real estate activities,360.0,25-35
CIV,2023,female,25,Services,Real estate activities,592.0,25-35
CIV,2023,female,26,Services,Real estate activities,570.0,25-35
CIV,2023,female,27,Services,Real estate activities,548.0,25-35
CIV,2023,female,28,Services,Real estate activities,528.0,25-35
CIV,2023,female,29,Services,Real estate activities,508.0,25-35
CIV,2023,female,30,Services,Real estate activities,489.0,25-35
CIV,2023,female,31,Services,Real estate activities,471.0,25-35
CIV,2023,female,32,Services,Real estate activities,453.0,25-35
CIV,2023,female,33,Services,Real estate activities,434.0,25-35
CIV,2023,female,34,Services,Real estate activities,416.0,25-35
CIV,2023,female,35,Services,Real estate activities,399.0,25-35
CIV,2024,female,25,Services,Real estate activities,506.0,25-35
CIV,2024,female,26,Services,Real estate activities,487.0,25-35
CIV,2024,female,27,Services,Real estate activities,469.0,25-35
CIV,2024,female,28,Services,Real estate activities,452.0,25-35
CIV,2024,female,29,Services,Real estate activities,436.0,25-35
CIV,2024,female,30,Services,Real estate activities,420.0,25-35
CIV,2024,female,31,Services,Real estate activities,405.0,25-35
CIV,2024,female,32,Services,Real estate activities,389.0,25-35
CIV,2024,female,33,Services,Real estate activities,372.0,25-35
CIV,2024,female,34,Services,Real estate activities,355.0,25-35
CIV,2024,female,35,Services,Real estate activities,339.0,25-35
CIV,2025,female,25,Services,Real estate activities,534.0,25-35
CIV,2025,female,26,Services,Real estate activities,515.0,25-35
CIV,2025,female,27,Services,Real estate activities,496.0,25-35
CIV,2025,female,28,Services,Real estate activities,478.0,25-35
CIV,2025,female,29,Services,Real estate activities,461.0,25-35
CIV,2025,female,30,Services,Real estate activities,445.0,25-35
CIV,2025,female,31,Services,Real estate activities,429.0,25-35
CIV,2025,female,32,Services,Real estate activities,412.0,25-35
CIV,2025,female,33,Services,Real estate activities,394.0,25-35
CIV,2025,female,34,Services,Real estate activities,376.0,25-35
CIV,2025,female,35,Services,Real estate activities,358.0,25-35
CIV,2015,female,25,Services,Transportation and storage,356.0,25-35
CIV,2015,female,26,Services,Transportation and storage,343.0,25-35
CIV,2015,female,27,Services,Transportation and storage,330.0,25-35
CIV,2015,female,28,Services,Transportation and storage,316.0,25-35
CIV,2015,female,29,Services,Transportation and storage,303.0,25-35
CIV,2015,female,30,Services,Transportation and storage,291.0,25-35
CIV,2015,female,31,Services,Transportation and storage,279.0,25-35
CIV,2015,female,32,Services,Transportation and storage,270.0,25-35
CIV,2015,female,33,Services,Transportation and storage,266.0,25-35
CIV,2015,female,34,Services,Transportation and storage,265.0,25-35
CIV,2015,female,35,Services,Transportation and storage,264.0,25-35
CIV,2016,female,25,Services,Transportation and storage,363.0,25-35
CIV,2016,female,26,Services,Transportation and storage,349.0,25-35
CIV,2016,female,27,Services,Transportation and storage,335.0,25-35
CIV,2016,female,28,Services,Transportation and storage,321.0,25-35
CIV,2016,female,29,Services,Transportation and storage,308.0,25-35
CIV,2016,female,30,Services,Transportation and storage,295.0,25-35
CIV,2016,female,31,Services,Transportation and storage,282.0,25-35
CIV,2016,female,32,Services,Transportation and storage,273.0,25-35
CIV,2016,female,33,Services,Transportation and storage,269.0,25-35
CIV,2016,female,34,Services,Transportation and storage,268.0,25-35
CIV,2016,female,35,Services,Transportation and storage,267.0,25-35
CIV,2017,female,25,Services,Transportation and storage,402.0,25-35
CIV,2017,female,26,Services,Transportation and storage,386.0,25-35
CIV,2017,female,27,Services,Transportation and storage,371.0,25-35
CIV,2017,female,28,Services,Transportation and storage,355.0,25-35
CIV,2017,female,29,Services,Transportation and storage,340.0,25-35
CIV,2017,female,30,Services,Transportation and storage,325.0,25-35
CIV,2017,female,31,Services,Transportation and storage,311.0,25-35
CIV,2017,female,32,Services,Transportation and storage,300.0,25-35
CIV,2017,female,33,Services,Transportation and storage,295.0,25-35
CIV,2017,female,34,Services,Transportation and storage,294.0,25-35
CIV,2017,female,35,Services,Transportation and storage,293.0,25-35
CIV,2018,female,25,Services,Transportation and storage,502.0,25-35
CIV,2018,female,26,Services,Transportation and storage,483.0,25-35
CIV,2018,female,27,Services,Transportation and storage,464.0,25-35
CIV,2018,female,28,Services,Transportation and storage,444.0,25-35
CIV,2018,female,29,Services,Transportation and storage,424.0,25-35
CIV,2018,female,30,Services,Transportation and storage,406.0,25-35
CIV,2018,female,31,Services,Transportation and storage,387.0,25-35
CIV,2018,female,32,Services,Transportation and storage,373.0,25-35
CIV,2018,female,33,Services,Transportation and storage,367.0,25-35
CIV,2018,female,34,Services,Transportation and storage,365.0,25-35
CIV,2018,female,35,Services,Transportation and storage,363.0,25-35
CIV,2019,female,25,Services,Transportation and storage,525.0,25-35
CIV,2019,female,26,Services,Transportation and storage,505.0,25-35
CIV,2019,female,27,Services,Transportation and storage,486.0,25-35
CIV,2019,female,28,Services,Transportation and storage,465.0,25-35
CIV,2019,female,29,Services,Transportation and storage,444.0,25-35
CIV,2019,female,30,Services,Transportation and storage,424.0,25-35
CIV,2019,female,31,Services,Transportation and storage,404.0,25-35
CIV,2019,female,32,Services,Transportation and storage,389.0,25-35
CIV,2019,female,33,Services,Transportation and storage,382.0,25-35
CIV,2019,female,34,Services,Transportation and storage,380.0,25-35
CIV,2019,female,35,Services,Transportation and storage,377.0,25-35
CIV,2020,female,25,Services,Transportation and storage,539.0,25-35
CIV,2020,female,26,Services,Transportation and storage,520.0,25-35
CIV,2020,female,27,Services,Transportation and storage,500.0,25-35
CIV,2020,female,28,Services,Transportation and storage,479.0,25-35
CIV,2020,female,29,Services,Transportation and storage,457.0,25-35
CIV,2020,female,30,Services,Transportation and storage,436.0,25-35
CIV,2020,female,31,Services,Transportation and storage,415.0,25-35
CIV,2020,female,32,Services,Transportation and storage,400.0,25-35
CIV,2020,female,33,Services,Transportation and storage,392.0,25-35
CIV,2020,female,34,Services,Transportation and storage,389.0,25-35
CIV,2020,female,35,Services,Transportation and storage,386.0,25-35
CIV,2021,female,25,Services,Transportation and storage,484.0,25-35
CIV,2021,female,26,Services,Transportation and storage,466.0,25-35
CIV,2021,female,27,Services,Transportation and storage,448.0,25-35
CIV,2021,female,28,Services,Transportation and storage,430.0,25-35
CIV,2021,female,29,Services,Transportation and storage,412.0,25-35
CIV,2021,female,30,Services,Transportation and storage,395.0,25-35
CIV,2021,female,31,Services,Transportation and storage,378.0,25-35
CIV,2021,female,32,Services,Transportation and storage,364.0,25-35
CIV,2021,female,33,Services,Transportation and storage,353.0,25-35
CIV,2021,female,34,Services,Transportation and storage,345.0,25-35
CIV,2021,female,35,Services,Transportation and storage,337.0,25-35
CIV,2022,female,25,Services,Transportation and storage,476.0,25-35
CIV,2022,female,26,Services,Transportation and storage,458.0,25-35
CIV,2022,female,27,Services,Transportation and storage,440.0,25-35
CIV,2022,female,28,Services,Transportation and storage,423.0,25-35
CIV,2022,female,29,Services,Transportation and storage,406.0,25-35
CIV,2022,female,30,Services,Transportation and storage,390.0,25-35
CIV,2022,female,31,Services,Transportation and storage,375.0,25-35
CIV,2022,female,32,Services,Transportation and storage,361.0,25-35
CIV,2022,female,33,Services,Transportation and storage,348.0,25-35
CIV,2022,female,34,Services,Transportation and storage,336.0,25-35
CIV,2022,female,35,Services,Transportation and storage,324.0,25-35
CIV,2023,female,25,Services,Transportation and storage,430.0,25-35
CIV,2023,female,26,Services,Transportation and storage,414.0,25-35
CIV,2023,female,27,Services,Transportation and storage,398.0,25-35
CIV,2023,female,28,Services,Transportation and storage,383.0,25-35
CIV,2023,female,29,Services,Transportation and storage,368.0,25-35
CIV,2023,female,30,Services,Transportation and storage,355.0,25-35
CIV,2023,female,31,Services,Transportation and storage,342.0,25-35
CIV,2023,female,32,Services,Transportation and storage,328.0,25-35
CIV,2023,female,33,Services,Transportation and storage,315.0,25-35
CIV,2023,female,34,Services,Transportation and storage,302.0,25-35
CIV,2023,female,35,Services,Transportation and storage,289.0,25-35
CIV,2024,female,25,Services,Transportation and storage,468.0,25-35
CIV,2024,female,26,Services,Transportation and storage,450.0,25-35
CIV,2024,female,27,Services,Transportation and storage,433.0,25-35
CIV,2024,female,28,Services,Transportation and storage,418.0,25-35
CIV,2024,female,29,Services,Transportation and storage,402.0,25-35
CIV,2024,female,30,Services,Transportation and storage,388.0,25-35
CIV,2024,female,31,Services,Transportation and storage,374.0,25-35
CIV,2024,female,32,Services,Transportation and storage,359.0,25-35
CIV,2024,female,33,Services,Transportation and storage,344.0,25-35
CIV,2024,female,34,Services,Transportation and storage,328.0,25-35
CIV,2024,female,35,Services,Transportation and storage,313.0,25-35
CIV,2025,female,25,Services,Transportation and storage,488.0,25-35
CIV,2025,female,26,Services,Transportation and storage,470.0,25-35
CIV,2025,female,27,Services,Transportation and storage,453.0,25-35
CIV,2025,female,28,Services,Transportation and storage,437.0,25-35
CIV,2025,female,29,Services,Transportation and storage,421.0,25-35
CIV,2025,female,30,Services,Transportation and storage,406.0,25-35
CIV,2025,female,31,Services,Transportation and storage,391.0,25-35
CIV,2025,female,32,Services,Transportation and storage,376.0,25-35
CIV,2025,female,33,Services,Transportation and storage,360.0,25-35
CIV,2025,female,34,Services,Transportation and storage,343.0,25-35
CIV,2025,female,35,Services,Transportation and storage,327.0,25-35
CIV,2015,female,25,Industry,"Water supply; sewerage, waste management and remediation activities",119.0,25-35
CIV,2015,female,26,Industry,"Water supply; sewerage, waste management and remediation activities",114.0,25-35
CIV,2015,female,27,Industry,"Water supply; sewerage, waste management and remediation activities",110.0,25-35
CIV,2015,female,28,Industry,"Water supply; sewerage, waste management and remediation activities",106.0,25-35
CIV,2015,female,29,Industry,"Water supply; sewerage, waste management and remediation activities",101.0,25-35
CIV,2015,female,30,Industry,"Water supply; sewerage, waste management and remediation activities",97.0,25-35
CIV,2015,female,31,Industry,"Water supply; sewerage, waste management and remediation activities",93.0,25-35
CIV,2015,female,32,Industry,"Water supply; sewerage, waste management and remediation activities",90.0,25-35
CIV,2015,female,33,Industry,"Water supply; sewerage, waste management and remediation activities",89.0,25-35
CIV,2015,female,34,Industry,"Water supply; sewerage, waste management and remediation activities",89.0,25-35
CIV,2015,female,35,Industry,"Water supply; sewerage, waste management and remediation activities",88.0,25-35
CIV,2016,female,25,Industry,"Water supply; sewerage, waste management and remediation activities",33.0,25-35
CIV,2016,female,26,Industry,"Water supply; sewerage, waste management and remediation activities",32.0,25-35
CIV,2016,female,27,Industry,"Water supply; sewerage, waste management and remediation activities",30.0,25-35
CIV,2016,female,28,Industry,"Water supply; sewerage, waste management and remediation activities",29.0,25-35
CIV,2016,female,29,Industry,"Water supply; sewerage, waste management and remediation activities",28.0,25-35
CIV,2016,female,30,Industry,"Water supply; sewerage, waste management and remediation activities",27.0,25-35
CIV,2016,female,31,Industry,"Water supply; sewerage, waste management and remediation activities",26.0,25-35
CIV,2016,female,32,Industry,"Water supply; sewerage, waste management and remediation activities",25.0,25-35
CIV,2016,female,33,Industry,"Water supply; sewerage, waste management and remediation activities",24.0,25-35
CIV,2016,female,34,Industry,"Water supply; sewerage, waste management and remediation activities",24.0,25-35
CIV,2016,female,35,Industry,"Water supply; sewerage, waste management and remediation activities",24.0,25-35
CIV,2017,female,25,Industry,"Water supply; sewerage, waste management and remediation activities",40.0,25-35
CIV,2017,female,26,Industry,"Water supply; sewerage, waste management and remediation activities",38.0,25-35
CIV,2017,female,27,Industry,"Water supply; sewerage, waste management and remediation activities",37.0,25-35
CIV,2017,female,28,Industry,"Water supply; sewerage, waste management and remediation activities",35.0,25-35
CIV,2017,female,29,Industry,"Water supply; sewerage, waste management and remediation activities",34.0,25-35
CIV,2017,female,30,Industry,"Water supply; sewerage, waste management and remediation activities",32.0,25-35
CIV,2017,female,31,Industry,"Water supply; sewerage, waste management and remediation activities",31.0,25-35
CIV,2017,female,32,Industry,"Water supply; sewerage, waste management and remediation activities",30.0,25-35
CIV,2017,female,33,Industry,"Water supply; sewerage, waste management and remediation activities",29.0,25-35
CIV,2017,female,34,Industry,"Water supply; sewerage, waste management and remediation activities",29.0,25-35
CIV,2017,female,35,Industry,"Water supply; sewerage, waste management and remediation activities",29.0,25-35
CIV,2018,female,25,Industry,"Water supply; sewerage, waste management and remediation activities",53.0,25-35
CIV,2018,female,26,Industry,"Water supply; sewerage, waste management and remediation activities",51.0,25-35
CIV,2018,female,27,Industry,"Water supply; sewerage, waste management and remediation activities",49.0,25-35
CIV,2018,female,28,Industry,"Water supply; sewerage, waste management and remediation activities",47.0,25-35
CIV,2018,female,29,Industry,"Water supply; sewerage, waste management and remediation activities",44.0,25-35
CIV,2018,female,30,Industry,"Water supply; sewerage, waste management and remediation activities",43.0,25-35
CIV,2018,female,31,Industry,"Water supply; sewerage, waste management and remediation activities",41.0,25-35
CIV,2018,female,32,Industry,"Water supply; sewerage, waste management and remediation activities",39.0,25-35
CIV,2018,female,33,Industry,"Water supply; sewerage, waste management and remediation activities",38.0,25-35
CIV,2018,female,34,Industry,"Water supply; sewerage, waste management and remediation activities",38.0,25-35
CIV,2018,female,35,Industry,"Water supply; sewerage, waste management and remediation activities",38.0,25-35
CIV,2019,female,25,Industry,"Water supply; sewerage, waste management and remediation activities",69.0,25-35
CIV,2019,female,26,Industry,"Water supply; sewerage, waste management and remediation activities",66.0,25-35
CIV,2019,female,27,Industry,"Water supply; sewerage, waste management and remediation activities",63.0,25-35
CIV,2019,female,28,Industry,"Water supply; sewerage, waste management and remediation activities",61.0,25-35
CIV,2019,female,29,Industry,"Water supply; sewerage, waste management and remediation activities",58.0,25-35
CIV,2019,female,30,Industry,"Water supply; sewerage, waste management and remediation activities",55.0,25-35
CIV,2019,female,31,Industry,"Water supply; sewerage, waste management and remediation activities",53.0,25-35
CIV,2019,female,32,Industry,"Water supply; sewerage, waste management and remediation activities",51.0,25-35
CIV,2019,female,33,Industry,"Water supply; sewerage, waste management and remediation activities",50.0,25-35
CIV,2019,female,34,Industry,"Water supply; sewerage, waste management and remediation activities",50.0,25-35
CIV,2019,female,35,Industry,"Water supply; sewerage, waste management and remediation activities",49.0,25-35
CIV,2020,female,25,Industry,"Water supply; sewerage, waste management and remediation activities",67.0,25-35
CIV,2020,female,26,Industry,"Water supply; sewerage, waste management and remediation activities",65.0,25-35
CIV,2020,female,27,Industry,"Water supply; sewerage, waste management and remediation activities",62.0,25-35
CIV,2020,female,28,Industry,"Water supply; sewerage, waste management and remediation activities",60.0,25-35
CIV,2020,female,29,Industry,"Water supply; sewerage, waste management and remediation activities",57.0,25-35
CIV,2020,female,30,Industry,"Water supply; sewerage, waste management and remediation activities",54.0,25-35
CIV,2020,female,31,Industry,"Water supply; sewerage, waste management and remediation activities",52.0,25-35
CIV,2020,female,32,Industry,"Water supply; sewerage, waste management and remediation activities",50.0,25-35
CIV,2020,female,33,Industry,"Water supply; sewerage, waste management and remediation activities",49.0,25-35
CIV,2020,female,34,Industry,"Water supply; sewerage, waste management and remediation activities",48.0,25-35
CIV,2020,female,35,Industry,"Water supply; sewerage, waste management and remediation activities",48.0,25-35
CIV,2021,female,25,Industry,"Water supply; sewerage, waste management and remediation activities",75.0,25-35
CIV,2021,female,26,Industry,"Water supply; sewerage, waste management and remediation activities",72.0,25-35
CIV,2021,female,27,Industry,"Water supply; sewerage, waste management and remediation activities",69.0,25-35
CIV,2021,female,28,Industry,"Water supply; sewerage, waste management and remediation activities",66.0,25-35
CIV,2021,female,29,Industry,"Water supply; sewerage, waste management and remediation activities",64.0,25-35
CIV,2021,female,30,Industry,"Water supply; sewerage, waste management and remediation activities",61.0,25-35
CIV,2021,female,31,Industry,"Water supply; sewerage, waste management and remediation activities",58.0,25-35
CIV,2021,female,32,Industry,"Water supply; sewerage, waste management and remediation activities",56.0,25-35
CIV,2021,female,33,Industry,"Water supply; sewerage, waste management and remediation activities",55.0,25-35
CIV,2021,female,34,Industry,"Water supply; sewerage, waste management and remediation activities",53.0,25-35
CIV,2021,female,35,Industry,"Water supply; sewerage, waste management and remediation activities",52.0,25-35
CIV,2022,female,25,Industry,"Water supply; sewerage, waste management and remediation activities",81.0,25-35
CIV,2022,female,26,Industry,"Water supply; sewerage, waste management and remediation activities",78.0,25-35
CIV,2022,female,27,Industry,"Water supply; sewerage, waste management and remediation activities",75.0,25-35
CIV,2022,female,28,Industry,"Water supply; sewerage, waste management and remediation activities",72.0,25-35
CIV,2022,female,29,Industry,"Water supply; sewerage, waste management and remediation activities",69.0,25-35
CIV,2022,female,30,Industry,"Water supply; sewerage, waste management and remediation activities",67.0,25-35
CIV,2022,female,31,Industry,"Water supply; sewerage, waste management and remediation activities",64.0,25-35
CIV,2022,female,32,Industry,"Water supply; sewerage, waste management and remediation activities",62.0,25-35
CIV,2022,female,33,Industry,"Water supply; sewerage, waste management and remediation activities",59.0,25-35
CIV,2022,female,34,Industry,"Water supply; sewerage, waste management and remediation activities",57.0,25-35
CIV,2022,female,35,Industry,"Water supply; sewerage, waste management and remediation activities",55.0,25-35
CIV,2023,female,25,Industry,"Water supply; sewerage, waste management and remediation activities",83.0,25-35
CIV,2023,female,26,Industry,"Water supply; sewerage, waste management and remediation activities",80.0,25-35
CIV,2023,female,27,Industry,"Water supply; sewerage, waste management and remediation activities",77.0,25-35
CIV,2023,female,28,Industry,"Water supply; sewerage, waste management and remediation activities",74.0,25-35
CIV,2023,female,29,Industry,"Water supply; sewerage, waste management and remediation activities",71.0,25-35
CIV,2023,female,30,Industry,"Water supply; sewerage, waste management and remediation activities",68.0,25-35
CIV,2023,female,31,Industry,"Water supply; sewerage, waste management and remediation activities",66.0,25-35
CIV,2023,female,32,Industry,"Water supply; sewerage, waste management and remediation activities",63.0,25-35
CIV,2023,female,33,Industry,"Water supply; sewerage, waste management and remediation activities",61.0,25-35
CIV,2023,female,34,Industry,"Water supply; sewerage, waste management and remediation activities",58.0,25-35
CIV,2023,female,35,Industry,"Water supply; sewerage, waste management and remediation activities",56.0,25-35
CIV,2024,female,25,Industry,"Water supply; sewerage, waste management and remediation activities",93.0,25-35
CIV,2024,female,26,Industry,"Water supply; sewerage, waste management and remediation activities",89.0,25-35
CIV,2024,female,27,Industry,"Water supply; sewerage, waste management and remediation activities",86.0,25-35
CIV,2024,female,28,Industry,"Water supply; sewerage, waste management and remediation activities",83.0,25-35
CIV,2024,female,29,Industry,"Water supply; sewerage, waste management and remediation activities",80.0,25-35
CIV,2024,female,30,Industry,"Water supply; sewerage, waste management and remediation activities",77.0,25-35
CIV,2024,female,31,Industry,"Water supply; sewerage, waste management and remediation activities",74.0,25-35
CIV,2024,female,32,Industry,"Water supply; sewerage, waste management and remediation activities",71.0,25-35
CIV,2024,female,33,Industry,"Water supply; sewerage, waste management and remediation activities",68.0,25-35
CIV,2024,female,34,Industry,"Water supply; sewerage, waste management and remediation activities",65.0,25-35
CIV,2024,female,35,Industry,"Water supply; sewerage, waste management and remediation activities",62.0,25-35
CIV,2025,female,25,Industry,"Water supply; sewerage, waste management and remediation activities",100.0,25-35
CIV,2025,female,26,Industry,"Water supply; sewerage, waste management and remediation activities",97.0,25-35
CIV,2025,female,27,Industry,"Water supply; sewerage, waste management and remediation activities",93.0,25-35
CIV,2025,female,28,Industry,"Water supply; sewerage, waste management and remediation activities",90.0,25-35
CIV,2025,female,29,Industry,"Water supply; sewerage, waste management and remediation activities",86.0,25-35
CIV,2025,female,30,Industry,"Water supply; sewerage, waste management and remediation activities",83.0,25-35
CIV,2025,female,31,Industry,"Water supply; sewerage, waste management and remediation activities",80.0,25-35
CIV,2025,female,32,Industry,"Water supply; sewerage, waste management and remediation activities",77.0,25-35
CIV,2025,female,33,Industry,"Water supply; sewerage, waste management and remediation activities",74.0,25-35
CIV,2025,female,34,Industry,"Water supply; sewerage, waste management and remediation activities",70.0,25-35
CIV,2025,female,35,Industry,"Water supply; sewerage, waste management and remediation activities",67.0,25-35
CIV,2015,female,25,Services,Wholesale and retail trade; repair of motor vehicles and motorcycles,34765.0,25-35
CIV,2015,female,26,Services,Wholesale and retail trade; repair of motor vehicles and motorcycles,33457.0,25-35
CIV,2015,female,27,Services,Wholesale and retail trade; repair of motor vehicles and motorcycles,32176.0,25-35
CIV,2015,female,28,Services,Wholesale and retail trade; repair of motor vehicles and motorcycles,30878.0,25-35
CIV,2015,female,29,Services,Wholesale and retail trade; repair of motor vehicles and motorcycles,29614.0,25-35
CIV,2015,female,30,Services,Wholesale and retail trade; repair of motor vehicles and motorcycles,28427.0,25-35
CIV,2015,female,31,Services,Wholesale and retail trade; repair of motor vehicles and motorcycles,27247.0,25-35
CIV,2015,female,32,Services,Wholesale and retail trade; repair of motor vehicles and motorcycles,26392.0,25-35
CIV,2015,female,33,Services,Wholesale and retail trade; repair of motor vehicles and motorcycles,26005.0,25-35
CIV,2015,female,34,Services,Wholesale and retail trade; repair of motor vehicles and motorcycles,25905.0,25-35
CIV,2015,female,35,Services,Wholesale and retail trade; repair of motor vehicles and motorcycles,25787.0,25-35
CIV,2016,female,25,Services,Wholesale and retail trade; repair of motor vehicles and motorcycles,37877.0,25-35
CIV,2016,female,26,Services,Wholesale and retail trade; repair of motor vehicles and motorcycles,36434.0,25-35
CIV,2016,female,27,Services,Wholesale and retail trade; repair of motor vehicles and motorcycles,35010.0,25-35
CIV,2016,female,28,Services,Wholesale and retail trade; repair of motor vehicles and motorcycles,33560.0,25-35
CIV,2016,female,29,Services,Wholesale and retail trade; repair of motor vehicles and motorcycles,32145.0,25-35
CIV,2016,female,30,Services,Wholesale and retail trade; repair of motor vehicles and motorcycles,30809.0,25-35
CIV,2016,female,31,Services,Wholesale and retail trade; repair of motor vehicles and motorcycles,29475.0,25-35
CIV,2016,female,32,Services,Wholesale and retail trade; repair of motor vehicles and motorcycles,28512.0,25-35
CIV,2016,female,33,Services,Wholesale and retail trade; repair of motor vehicles and motorcycles,28086.0,25-35
CIV,2016,female,34,Services,Wholesale and retail trade; repair of motor vehicles and motorcycles,27992.0,25-35
CIV,2016,female,35,Services,Wholesale and retail trade; repair of motor vehicles and motorcycles,27874.0,25-35
CIV,2017,female,25,Services,Wholesale and retail trade; repair of motor vehicles and motorcycles,39083.0,25-35
CIV,2017,female,26,Services,Wholesale and retail trade; repair of motor vehicles and motorcycles,37588.0,25-35
CIV,2017,female,27,Services,Wholesale and retail trade; repair of motor vehicles and motorcycles,36100.0,25-35
CIV,2017,female,28,Services,Wholesale and retail trade; repair of motor vehicles and motorcycles,34575.0,25-35
CIV,2017,female,29,Services,Wholesale and retail trade; repair of motor vehicles and motorcycles,33079.0,25-35
CIV,2017,female,30,Services,Wholesale and retail trade; repair of motor vehicles and motorcycles,31660.0,25-35
CIV,2017,female,31,Services,Wholesale and retail trade; repair of motor vehicles and motorcycles,30240.0,25-35
CIV,2017,female,32,Services,Wholesale and retail trade; repair of motor vehicles and motorcycles,29210.0,25-35
CIV,2017,female,33,Services,Wholesale and retail trade; repair of motor vehicles and motorcycles,28750.0,25-35
CIV,2017,female,34,Services,Wholesale and retail trade; repair of motor vehicles and motorcycles,28645.0,25-35
CIV,2017,female,35,Services,Wholesale and retail trade; repair of motor vehicles and motorcycles,28513.0,25-35
CIV,2018,female,25,Services,Wholesale and retail trade; repair of motor vehicles and motorcycles,43209.0,25-35
CIV,2018,female,26,Services,Wholesale and retail trade; repair of motor vehicles and motorcycles,41571.0,25-35
CIV,2018,female,27,Services,Wholesale and retail trade; repair of motor vehicles and motorcycles,39924.0,25-35
CIV,2018,female,28,Services,Wholesale and retail trade; repair of motor vehicles and motorcycles,38216.0,25-35
CIV,2018,female,29,Services,Wholesale and retail trade; repair of motor vehicles and motorcycles,36527.0,25-35
CIV,2018,female,30,Services,Wholesale and retail trade; repair of motor vehicles and motorcycles,34919.0,25-35
CIV,2018,female,31,Services,Wholesale and retail trade; repair of motor vehicles and motorcycles,33305.0,25-35
CIV,2018,female,32,Services,Wholesale and retail trade; repair of motor vehicles and motorcycles,32126.0,25-35
CIV,2018,female,33,Services,Wholesale and retail trade; repair of motor vehicles and motorcycles,31583.0,25-35
CIV,2018,female,34,Services,Wholesale and retail trade; repair of motor vehicles and motorcycles,31441.0,25-35
CIV,2018,female,35,Services,Wholesale and retail trade; repair of motor vehicles and motorcycles,31267.0,25-35
CIV,2019,female,25,Services,Wholesale and retail trade; repair of motor vehicles and motorcycles,47653.0,25-35
CIV,2019,female,26,Services,Wholesale and retail trade; repair of motor vehicles and motorcycles,45896.0,25-35
CIV,2019,female,27,Services,Wholesale and retail trade; repair of motor vehicles and motorcycles,44100.0,25-35
CIV,2019,female,28,Services,Wholesale and retail trade; repair of motor vehicles and motorcycles,42206.0,25-35
CIV,2019,female,29,Services,Wholesale and retail trade; repair of motor vehicles and motorcycles,40310.0,25-35
CIV,2019,female,30,Services,Wholesale and retail trade; repair of motor vehicles and motorcycles,38499.0,25-35
CIV,2019,female,31,Services,Wholesale and retail trade; repair of motor vehicles and motorcycles,36678.0,25-35
CIV,2019,female,32,Services,Wholesale and retail trade; repair of motor vehicles and motorcycles,35333.0,25-35
CIV,2019,female,33,Services,Wholesale and retail trade; repair of motor vehicles and motorcycles,34689.0,25-35
CIV,2019,female,34,Services,Wholesale and retail trade; repair of motor vehicles and motorcycles,34492.0,25-35
CIV,2019,female,35,Services,Wholesale and retail trade; repair of motor vehicles and motorcycles,34257.0,25-35
CIV,2020,female,25,Services,Wholesale and retail trade; repair of motor vehicles and motorcycles,45964.0,25-35
CIV,2020,female,26,Services,Wholesale and retail trade; repair of motor vehicles and motorcycles,44352.0,25-35
CIV,2020,female,27,Services,Wholesale and retail trade; repair of motor vehicles and motorcycles,42669.0,25-35
CIV,2020,female,28,Services,Wholesale and retail trade; repair of motor vehicles and motorcycles,40847.0,25-35
CIV,2020,female,29,Services,Wholesale and retail trade; repair of motor vehicles and motorcycles,38990.0,25-35
CIV,2020,female,30,Services,Wholesale and retail trade; repair of motor vehicles and motorcycles,37213.0,25-35
CIV,2020,female,31,Services,Wholesale and retail trade; repair of motor vehicles and motorcycles,35424.0,25-35
CIV,2020,female,32,Services,Wholesale and retail trade; repair of motor vehicles and motorcycles,34086.0,25-35
CIV,2020,female,33,Services,Wholesale and retail trade; repair of motor vehicles and motorcycles,33420.0,25-35
CIV,2020,female,34,Services,Wholesale and retail trade; repair of motor vehicles and motorcycles,33184.0,25-35
CIV,2020,female,35,Services,Wholesale and retail trade; repair of motor vehicles and motorcycles,32908.0,25-35
CIV,2021,female,25,Services,Wholesale and retail trade; repair of motor vehicles and motorcycles,44531.0,25-35
CIV,2021,female,26,Services,Wholesale and retail trade; repair of motor vehicles and motorcycles,42887.0,25-35
CIV,2021,female,27,Services,Wholesale and retail trade; repair of motor vehicles and motorcycles,41239.0,25-35
CIV,2021,female,28,Services,Wholesale and retail trade; repair of motor vehicles and motorcycles,39565.0,25-35
CIV,2021,female,29,Services,Wholesale and retail trade; repair of motor vehicles and motorcycles,37913.0,25-35
CIV,2021,female,30,Services,Wholesale and retail trade; repair of motor vehicles and motorcycles,36327.0,25-35
CIV,2021,female,31,Services,Wholesale and retail trade; repair of motor vehicles and motorcycles,34777.0,25-35
CIV,2021,female,32,Services,Wholesale and retail trade; repair of motor vehicles and motorcycles,33460.0,25-35
CIV,2021,female,33,Services,Wholesale and retail trade; repair of motor vehicles and motorcycles,32469.0,25-35
CIV,2021,female,34,Services,Wholesale and retail trade; repair of motor vehicles and motorcycles,31710.0,25-35
CIV,2021,female,35,Services,Wholesale and retail trade; repair of motor vehicles and motorcycles,30957.0,25-35
CIV,2022,female,25,Services,Wholesale and retail trade; repair of motor vehicles and motorcycles,41685.0,25-35
CIV,2022,female,26,Services,Wholesale and retail trade; repair of motor vehicles and motorcycles,40112.0,25-35
CIV,2022,female,27,Services,Wholesale and retail trade; repair of motor vehicles and motorcycles,38571.0,25-35
CIV,2022,female,28,Services,Wholesale and retail trade; repair of motor vehicles and motorcycles,37069.0,25-35
CIV,2022,female,29,Services,Wholesale and retail trade; repair of motor vehicles and motorcycles,35617.0,25-35
CIV,2022,female,30,Services,Wholesale and retail trade; repair of motor vehicles and motorcycles,34219.0,25-35
CIV,2022,female,31,Services,Wholesale and retail trade; repair of motor vehicles and motorcycles,32883.0,25-35
CIV,2022,female,32,Services,Wholesale and retail trade; repair of motor vehicles and motorcycles,31631.0,25-35
CIV,2022,female,33,Services,Wholesale and retail trade; repair of motor vehicles and motorcycles,30479.0,25-35
CIV,2022,female,34,Services,Wholesale and retail trade; repair of motor vehicles and motorcycles,29425.0,25-35
CIV,2022,female,35,Services,Wholesale and retail trade; repair of motor vehicles and motorcycles,28404.0,25-35
CIV,2023,female,25,Services,Wholesale and retail trade; repair of motor vehicles and motorcycles,44805.0,25-35
CIV,2023,female,26,Services,Wholesale and retail trade; repair of motor vehicles and motorcycles,43112.0,25-35
CIV,2023,female,27,Services,Wholesale and retail trade; repair of motor vehicles and motorcycles,41472.0,25-35
CIV,2023,female,28,Services,Wholesale and retail trade; repair of motor vehicles and motorcycles,39910.0,25-35
CIV,2023,female,29,Services,Wholesale and retail trade; repair of motor vehicles and motorcycles,38415.0,25-35
CIV,2023,female,30,Services,Wholesale and retail trade; repair of motor vehicles and motorcycles,36972.0,25-35
CIV,2023,female,31,Services,Wholesale and retail trade; repair of motor vehicles and motorcycles,35608.0,25-35
CIV,2023,female,32,Services,Wholesale and retail trade; repair of motor vehicles and motorcycles,34246.0,25-35
CIV,2023,female,33,Services,Wholesale and retail trade; repair of motor vehicles and motorcycles,32853.0,25-35
CIV,2023,female,34,Services,Wholesale and retail trade; repair of motor vehicles and motorcycles,31486.0,25-35
CIV,2023,female,35,Services,Wholesale and retail trade; repair of motor vehicles and motorcycles,30172.0,25-35
CIV,2024,female,25,Services,Wholesale and retail trade; repair of motor vehicles and motorcycles,48699.0,25-35
CIV,2024,female,26,Services,Wholesale and retail trade; repair of motor vehicles and motorcycles,46887.0,25-35
CIV,2024,female,27,Services,Wholesale and retail trade; repair of motor vehicles and motorcycles,45136.0,25-35
CIV,2024,female,28,Services,Wholesale and retail trade; repair of motor vehicles and motorcycles,43481.0,25-35
CIV,2024,female,29,Services,Wholesale and retail trade; repair of motor vehicles and motorcycles,41897.0,25-35
CIV,2024,female,30,Services,Wholesale and retail trade; repair of motor vehicles and motorcycles,40361.0,25-35
CIV,2024,female,31,Services,Wholesale and retail trade; repair of motor vehicles and motorcycles,38915.0,25-35
CIV,2024,female,32,Services,Wholesale and retail trade; repair of motor vehicles and motorcycles,37421.0,25-35
CIV,2024,female,33,Services,Wholesale and retail trade; repair of motor vehicles and motorcycles,35816.0,25-35
CIV,2024,female,34,Services,Wholesale and retail trade; repair of motor vehicles and motorcycles,34193.0,25-35
CIV,2024,female,35,Services,Wholesale and retail trade; repair of motor vehicles and motorcycles,32638.0,25-35
CIV,2025,female,25,Services,Wholesale and retail trade; repair of motor vehicles and motorcycles,50641.0,25-35
CIV,2025,female,26,Services,Wholesale and retail trade; repair of motor vehicles and motorcycles,48809.0,25-35
CIV,2025,female,27,Services,Wholesale and retail trade; repair of motor vehicles and motorcycles,47032.0,25-35
CIV,2025,female,28,Services,Wholesale and retail trade; repair of motor vehicles and motorcycles,45340.0,25-35
CIV,2025,female,29,Services,Wholesale and retail trade; repair of motor vehicles and motorcycles,43713.0,25-35
CIV,2025,female,30,Services,Wholesale and retail trade; repair of motor vehicles and motorcycles,42129.0,25-35
CIV,2025,female,31,Services,Wholesale and retail trade; repair of motor vehicles and motorcycles,40630.0,25-35
CIV,2025,female,32,Services,Wholesale and retail trade; repair of motor vehicles and motorcycles,39065.0,25-35
CIV,2025,female,33,Services,Wholesale and retail trade; repair of motor vehicles and motorcycles,37366.0,25-35
CIV,2025,female,34,Services,Wholesale and retail trade; repair of motor vehicles and motorcycles,35632.0,25-35
CIV,2025,female,35,Services,Wholesale and retail trade; repair of motor vehicles and motorcycles,33972.0,25-35
CIV,2015,male,15,Services,Accommodation and food service activities,2923.0,15-24
CIV,2015,male,16,Services,Accommodation and food service activities,2859.0,15-24
CIV,2015,male,17,Services,Accommodation and food service activities,2773.0,15-24
CIV,2015,male,18,Services,Accommodation and food service activities,2658.0,15-24
CIV,2015,male,19,Services,Accommodation and food service activities,2523.0,15-24
CIV,2015,male,20,Services,Accommodation and food service activities,2390.0,15-24
CIV,2015,male,21,Services,Accommodation and food service activities,2254.0,15-24
CIV,2015,male,22,Services,Accommodation and food service activities,2130.0,15-24
CIV,2015,male,23,Services,Accommodation and food service activities,2026.0,15-24
CIV,2015,male,24,Services,Accommodation and food service activities,1937.0,15-24
CIV,2016,male,15,Services,Accommodation and food service activities,3651.0,15-24
CIV,2016,male,16,Services,Accommodation and food service activities,3579.0,15-24
CIV,2016,male,17,Services,Accommodation and food service activities,3480.0,15-24
CIV,2016,male,18,Services,Accommodation and food service activities,3343.0,15-24
CIV,2016,male,19,Services,Accommodation and food service activities,3181.0,15-24
CIV,2016,male,20,Services,Accommodation and food service activities,3021.0,15-24
CIV,2016,male,21,Services,Accommodation and food service activities,2859.0,15-24
CIV,2016,male,22,Services,Accommodation and food service activities,2709.0,15-24
CIV,2016,male,23,Services,Accommodation and food service activities,2580.0,15-24
CIV,2016,male,24,Services,Accommodation and food service activities,2467.0,15-24
CIV,2017,male,15,Services,Accommodation and food service activities,5096.0,15-24
CIV,2017,male,16,Services,Accommodation and food service activities,5000.0,15-24
CIV,2017,male,17,Services,Accommodation and food service activities,4870.0,15-24
CIV,2017,male,18,Services,Accommodation and food service activities,4688.0,15-24
CIV,2017,male,19,Services,Accommodation and food service activities,4474.0,15-24
CIV,2017,male,20,Services,Accommodation and food service activities,4263.0,15-24
CIV,2017,male,21,Services,Accommodation and food service activities,4050.0,15-24
CIV,2017,male,22,Services,Accommodation and food service activities,3850.0,15-24
CIV,2017,male,23,Services,Accommodation and food service activities,3673.0,15-24
CIV,2017,male,24,Services,Accommodation and food service activities,3514.0,15-24
CIV,2018,male,15,Services,Accommodation and food service activities,3862.0,15-24
CIV,2018,male,16,Services,Accommodation and food service activities,3788.0,15-24
CIV,2018,male,17,Services,Accommodation and food service activities,3692.0,15-24
CIV,2018,male,18,Services,Accommodation and food service activities,3561.0,15-24
CIV,2018,male,19,Services,Accommodation and food service activities,3409.0,15-24
CIV,2018,male,20,Services,Accommodation and food service activities,3260.0,15-24
CIV,2018,male,21,Services,Accommodation and food service activities,3109.0,15-24
CIV,2018,male,22,Services,Accommodation and food service activities,2966.0,15-24
CIV,2018,male,23,Services,Accommodation and food service activities,2835.0,15-24
CIV,2018,male,24,Services,Accommodation and food service activities,2714.0,15-24
CIV,2019,male,15,Services,Accommodation and food service activities,2964.0,15-24
CIV,2019,male,16,Services,Accommodation and food service activities,2903.0,15-24
CIV,2019,male,17,Services,Accommodation and food service activities,2827.0,15-24
CIV,2019,male,18,Services,Accommodation and food service activities,2732.0,15-24
CIV,2019,male,19,Services,Accommodation and food service activities,2624.0,15-24
CIV,2019,male,20,Services,Accommodation and food service activities,2517.0,15-24
CIV,2019,male,21,Services,Accommodation and food service activities,2409.0,15-24
CIV,2019,male,22,Services,Accommodation and food service activities,2306.0,15-24
CIV,2019,male,23,Services,Accommodation and food service activities,2209.0,15-24
CIV,2019,male,24,Services,Accommodation and food service activities,2118.0,15-24
CIV,2020,male,15,Services,Accommodation and food service activities,2302.0,15-24
CIV,2020,male,16,Services,Accommodation and food service activities,2247.0,15-24
CIV,2020,male,17,Services,Accommodation and food service activities,2186.0,15-24
CIV,2020,male,18,Services,Accommodation and food service activities,2114.0,15-24
CIV,2020,male,19,Services,Accommodation and food service activities,2035.0,15-24
CIV,2020,male,20,Services,Accommodation and food service activities,1958.0,15-24
CIV,2020,male,21,Services,Accommodation and food service activities,1880.0,15-24
CIV,2020,male,22,Services,Accommodation and food service activities,1804.0,15-24
CIV,2020,male,23,Services,Accommodation and food service activities,1733.0,15-24
CIV,2020,male,24,Services,Accommodation and food service activities,1665.0,15-24
CIV,2021,male,15,Services,Accommodation and food service activities,1866.0,15-24
CIV,2021,male,16,Services,Accommodation and food service activities,1825.0,15-24
CIV,2021,male,17,Services,Accommodation and food service activities,1778.0,15-24
CIV,2021,male,18,Services,Accommodation and food service activities,1725.0,15-24
CIV,2021,male,19,Services,Accommodation and food service activities,1667.0,15-24
CIV,2021,male,20,Services,Accommodation and food service activities,1609.0,15-24
CIV,2021,male,21,Services,Accommodation and food service activities,1551.0,15-24
CIV,2021,male,22,Services,Accommodation and food service activities,1493.0,15-24
CIV,2021,male,23,Services,Accommodation and food service activities,1433.0,15-24
CIV,2021,male,24,Services,Accommodation and food service activities,1374.0,15-24
CIV,2022,male,15,Services,Accommodation and food service activities,1631.0,15-24
CIV,2022,male,16,Services,Accommodation and food service activities,1596.0,15-24
CIV,2022,male,17,Services,Accommodation and food service activities,1558.0,15-24
CIV,2022,male,18,Services,Accommodation and food service activities,1515.0,15-24
CIV,2022,male,19,Services,Accommodation and food service activities,1469.0,15-24
CIV,2022,male,20,Services,Accommodation and food service activities,1422.0,15-24
CIV,2022,male,21,Services,Accommodation and food service activities,1375.0,15-24
CIV,2022,male,22,Services,Accommodation and food service activities,1326.0,15-24
CIV,2022,male,23,Services,Accommodation and food service activities,1274.0,15-24
CIV,2022,male,24,Services,Accommodation and food service activities,1221.0,15-24
CIV,2023,male,15,Services,Accommodation and food service activities,1614.0,15-24
CIV,2023,male,16,Services,Accommodation and food service activities,1581.0,15-24
CIV,2023,male,17,Services,Accommodation and food service activities,1545.0,15-24
CIV,2023,male,18,Services,Accommodation and food service activities,1506.0,15-24
CIV,2023,male,19,Services,Accommodation and food service activities,1463.0,15-24
CIV,2023,male,20,Services,Accommodation and food service activities,1420.0,15-24
CIV,2023,male,21,Services,Accommodation and food service activities,1377.0,15-24
CIV,2023,male,22,Services,Accommodation and food service activities,1331.0,15-24
CIV,2023,male,23,Services,Accommodation and food service activities,1280.0,15-24
CIV,2023,male,24,Services,Accommodation and food service activities,1227.0,15-24
CIV,2024,male,15,Services,Accommodation and food service activities,1943.0,15-24
CIV,2024,male,16,Services,Accommodation and food service activities,1904.0,15-24
CIV,2024,male,17,Services,Accommodation and food service activities,1863.0,15-24
CIV,2024,male,18,Services,Accommodation and food service activities,1818.0,15-24
CIV,2024,male,19,Services,Accommodation and food service activities,1770.0,15-24
CIV,2024,male,20,Services,Accommodation and food service activities,1722.0,15-24
CIV,2024,male,21,Services,Accommodation and food service activities,1673.0,15-24
CIV,2024,male,22,Services,Accommodation and food service activities,1621.0,15-24
CIV,2024,male,23,Services,Accommodation and food service activities,1562.0,15-24
CIV,2024,male,24,Services,Accommodation and food service activities,1499.0,15-24
CIV,2025,male,15,Services,Accommodation and food service activities,2053.0,15-24
CIV,2025,male,16,Services,Accommodation and food service activities,2013.0,15-24
CIV,2025,male,17,Services,Accommodation and food service activities,1971.0,15-24
CIV,2025,male,18,Services,Accommodation and food service activities,1926.0,15-24
CIV,2025,male,19,Services,Accommodation and food service activities,1878.0,15-24
CIV,2025,male,20,Services,Accommodation and food service activities,1830.0,15-24
CIV,2025,male,21,Services,Accommodation and food service activities,1782.0,15-24
CIV,2025,male,22,Services,Accommodation and food service activities,1729.0,15-24
CIV,2025,male,23,Services,Accommodation and food service activities,1670.0,15-24
CIV,2025,male,24,Services,Accommodation and food service activities,1606.0,15-24
CIV,2015,male,15,Services,Activities of extraterritorial organizations and bodies,47.0,15-24
CIV,2015,male,16,Services,Activities of extraterritorial organizations and bodies,46.0,15-24
CIV,2015,male,17,Services,Activities of extraterritorial organizations and bodies,45.0,15-24
CIV,2015,male,18,Services,Activities of extraterritorial organizations and bodies,43.0,15-24
CIV,2015,male,19,Services,Activities of extraterritorial organizations and bodies,41.0,15-24
CIV,2015,male,20,Services,Activities of extraterritorial organizations and bodies,39.0,15-24
CIV,2015,male,21,Services,Activities of extraterritorial organizations and bodies,36.0,15-24
CIV,2015,male,22,Services,Activities of extraterritorial organizations and bodies,34.0,15-24
CIV,2015,male,23,Services,Activities of extraterritorial organizations and bodies,33.0,15-24
CIV,2015,male,24,Services,Activities of extraterritorial organizations and bodies,31.0,15-24
CIV,2016,male,15,Services,Activities of extraterritorial organizations and bodies,37.0,15-24
CIV,2016,male,16,Services,Activities of extraterritorial organizations and bodies,37.0,15-24
CIV,2016,male,17,Services,Activities of extraterritorial organizations and bodies,36.0,15-24
CIV,2016,male,18,Services,Activities of extraterritorial organizations and bodies,34.0,15-24
CIV,2016,male,19,Services,Activities of extraterritorial organizations and bodies,33.0,15-24
CIV,2016,male,20,Services,Activities of extraterritorial organizations and bodies,31.0,15-24
CIV,2016,male,21,Services,Activities of extraterritorial organizations and bodies,29.0,15-24
CIV,2016,male,22,Services,Activities of extraterritorial organizations and bodies,28.0,15-24
CIV,2016,male,23,Services,Activities of extraterritorial organizations and bodies,26.0,15-24
CIV,2016,male,24,Services,Activities of extraterritorial organizations and bodies,25.0,15-24
CIV,2017,male,15,Services,Activities of extraterritorial organizations and bodies,57.0,15-24
CIV,2017,male,16,Services,Activities of extraterritorial organizations and bodies,56.0,15-24
CIV,2017,male,17,Services,Activities of extraterritorial organizations and bodies,54.0,15-24
CIV,2017,male,18,Services,Activities of extraterritorial organizations and bodies,52.0,15-24
CIV,2017,male,19,Services,Activities of extraterritorial organizations and bodies,50.0,15-24
CIV,2017,male,20,Services,Activities of extraterritorial organizations and bodies,47.0,15-24
CIV,2017,male,21,Services,Activities of extraterritorial organizations and bodies,45.0,15-24
CIV,2017,male,22,Services,Activities of extraterritorial organizations and bodies,43.0,15-24
CIV,2017,male,23,Services,Activities of extraterritorial organizations and bodies,41.0,15-24
CIV,2017,male,24,Services,Activities of extraterritorial organizations and bodies,39.0,15-24
CIV,2018,male,15,Services,Activities of extraterritorial organizations and bodies,58.0,15-24
CIV,2018,male,16,Services,Activities of extraterritorial organizations and bodies,57.0,15-24
CIV,2018,male,17,Services,Activities of extraterritorial organizations and bodies,56.0,15-24
CIV,2018,male,18,Services,Activities of extraterritorial organizations and bodies,54.0,15-24
CIV,2018,male,19,Services,Activities of extraterritorial organizations and bodies,51.0,15-24
CIV,2018,male,20,Services,Activities of extraterritorial organizations and bodies,49.0,15-24
CIV,2018,male,21,Services,Activities of extraterritorial organizations and bodies,47.0,15-24
CIV,2018,male,22,Services,Activities of extraterritorial organizations and bodies,45.0,15-24
CIV,2018,male,23,Services,Activities of extraterritorial organizations and bodies,43.0,15-24
CIV,2018,male,24,Services,Activities of extraterritorial organizations and bodies,41.0,15-24
CIV,2019,male,15,Services,Activities of extraterritorial organizations and bodies,72.0,15-24
CIV,2019,male,16,Services,Activities of extraterritorial organizations and bodies,71.0,15-24
CIV,2019,male,17,Services,Activities of extraterritorial organizations and bodies,69.0,15-24
CIV,2019,male,18,Services,Activities of extraterritorial organizations and bodies,66.0,15-24
CIV,2019,male,19,Services,Activities of extraterritorial organizations and bodies,64.0,15-24
CIV,2019,male,20,Services,Activities of extraterritorial organizations and bodies,61.0,15-24
CIV,2019,male,21,Services,Activities of extraterritorial organizations and bodies,59.0,15-24
CIV,2019,male,22,Services,Activities of extraterritorial organizations and bodies,56.0,15-24
CIV,2019,male,23,Services,Activities of extraterritorial organizations and bodies,54.0,15-24
CIV,2019,male,24,Services,Activities of extraterritorial organizations and bodies,52.0,15-24
CIV,2020,male,15,Services,Activities of extraterritorial organizations and bodies,60.0,15-24
CIV,2020,male,16,Services,Activities of extraterritorial organizations and bodies,59.0,15-24
CIV,2020,male,17,Services,Activities of extraterritorial organizations and bodies,57.0,15-24
CIV,2020,male,18,Services,Activities of extraterritorial organizations and bodies,55.0,15-24
CIV,2020,male,19,Services,Activities of extraterritorial organizations and bodies,53.0,15-24
CIV,2020,male,20,Services,Activities of extraterritorial organizations and bodies,51.0,15-24
CIV,2020,male,21,Services,Activities of extraterritorial organizations and bodies,49.0,15-24
CIV,2020,male,22,Services,Activities of extraterritorial organizations and bodies,47.0,15-24
CIV,2020,male,23,Services,Activities of extraterritorial organizations and bodies,45.0,15-24
CIV,2020,male,24,Services,Activities of extraterritorial organizations and bodies,44.0,15-24
CIV,2021,male,15,Services,Activities of extraterritorial organizations and bodies,68.0,15-24
CIV,2021,male,16,Services,Activities of extraterritorial organizations and bodies,66.0,15-24
CIV,2021,male,17,Services,Activities of extraterritorial organizations and bodies,64.0,15-24
CIV,2021,male,18,Services,Activities of extraterritorial organizations and bodies,62.0,15-24
CIV,2021,male,19,Services,Activities of extraterritorial organizations and bodies,60.0,15-24
CIV,2021,male,20,Services,Activities of extraterritorial organizations and bodies,58.0,15-24
CIV,2021,male,21,Services,Activities of extraterritorial organizations and bodies,56.0,15-24
CIV,2021,male,22,Services,Activities of extraterritorial organizations and bodies,54.0,15-24
CIV,2021,male,23,Services,Activities of extraterritorial organizations and bodies,52.0,15-24
CIV,2021,male,24,Services,Activities of extraterritorial organizations and bodies,50.0,15-24
CIV,2022,male,15,Services,Activities of extraterritorial organizations and bodies,79.0,15-24
CIV,2022,male,16,Services,Activities of extraterritorial organizations and bodies,77.0,15-24
CIV,2022,male,17,Services,Activities of extraterritorial organizations and bodies,75.0,15-24
CIV,2022,male,18,Services,Activities of extraterritorial organizations and bodies,73.0,15-24
CIV,2022,male,19,Services,Activities of extraterritorial organizations and bodies,71.0,15-24
CIV,2022,male,20,Services,Activities of extraterritorial organizations and bodies,69.0,15-24
CIV,2022,male,21,Services,Activities of extraterritorial organizations and bodies,66.0,15-24
CIV,2022,male,22,Services,Activities of extraterritorial organizations and bodies,64.0,15-24
CIV,2022,male,23,Services,Activities of extraterritorial organizations and bodies,61.0,15-24
CIV,2022,male,24,Services,Activities of extraterritorial organizations and bodies,59.0,15-24
CIV,2023,male,15,Services,Activities of extraterritorial organizations and bodies,62.0,15-24
CIV,2023,male,16,Services,Activities of extraterritorial organizations and bodies,61.0,15-24
CIV,2023,male,17,Services,Activities of extraterritorial organizations and bodies,60.0,15-24
CIV,2023,male,18,Services,Activities of extraterritorial organizations and bodies,58.0,15-24
CIV,2023,male,19,Services,Activities of extraterritorial organizations and bodies,56.0,15-24
CIV,2023,male,20,Services,Activities of extraterritorial organizations and bodies,55.0,15-24
CIV,2023,male,21,Services,Activities of extraterritorial organizations and bodies,53.0,15-24
CIV,2023,male,22,Services,Activities of extraterritorial organizations and bodies,51.0,15-24
CIV,2023,male,23,Services,Activities of extraterritorial organizations and bodies,49.0,15-24
CIV,2023,male,24,Services,Activities of extraterritorial organizations and bodies,47.0,15-24
CIV,2024,male,15,Services,Activities of extraterritorial organizations and bodies,57.0,15-24
CIV,2024,male,16,Services,Activities of extraterritorial organizations and bodies,56.0,15-24
CIV,2024,male,17,Services,Activities of extraterritorial organizations and bodies,55.0,15-24
CIV,2024,male,18,Services,Activities of extraterritorial organizations and bodies,53.0,15-24
CIV,2024,male,19,Services,Activities of extraterritorial organizations and bodies,52.0,15-24
CIV,2024,male,20,Services,Activities of extraterritorial organizations and bodies,51.0,15-24
CIV,2024,male,21,Services,Activities of extraterritorial organizations and bodies,49.0,15-24
CIV,2024,male,22,Services,Activities of extraterritorial organizations and bodies,48.0,15-24
CIV,2024,male,23,Services,Activities of extraterritorial organizations and bodies,46.0,15-24
CIV,2024,male,24,Services,Activities of extraterritorial organizations and bodies,44.0,15-24
CIV,2025,male,15,Services,Activities of extraterritorial organizations and bodies,59.0,15-24
CIV,2025,male,16,Services,Activities of extraterritorial organizations and bodies,58.0,15-24
CIV,2025,male,17,Services,Activities of extraterritorial organizations and bodies,56.0,15-24
CIV,2025,male,18,Services,Activities of extraterritorial organizations and bodies,55.0,15-24
CIV,2025,male,19,Services,Activities of extraterritorial organizations and bodies,54.0,15-24
CIV,2025,male,20,Services,Activities of extraterritorial organizations and bodies,52.0,15-24
CIV,2025,male,21,Services,Activities of extraterritorial organizations and bodies,51.0,15-24
CIV,2025,male,22,Services,Activities of extraterritorial organizations and bodies,50.0,15-24
CIV,2025,male,23,Services,Activities of extraterritorial organizations and bodies,48.0,15-24
CIV,2025,male,24,Services,Activities of extraterritorial organizations and bodies,46.0,15-24
CIV,2015,male,15,Services,Activities of households as employers; undifferentiated goods- and services-producing activities of households for own use,499.0,15-24
CIV,2015,male,16,Services,Activities of households as employers; undifferentiated goods- and services-producing activities of households for own use,488.0,15-24
CIV,2015,male,17,Services,Activities of households as employers; undifferentiated goods- and services-producing activities of households for own use,474.0,15-24
CIV,2015,male,18,Services,Activities of households as employers; undifferentiated goods- and services-producing activities of households for own use,454.0,15-24
CIV,2015,male,19,Services,Activities of households as employers; undifferentiated goods- and services-producing activities of households for own use,431.0,15-24
CIV,2015,male,20,Services,Activities of households as employers; undifferentiated goods- and services-producing activities of households for own use,408.0,15-24
CIV,2015,male,21,Services,Activities of households as employers; undifferentiated goods- and services-producing activities of households for own use,385.0,15-24
CIV,2015,male,22,Services,Activities of households as employers; undifferentiated goods- and services-producing activities of households for own use,364.0,15-24
CIV,2015,male,23,Services,Activities of households as employers; undifferentiated goods- and services-producing activities of households for own use,346.0,15-24
CIV,2015,male,24,Services,Activities of households as employers; undifferentiated goods- and services-producing activities of households for own use,331.0,15-24
CIV,2016,male,15,Services,Activities of households as employers; undifferentiated goods- and services-producing activities of households for own use,421.0,15-24
CIV,2016,male,16,Services,Activities of households as employers; undifferentiated goods- and services-producing activities of households for own use,412.0,15-24
CIV,2016,male,17,Services,Activities of households as employers; undifferentiated goods- and services-producing activities of households for own use,401.0,15-24
CIV,2016,male,18,Services,Activities of households as employers; undifferentiated goods- and services-producing activities of households for own use,385.0,15-24
CIV,2016,male,19,Services,Activities of households as employers; undifferentiated goods- and services-producing activities of households for own use,366.0,15-24
CIV,2016,male,20,Services,Activities of households as employers; undifferentiated goods- and services-producing activities of households for own use,348.0,15-24
CIV,2016,male,21,Services,Activities of households as employers; undifferentiated goods- and services-producing activities of households for own use,329.0,15-24
CIV,2016,male,22,Services,Activities of households as employers; undifferentiated goods- and services-producing activities of households for own use,312.0,15-24
CIV,2016,male,23,Services,Activities of households as employers; undifferentiated goods- and services-producing activities of households for own use,297.0,15-24
CIV,2016,male,24,Services,Activities of households as employers; undifferentiated goods- and services-producing activities of households for own use,284.0,15-24
CIV,2017,male,15,Services,Activities of households as employers; undifferentiated goods- and services-producing activities of households for own use,495.0,15-24
CIV,2017,male,16,Services,Activities of households as employers; undifferentiated goods- and services-producing activities of households for own use,485.0,15-24
CIV,2017,male,17,Services,Activities of households as employers; undifferentiated goods- and services-producing activities of households for own use,473.0,15-24
CIV,2017,male,18,Services,Activities of households as employers; undifferentiated goods- and services-producing activities of households for own use,455.0,15-24
CIV,2017,male,19,Services,Activities of households as employers; undifferentiated goods- and services-producing activities of households for own use,434.0,15-24
CIV,2017,male,20,Services,Activities of households as employers; undifferentiated goods- and services-producing activities of households for own use,414.0,15-24
CIV,2017,male,21,Services,Activities of households as employers; undifferentiated goods- and services-producing activities of households for own use,393.0,15-24
CIV,2017,male,22,Services,Activities of households as employers; undifferentiated goods- and services-producing activities of households for own use,374.0,15-24
CIV,2017,male,23,Services,Activities of households as employers; undifferentiated goods- and services-producing activities of households for own use,357.0,15-24
CIV,2017,male,24,Services,Activities of households as employers; undifferentiated goods- and services-producing activities of households for own use,341.0,15-24
CIV,2018,male,15,Services,Activities of households as employers; undifferentiated goods- and services-producing activities of households for own use,944.0,15-24
CIV,2018,male,16,Services,Activities of households as employers; undifferentiated goods- and services-producing activities of households for own use,926.0,15-24
CIV,2018,male,17,Services,Activities of households as employers; undifferentiated goods- and services-producing activities of households for own use,902.0,15-24
CIV,2018,male,18,Services,Activities of households as employers; undifferentiated goods- and services-producing activities of households for own use,870.0,15-24
CIV,2018,male,19,Services,Activities of households as employers; undifferentiated goods- and services-producing activities of households for own use,833.0,15-24
CIV,2018,male,20,Services,Activities of households as employers; undifferentiated goods- and services-producing activities of households for own use,797.0,15-24
CIV,2018,male,21,Services,Activities of households as employers; undifferentiated goods- and services-producing activities of households for own use,760.0,15-24
CIV,2018,male,22,Services,Activities of households as employers; undifferentiated goods- and services-producing activities of households for own use,725.0,15-24
CIV,2018,male,23,Services,Activities of households as employers; undifferentiated goods- and services-producing activities of households for own use,693.0,15-24
CIV,2018,male,24,Services,Activities of households as employers; undifferentiated goods- and services-producing activities of households for own use,663.0,15-24
CIV,2019,male,15,Services,Activities of households as employers; undifferentiated goods- and services-producing activities of households for own use,3197.0,15-24
CIV,2019,male,16,Services,Activities of households as employers; undifferentiated goods- and services-producing activities of households for own use,3131.0,15-24
CIV,2019,male,17,Services,Activities of households as employers; undifferentiated goods- and services-producing activities of households for own use,3050.0,15-24
CIV,2019,male,18,Services,Activities of households as employers; undifferentiated goods- and services-producing activities of households for own use,2947.0,15-24
CIV,2019,male,19,Services,Activities of households as employers; undifferentiated goods- and services-producing activities of households for own use,2830.0,15-24
CIV,2019,male,20,Services,Activities of households as employers; undifferentiated goods- and services-producing activities of households for own use,2715.0,15-24
CIV,2019,male,21,Services,Activities of households as employers; undifferentiated goods- and services-producing activities of households for own use,2599.0,15-24
CIV,2019,male,22,Services,Activities of households as employers; undifferentiated goods- and services-producing activities of households for own use,2487.0,15-24
CIV,2019,male,23,Services,Activities of households as employers; undifferentiated goods- and services-producing activities of households for own use,2383.0,15-24
CIV,2019,male,24,Services,Activities of households as employers; undifferentiated goods- and services-producing activities of households for own use,2284.0,15-24
CIV,2020,male,15,Services,Activities of households as employers; undifferentiated goods- and services-producing activities of households for own use,505.0,15-24
CIV,2020,male,16,Services,Activities of households as employers; undifferentiated goods- and services-producing activities of households for own use,493.0,15-24
CIV,2020,male,17,Services,Activities of households as employers; undifferentiated goods- and services-producing activities of households for own use,479.0,15-24
CIV,2020,male,18,Services,Activities of households as employers; undifferentiated goods- and services-producing activities of households for own use,464.0,15-24
CIV,2020,male,19,Services,Activities of households as employers; undifferentiated goods- and services-producing activities of households for own use,446.0,15-24
CIV,2020,male,20,Services,Activities of households as employers; undifferentiated goods- and services-producing activities of households for own use,429.0,15-24
CIV,2020,male,21,Services,Activities of households as employers; undifferentiated goods- and services-producing activities of households for own use,412.0,15-24
CIV,2020,male,22,Services,Activities of households as employers; undifferentiated goods- and services-producing activities of households for own use,396.0,15-24
CIV,2020,male,23,Services,Activities of households as employers; undifferentiated goods- and services-producing activities of households for own use,380.0,15-24
CIV,2020,male,24,Services,Activities of households as employers; undifferentiated goods- and services-producing activities of households for own use,365.0,15-24
CIV,2021,male,15,Services,Activities of households as employers; undifferentiated goods- and services-producing activities of households for own use,492.0,15-24
CIV,2021,male,16,Services,Activities of households as employers; undifferentiated goods- and services-producing activities of households for own use,482.0,15-24
CIV,2021,male,17,Services,Activities of households as employers; undifferentiated goods- and services-producing activities of households for own use,469.0,15-24
CIV,2021,male,18,Services,Activities of households as employers; undifferentiated goods- and services-producing activities of households for own use,455.0,15-24
CIV,2021,male,19,Services,Activities of households as employers; undifferentiated goods- and services-producing activities of households for own use,440.0,15-24
CIV,2021,male,20,Services,Activities of households as employers; undifferentiated goods- and services-producing activities of households for own use,425.0,15-24
CIV,2021,male,21,Services,Activities of households as employers; undifferentiated goods- and services-producing activities of households for own use,409.0,15-24
CIV,2021,male,22,Services,Activities of households as employers; undifferentiated goods- and services-producing activities of households for own use,394.0,15-24
CIV,2021,male,23,Services,Activities of households as employers; undifferentiated goods- and services-producing activities of households for own use,378.0,15-24
CIV,2021,male,24,Services,Activities of households as employers; undifferentiated goods- and services-producing activities of households for own use,363.0,15-24
CIV,2022,male,15,Services,Activities of households as employers; undifferentiated goods- and services-producing activities of households for own use,196.0,15-24
CIV,2022,male,16,Services,Activities of households as employers; undifferentiated goods- and services-producing activities of households for own use,192.0,15-24
CIV,2022,male,17,Services,Activities of households as employers; undifferentiated goods- and services-producing activities of households for own use,187.0,15-24
CIV,2022,male,18,Services,Activities of households as employers; undifferentiated goods- and services-producing activities of households for own use,182.0,15-24
CIV,2022,male,19,Services,Activities of households as employers; undifferentiated goods- and services-producing activities of households for own use,177.0,15-24
CIV,2022,male,20,Services,Activities of households as employers; undifferentiated goods- and services-producing activities of households for own use,171.0,15-24
CIV,2022,male,21,Services,Activities of households as employers; undifferentiated goods- and services-producing activities of households for own use,165.0,15-24
CIV,2022,male,22,Services,Activities of households as employers; undifferentiated goods- and services-producing activities of households for own use,159.0,15-24
CIV,2022,male,23,Services,Activities of households as employers; undifferentiated goods- and services-producing activities of households for own use,153.0,15-24
CIV,2022,male,24,Services,Activities of households as employers; undifferentiated goods- and services-producing activities of households for own use,147.0,15-24
CIV,2023,male,15,Services,Activities of households as employers; undifferentiated goods- and services-producing activities of households for own use,488.0,15-24
CIV,2023,male,16,Services,Activities of households as employers; undifferentiated goods- and services-producing activities of households for own use,478.0,15-24
CIV,2023,male,17,Services,Activities of households as employers; undifferentiated goods- and services-producing activities of households for own use,467.0,15-24
CIV,2023,male,18,Services,Activities of households as employers; undifferentiated goods- and services-producing activities of households for own use,455.0,15-24
CIV,2023,male,19,Services,Activities of households as employers; undifferentiated goods- and services-producing activities of households for own use,442.0,15-24
CIV,2023,male,20,Services,Activities of households as employers; undifferentiated goods- and services-producing activities of households for own use,429.0,15-24
CIV,2023,male,21,Services,Activities of households as employers; undifferentiated goods- and services-producing activities of households for own use,416.0,15-24
CIV,2023,male,22,Services,Activities of households as employers; undifferentiated goods- and services-producing activities of households for own use,402.0,15-24
CIV,2023,male,23,Services,Activities of households as employers; undifferentiated goods- and services-producing activities of households for own use,387.0,15-24
CIV,2023,male,24,Services,Activities of households as employers; undifferentiated goods- and services-producing activities of households for own use,371.0,15-24
CIV,2024,male,15,Services,Activities of households as employers; undifferentiated goods- and services-producing activities of households for own use,547.0,15-24
CIV,2024,male,16,Services,Activities of households as employers; undifferentiated goods- and services-producing activities of households for own use,536.0,15-24
CIV,2024,male,17,Services,Activities of households as employers; undifferentiated goods- and services-producing activities of households for own use,524.0,15-24
CIV,2024,male,18,Services,Activities of households as employers; undifferentiated goods- and services-producing activities of households for own use,512.0,15-24
CIV,2024,male,19,Services,Activities of households as employers; undifferentiated goods- and services-producing activities of households for own use,498.0,15-24
CIV,2024,male,20,Services,Activities of households as employers; undifferentiated goods- and services-producing activities of households for own use,485.0,15-24
CIV,2024,male,21,Services,Activities of households as employers; undifferentiated goods- and services-producing activities of households for own use,471.0,15-24
CIV,2024,male,22,Services,Activities of households as employers; undifferentiated goods- and services-producing activities of households for own use,456.0,15-24
CIV,2024,male,23,Services,Activities of households as employers; undifferentiated goods- and services-producing activities of households for own use,440.0,15-24
CIV,2024,male,24,Services,Activities of households as employers; undifferentiated goods- and services-producing activities of households for own use,422.0,15-24
CIV,2025,male,15,Services,Activities of households as employers; undifferentiated goods- and services-producing activities of households for own use,563.0,15-24
CIV,2025,male,16,Services,Activities of households as employers; undifferentiated goods- and services-producing activities of households for own use,552.0,15-24
CIV,2025,male,17,Services,Activities of households as employers; undifferentiated goods- and services-producing activities of households for own use,541.0,15-24
CIV,2025,male,18,Services,Activities of households as employers; undifferentiated goods- and services-producing activities of households for own use,528.0,15-24
CIV,2025,male,19,Services,Activities of households as employers; undifferentiated goods- and services-producing activities of households for own use,515.0,15-24
CIV,2025,male,20,Services,Activities of households as employers; undifferentiated goods- and services-producing activities of households for own use,502.0,15-24
CIV,2025,male,21,Services,Activities of households as employers; undifferentiated goods- and services-producing activities of households for own use,489.0,15-24
CIV,2025,male,22,Services,Activities of households as employers; undifferentiated goods- and services-producing activities of households for own use,474.0,15-24
CIV,2025,male,23,Services,Activities of households as employers; undifferentiated goods- and services-producing activities of households for own use,458.0,15-24
CIV,2025,male,24,Services,Activities of households as employers; undifferentiated goods- and services-producing activities of households for own use,441.0,15-24
CIV,2015,male,15,Services,Administrative and support service activities,1435.0,15-24
CIV,2015,male,16,Services,Administrative and support service activities,1403.0,15-24
CIV,2015,male,17,Services,Administrative and support service activities,1361.0,15-24
CIV,2015,male,18,Services,Administrative and support service activities,1304.0,15-24
CIV,2015,male,19,Services,Administrative and support service activities,1238.0,15-24
CIV,2015,male,20,Services,Administrative and support service activities,1173.0,15-24
CIV,2015,male,21,Services,Administrative and support service activities,1106.0,15-24
CIV,2015,male,22,Services,Administrative and support service activities,1046.0,15-24
CIV,2015,male,23,Services,Administrative and support service activities,994.0,15-24
CIV,2015,male,24,Services,Administrative and support service activities,951.0,15-24
CIV,2016,male,15,Services,Administrative and support service activities,1024.0,15-24
CIV,2016,male,16,Services,Administrative and support service activities,1004.0,15-24
CIV,2016,male,17,Services,Administrative and support service activities,976.0,15-24
CIV,2016,male,18,Services,Administrative and support service activities,937.0,15-24
CIV,2016,male,19,Services,Administrative and support service activities,892.0,15-24
CIV,2016,male,20,Services,Administrative and support service activities,847.0,15-24
CIV,2016,male,21,Services,Administrative and support service activities,802.0,15-24
CIV,2016,male,22,Services,Administrative and support service activities,760.0,15-24
CIV,2016,male,23,Services,Administrative and support service activities,724.0,15-24
CIV,2016,male,24,Services,Administrative and support service activities,692.0,15-24
CIV,2017,male,15,Services,Administrative and support service activities,684.0,15-24
CIV,2017,male,16,Services,Administrative and support service activities,671.0,15-24
CIV,2017,male,17,Services,Administrative and support service activities,653.0,15-24
CIV,2017,male,18,Services,Administrative and support service activities,629.0,15-24
CIV,2017,male,19,Services,Administrative and support service activities,600.0,15-24
CIV,2017,male,20,Services,Administrative and support service activities,572.0,15-24
CIV,2017,male,21,Services,Administrative and support service activities,543.0,15-24
CIV,2017,male,22,Services,Administrative and support service activities,516.0,15-24
CIV,2017,male,23,Services,Administrative and support service activities,493.0,15-24
CIV,2017,male,24,Services,Administrative and support service activities,471.0,15-24
CIV,2018,male,15,Services,Administrative and support service activities,918.0,15-24
CIV,2018,male,16,Services,Administrative and support service activities,901.0,15-24
CIV,2018,male,17,Services,Administrative and support service activities,878.0,15-24
CIV,2018,male,18,Services,Administrative and support service activities,847.0,15-24
CIV,2018,male,19,Services,Administrative and support service activities,811.0,15-24
CIV,2018,male,20,Services,Administrative and support service activities,775.0,15-24
CIV,2018,male,21,Services,Administrative and support service activities,740.0,15-24
CIV,2018,male,22,Services,Administrative and support service activities,705.0,15-24
CIV,2018,male,23,Services,Administrative and support service activities,674.0,15-24
CIV,2018,male,24,Services,Administrative and support service activities,646.0,15-24
CIV,2019,male,15,Services,Administrative and support service activities,481.0,15-24
CIV,2019,male,16,Services,Administrative and support service activities,471.0,15-24
CIV,2019,male,17,Services,Administrative and support service activities,458.0,15-24
CIV,2019,male,18,Services,Administrative and support service activities,443.0,15-24
CIV,2019,male,19,Services,Administrative and support service activities,425.0,15-24
CIV,2019,male,20,Services,Administrative and support service activities,408.0,15-24
CIV,2019,male,21,Services,Administrative and support service activities,391.0,15-24
CIV,2019,male,22,Services,Administrative and support service activities,374.0,15-24
CIV,2019,male,23,Services,Administrative and support service activities,358.0,15-24
CIV,2019,male,24,Services,Administrative and support service activities,343.0,15-24
CIV,2020,male,15,Services,Administrative and support service activities,679.0,15-24
CIV,2020,male,16,Services,Administrative and support service activities,663.0,15-24
CIV,2020,male,17,Services,Administrative and support service activities,645.0,15-24
CIV,2020,male,18,Services,Administrative and support service activities,624.0,15-24
CIV,2020,male,19,Services,Administrative and support service activities,601.0,15-24
CIV,2020,male,20,Services,Administrative and support service activities,578.0,15-24
CIV,2020,male,21,Services,Administrative and support service activities,555.0,15-24
CIV,2020,male,22,Services,Administrative and support service activities,532.0,15-24
CIV,2020,male,23,Services,Administrative and support service activities,511.0,15-24
CIV,2020,male,24,Services,Administrative and support service activities,491.0,15-24
CIV,2021,male,15,Services,Administrative and support service activities,583.0,15-24
CIV,2021,male,16,Services,Administrative and support service activities,570.0,15-24
CIV,2021,male,17,Services,Administrative and support service activities,555.0,15-24
CIV,2021,male,18,Services,Administrative and support service activities,539.0,15-24
CIV,2021,male,19,Services,Administrative and support service activities,520.0,15-24
CIV,2021,male,20,Services,Administrative and support service activities,502.0,15-24
CIV,2021,male,21,Services,Administrative and support service activities,484.0,15-24
CIV,2021,male,22,Services,Administrative and support service activities,466.0,15-24
CIV,2021,male,23,Services,Administrative and support service activities,447.0,15-24
CIV,2021,male,24,Services,Administrative and support service activities,429.0,15-24
CIV,2022,male,15,Services,Administrative and support service activities,269.0,15-24
CIV,2022,male,16,Services,Administrative and support service activities,263.0,15-24
CIV,2022,male,17,Services,Administrative and support service activities,257.0,15-24
CIV,2022,male,18,Services,Administrative and support service activities,250.0,15-24
CIV,2022,male,19,Services,Administrative and support service activities,242.0,15-24
CIV,2022,male,20,Services,Administrative and support service activities,234.0,15-24
CIV,2022,male,21,Services,Administrative and support service activities,227.0,15-24
CIV,2022,male,22,Services,Administrative and support service activities,218.0,15-24
CIV,2022,male,23,Services,Administrative and support service activities,210.0,15-24
CIV,2022,male,24,Services,Administrative and support service activities,201.0,15-24
CIV,2023,male,15,Services,Administrative and support service activities,509.0,15-24
CIV,2023,male,16,Services,Administrative and support service activities,499.0,15-24
CIV,2023,male,17,Services,Administrative and support service activities,488.0,15-24
CIV,2023,male,18,Services,Administrative and support service activities,475.0,15-24
CIV,2023,male,19,Services,Administrative and support service activities,462.0,15-24
CIV,2023,male,20,Services,Administrative and support service activities,448.0,15-24
CIV,2023,male,21,Services,Administrative and support service activities,435.0,15-24
CIV,2023,male,22,Services,Administrative and support service activities,420.0,15-24
CIV,2023,male,23,Services,Administrative and support service activities,404.0,15-24
CIV,2023,male,24,Services,Administrative and support service activities,387.0,15-24
CIV,2024,male,15,Services,Administrative and support service activities,518.0,15-24
CIV,2024,male,16,Services,Administrative and support service activities,508.0,15-24
CIV,2024,male,17,Services,Administrative and support service activities,497.0,15-24
CIV,2024,male,18,Services,Administrative and support service activities,485.0,15-24
CIV,2024,male,19,Services,Administrative and support service activities,472.0,15-24
CIV,2024,male,20,Services,Administrative and support service activities,460.0,15-24
CIV,2024,male,21,Services,Administrative and support service activities,447.0,15-24
CIV,2024,male,22,Services,Administrative and support service activities,433.0,15-24
CIV,2024,male,23,Services,Administrative and support service activities,417.0,15-24
CIV,2024,male,24,Services,Administrative and support service activities,400.0,15-24
CIV,2025,male,15,Services,Administrative and support service activities,539.0,15-24
CIV,2025,male,16,Services,Administrative and support service activities,529.0,15-24
CIV,2025,male,17,Services,Administrative and support service activities,518.0,15-24
CIV,2025,male,18,Services,Administrative and support service activities,506.0,15-24
CIV,2025,male,19,Services,Administrative and support service activities,493.0,15-24
CIV,2025,male,20,Services,Administrative and support service activities,481.0,15-24
CIV,2025,male,21,Services,Administrative and support service activities,468.0,15-24
CIV,2025,male,22,Services,Administrative and support service activities,454.0,15-24
CIV,2025,male,23,Services,Administrative and support service activities,438.0,15-24
CIV,2025,male,24,Services,Administrative and support service activities,422.0,15-24
CIV,2015,male,15,Agriculture,Agriculture; forestry and fishing,97373.0,15-24
CIV,2015,male,16,Agriculture,Agriculture; forestry and fishing,95232.0,15-24
CIV,2015,male,17,Agriculture,Agriculture; forestry and fishing,92384.0,15-24
CIV,2015,male,18,Agriculture,Agriculture; forestry and fishing,88525.0,15-24
CIV,2015,male,19,Agriculture,Agriculture; forestry and fishing,84034.0,15-24
CIV,2015,male,20,Agriculture,Agriculture; forestry and fishing,79598.0,15-24
CIV,2015,male,21,Agriculture,Agriculture; forestry and fishing,75094.0,15-24
CIV,2015,male,22,Agriculture,Agriculture; forestry and fishing,70963.0,15-24
CIV,2015,male,23,Agriculture,Agriculture; forestry and fishing,67499.0,15-24
CIV,2015,male,24,Agriculture,Agriculture; forestry and fishing,64525.0,15-24
CIV,2016,male,15,Agriculture,Agriculture; forestry and fishing,102233.0,15-24
CIV,2016,male,16,Agriculture,Agriculture; forestry and fishing,100216.0,15-24
CIV,2016,male,17,Agriculture,Agriculture; forestry and fishing,97454.0,15-24
CIV,2016,male,18,Agriculture,Agriculture; forestry and fishing,93603.0,15-24
CIV,2016,male,19,Agriculture,Agriculture; forestry and fishing,89061.0,15-24
CIV,2016,male,20,Agriculture,Agriculture; forestry and fishing,84591.0,15-24
CIV,2016,male,21,Agriculture,Agriculture; forestry and fishing,80057.0,15-24
CIV,2016,male,22,Agriculture,Agriculture; forestry and fishing,75850.0,15-24
CIV,2016,male,23,Agriculture,Agriculture; forestry and fishing,72244.0,15-24
CIV,2016,male,24,Agriculture,Agriculture; forestry and fishing,69082.0,15-24
CIV,2017,male,15,Agriculture,Agriculture; forestry and fishing,87033.0,15-24
CIV,2017,male,16,Agriculture,Agriculture; forestry and fishing,85401.0,15-24
CIV,2017,male,17,Agriculture,Agriculture; forestry and fishing,83179.0,15-24
CIV,2017,male,18,Agriculture,Agriculture; forestry and fishing,80077.0,15-24
CIV,2017,male,19,Agriculture,Agriculture; forestry and fishing,76414.0,15-24
CIV,2017,male,20,Agriculture,Agriculture; forestry and fishing,72817.0,15-24
CIV,2017,male,21,Agriculture,Agriculture; forestry and fishing,69180.0,15-24
CIV,2017,male,22,Agriculture,Agriculture; forestry and fishing,65754.0,15-24
CIV,2017,male,23,Agriculture,Agriculture; forestry and fishing,62734.0,15-24
CIV,2017,male,24,Agriculture,Agriculture; forestry and fishing,60017.0,15-24
CIV,2018,male,15,Agriculture,Agriculture; forestry and fishing,83632.0,15-24
CIV,2018,male,16,Agriculture,Agriculture; forestry and fishing,82035.0,15-24
CIV,2018,male,17,Agriculture,Agriculture; forestry and fishing,79950.0,15-24
CIV,2018,male,18,Agriculture,Agriculture; forestry and fishing,77127.0,15-24
CIV,2018,male,19,Agriculture,Agriculture; forestry and fishing,73833.0,15-24
CIV,2018,male,20,Agriculture,Agriculture; forestry and fishing,70599.0,15-24
CIV,2018,male,21,Agriculture,Agriculture; forestry and fishing,67341.0,15-24
CIV,2018,male,22,Agriculture,Agriculture; forestry and fishing,64225.0,15-24
CIV,2018,male,23,Agriculture,Agriculture; forestry and fishing,61396.0,15-24
CIV,2018,male,24,Agriculture,Agriculture; forestry and fishing,58787.0,15-24
CIV,2019,male,15,Agriculture,Agriculture; forestry and fishing,79236.0,15-24
CIV,2019,male,16,Agriculture,Agriculture; forestry and fishing,77590.0,15-24
CIV,2019,male,17,Agriculture,Agriculture; forestry and fishing,75582.0,15-24
CIV,2019,male,18,Agriculture,Agriculture; forestry and fishing,73031.0,15-24
CIV,2019,male,19,Agriculture,Agriculture; forestry and fishing,70131.0,15-24
CIV,2019,male,20,Agriculture,Agriculture; forestry and fishing,67276.0,15-24
CIV,2019,male,21,Agriculture,Agriculture; forestry and fishing,64408.0,15-24
CIV,2019,male,22,Agriculture,Agriculture; forestry and fishing,61633.0,15-24
CIV,2019,male,23,Agriculture,Agriculture; forestry and fishing,59046.0,15-24
CIV,2019,male,24,Agriculture,Agriculture; forestry and fishing,56614.0,15-24
CIV,2020,male,15,Agriculture,Agriculture; forestry and fishing,77228.0,15-24
CIV,2020,male,16,Agriculture,Agriculture; forestry and fishing,75388.0,15-24
CIV,2020,male,17,Agriculture,Agriculture; forestry and fishing,73314.0,15-24
CIV,2020,male,18,Agriculture,Agriculture; forestry and fishing,70905.0,15-24
CIV,2020,male,19,Agriculture,Agriculture; forestry and fishing,68281.0,15-24
CIV,2020,male,20,Agriculture,Agriculture; forestry and fishing,65677.0,15-24
CIV,2020,male,21,Agriculture,Agriculture; forestry and fishing,63063.0,15-24
CIV,2020,male,22,Agriculture,Agriculture; forestry and fishing,60522.0,15-24
CIV,2020,male,23,Agriculture,Agriculture; forestry and fishing,58121.0,15-24
CIV,2020,male,24,Agriculture,Agriculture; forestry and fishing,55838.0,15-24
CIV,2021,male,15,Agriculture,Agriculture; forestry and fishing,72915.0,15-24
CIV,2021,male,16,Agriculture,Agriculture; forestry and fishing,71297.0,15-24
CIV,2021,male,17,Agriculture,Agriculture; forestry and fishing,69489.0,15-24
CIV,2021,male,18,Agriculture,Agriculture; forestry and fishing,67404.0,15-24
CIV,2021,male,19,Agriculture,Agriculture; forestry and fishing,65134.0,15-24
CIV,2021,male,20,Agriculture,Agriculture; forestry and fishing,62874.0,15-24
CIV,2021,male,21,Agriculture,Agriculture; forestry and fishing,60615.0,15-24
CIV,2021,male,22,Agriculture,Agriculture; forestry and fishing,58320.0,15-24
CIV,2021,male,23,Agriculture,Agriculture; forestry and fishing,55999.0,15-24
CIV,2021,male,24,Agriculture,Agriculture; forestry and fishing,53684.0,15-24
CIV,2022,male,15,Agriculture,Agriculture; forestry and fishing,70088.0,15-24
CIV,2022,male,16,Agriculture,Agriculture; forestry and fishing,68613.0,15-24
CIV,2022,male,17,Agriculture,Agriculture; forestry and fishing,66985.0,15-24
CIV,2022,male,18,Agriculture,Agriculture; forestry and fishing,65135.0,15-24
CIV,2022,male,19,Agriculture,Agriculture; forestry and fishing,63126.0,15-24
CIV,2022,male,20,Agriculture,Agriculture; forestry and fishing,61119.0,15-24
CIV,2022,male,21,Agriculture,Agriculture; forestry and fishing,59116.0,15-24
CIV,2022,male,22,Agriculture,Agriculture; forestry and fishing,57011.0,15-24
CIV,2022,male,23,Agriculture,Agriculture; forestry and fishing,54777.0,15-24
CIV,2022,male,24,Agriculture,Agriculture; forestry and fishing,52480.0,15-24
CIV,2023,male,15,Agriculture,Agriculture; forestry and fishing,90147.0,15-24
CIV,2023,male,16,Agriculture,Agriculture; forestry and fishing,88319.0,15-24
CIV,2023,male,17,Agriculture,Agriculture; forestry and fishing,86332.0,15-24
CIV,2023,male,18,Agriculture,Agriculture; forestry and fishing,84115.0,15-24
CIV,2023,male,19,Agriculture,Agriculture; forestry and fishing,81723.0,15-24
CIV,2023,male,20,Agriculture,Agriculture; forestry and fishing,79323.0,15-24
CIV,2023,male,21,Agriculture,Agriculture; forestry and fishing,76930.0,15-24
CIV,2023,male,22,Agriculture,Agriculture; forestry and fishing,74353.0,15-24
CIV,2023,male,23,Agriculture,Agriculture; forestry and fishing,71529.0,15-24
CIV,2023,male,24,Agriculture,Agriculture; forestry and fishing,68564.0,15-24
CIV,2024,male,15,Agriculture,Agriculture; forestry and fishing,88011.0,15-24
CIV,2024,male,16,Agriculture,Agriculture; forestry and fishing,86267.0,15-24
CIV,2024,male,17,Agriculture,Agriculture; forestry and fishing,84403.0,15-24
CIV,2024,male,18,Agriculture,Agriculture; forestry and fishing,82367.0,15-24
CIV,2024,male,19,Agriculture,Agriculture; forestry and fishing,80194.0,15-24
CIV,2024,male,20,Agriculture,Agriculture; forestry and fishing,78003.0,15-24
CIV,2024,male,21,Agriculture,Agriculture; forestry and fishing,75814.0,15-24
CIV,2024,male,22,Agriculture,Agriculture; forestry and fishing,73423.0,15-24
CIV,2024,male,23,Agriculture,Agriculture; forestry and fishing,70754.0,15-24
CIV,2024,male,24,Agriculture,Agriculture; forestry and fishing,67919.0,15-24
CIV,2025,male,15,Agriculture,Agriculture; forestry and fishing,87812.0,15-24
CIV,2025,male,16,Agriculture,Agriculture; forestry and fishing,86095.0,15-24
CIV,2025,male,17,Agriculture,Agriculture; forestry and fishing,84288.0,15-24
CIV,2025,male,18,Agriculture,Agriculture; forestry and fishing,82362.0,15-24
CIV,2025,male,19,Agriculture,Agriculture; forestry and fishing,80330.0,15-24
CIV,2025,male,20,Agriculture,Agriculture; forestry and fishing,78272.0,15-24
CIV,2025,male,21,Agriculture,Agriculture; forestry and fishing,76209.0,15-24
CIV,2025,male,22,Agriculture,Agriculture; forestry and fishing,73945.0,15-24
CIV,2025,male,23,Agriculture,Agriculture; forestry and fishing,71400.0,15-24
CIV,2025,male,24,Agriculture,Agriculture; forestry and fishing,68680.0,15-24
CIV,2015,male,15,Services,"Arts, entertainment and recreation",819.0,15-24
CIV,2015,male,16,Services,"Arts, entertainment and recreation",801.0,15-24
CIV,2015,male,17,Services,"Arts, entertainment and recreation",777.0,15-24
CIV,2015,male,18,Services,"Arts, entertainment and recreation",745.0,15-24
CIV,2015,male,19,Services,"Arts, entertainment and recreation",707.0,15-24
CIV,2015,male,20,Services,"Arts, entertainment and recreation",670.0,15-24
CIV,2015,male,21,Services,"Arts, entertainment and recreation",632.0,15-24
CIV,2015,male,22,Services,"Arts, entertainment and recreation",597.0,15-24
CIV,2015,male,23,Services,"Arts, entertainment and recreation",568.0,15-24
CIV,2015,male,24,Services,"Arts, entertainment and recreation",543.0,15-24
CIV,2016,male,15,Services,"Arts, entertainment and recreation",645.0,15-24
CIV,2016,male,16,Services,"Arts, entertainment and recreation",632.0,15-24
CIV,2016,male,17,Services,"Arts, entertainment and recreation",615.0,15-24
CIV,2016,male,18,Services,"Arts, entertainment and recreation",590.0,15-24
CIV,2016,male,19,Services,"Arts, entertainment and recreation",562.0,15-24
CIV,2016,male,20,Services,"Arts, entertainment and recreation",534.0,15-24
CIV,2016,male,21,Services,"Arts, entertainment and recreation",505.0,15-24
CIV,2016,male,22,Services,"Arts, entertainment and recreation",478.0,15-24
CIV,2016,male,23,Services,"Arts, entertainment and recreation",456.0,15-24
CIV,2016,male,24,Services,"Arts, entertainment and recreation",436.0,15-24
CIV,2017,male,15,Services,"Arts, entertainment and recreation",340.0,15-24
CIV,2017,male,16,Services,"Arts, entertainment and recreation",334.0,15-24
CIV,2017,male,17,Services,"Arts, entertainment and recreation",325.0,15-24
CIV,2017,male,18,Services,"Arts, entertainment and recreation",313.0,15-24
CIV,2017,male,19,Services,"Arts, entertainment and recreation",299.0,15-24
CIV,2017,male,20,Services,"Arts, entertainment and recreation",285.0,15-24
CIV,2017,male,21,Services,"Arts, entertainment and recreation",270.0,15-24
CIV,2017,male,22,Services,"Arts, entertainment and recreation",257.0,15-24
CIV,2017,male,23,Services,"Arts, entertainment and recreation",245.0,15-24
CIV,2017,male,24,Services,"Arts, entertainment and recreation",235.0,15-24
CIV,2018,male,15,Services,"Arts, entertainment and recreation",702.0,15-24
CIV,2018,male,16,Services,"Arts, entertainment and recreation",689.0,15-24
CIV,2018,male,17,Services,"Arts, entertainment and recreation",671.0,15-24
CIV,2018,male,18,Services,"Arts, entertainment and recreation",648.0,15-24
CIV,2018,male,19,Services,"Arts, entertainment and recreation",620.0,15-24
CIV,2018,male,20,Services,"Arts, entertainment and recreation",593.0,15-24
CIV,2018,male,21,Services,"Arts, entertainment and recreation",566.0,15-24
CIV,2018,male,22,Services,"Arts, entertainment and recreation",539.0,15-24
CIV,2018,male,23,Services,"Arts, entertainment and recreation",516.0,15-24
CIV,2018,male,24,Services,"Arts, entertainment and recreation",494.0,15-24
CIV,2019,male,15,Services,"Arts, entertainment and recreation",926.0,15-24
CIV,2019,male,16,Services,"Arts, entertainment and recreation",907.0,15-24
CIV,2019,male,17,Services,"Arts, entertainment and recreation",884.0,15-24
CIV,2019,male,18,Services,"Arts, entertainment and recreation",854.0,15-24
CIV,2019,male,19,Services,"Arts, entertainment and recreation",820.0,15-24
CIV,2019,male,20,Services,"Arts, entertainment and recreation",786.0,15-24
CIV,2019,male,21,Services,"Arts, entertainment and recreation",753.0,15-24
CIV,2019,male,22,Services,"Arts, entertainment and recreation",721.0,15-24
CIV,2019,male,23,Services,"Arts, entertainment and recreation",690.0,15-24
CIV,2019,male,24,Services,"Arts, entertainment and recreation",662.0,15-24
CIV,2020,male,15,Services,"Arts, entertainment and recreation",999.0,15-24
CIV,2020,male,16,Services,"Arts, entertainment and recreation",975.0,15-24
CIV,2020,male,17,Services,"Arts, entertainment and recreation",949.0,15-24
CIV,2020,male,18,Services,"Arts, entertainment and recreation",917.0,15-24
CIV,2020,male,19,Services,"Arts, entertainment and recreation",884.0,15-24
CIV,2020,male,20,Services,"Arts, entertainment and recreation",850.0,15-24
CIV,2020,male,21,Services,"Arts, entertainment and recreation",816.0,15-24
CIV,2020,male,22,Services,"Arts, entertainment and recreation",783.0,15-24
CIV,2020,male,23,Services,"Arts, entertainment and recreation",752.0,15-24
CIV,2020,male,24,Services,"Arts, entertainment and recreation",723.0,15-24
CIV,2021,male,15,Services,"Arts, entertainment and recreation",1036.0,15-24
CIV,2021,male,16,Services,"Arts, entertainment and recreation",1013.0,15-24
CIV,2021,male,17,Services,"Arts, entertainment and recreation",987.0,15-24
CIV,2021,male,18,Services,"Arts, entertainment and recreation",957.0,15-24
CIV,2021,male,19,Services,"Arts, entertainment and recreation",925.0,15-24
CIV,2021,male,20,Services,"Arts, entertainment and recreation",893.0,15-24
CIV,2021,male,21,Services,"Arts, entertainment and recreation",861.0,15-24
CIV,2021,male,22,Services,"Arts, entertainment and recreation",828.0,15-24
CIV,2021,male,23,Services,"Arts, entertainment and recreation",795.0,15-24
CIV,2021,male,24,Services,"Arts, entertainment and recreation",762.0,15-24
CIV,2022,male,15,Services,"Arts, entertainment and recreation",1300.0,15-24
CIV,2022,male,16,Services,"Arts, entertainment and recreation",1273.0,15-24
CIV,2022,male,17,Services,"Arts, entertainment and recreation",1242.0,15-24
CIV,2022,male,18,Services,"Arts, entertainment and recreation",1208.0,15-24
CIV,2022,male,19,Services,"Arts, entertainment and recreation",1171.0,15-24
CIV,2022,male,20,Services,"Arts, entertainment and recreation",1134.0,15-24
CIV,2022,male,21,Services,"Arts, entertainment and recreation",1096.0,15-24
CIV,2022,male,22,Services,"Arts, entertainment and recreation",1057.0,15-24
CIV,2022,male,23,Services,"Arts, entertainment and recreation",1016.0,15-24
CIV,2022,male,24,Services,"Arts, entertainment and recreation",973.0,15-24
CIV,2023,male,15,Services,"Arts, entertainment and recreation",727.0,15-24
CIV,2023,male,16,Services,"Arts, entertainment and recreation",712.0,15-24
CIV,2023,male,17,Services,"Arts, entertainment and recreation",696.0,15-24
CIV,2023,male,18,Services,"Arts, entertainment and recreation",678.0,15-24
CIV,2023,male,19,Services,"Arts, entertainment and recreation",659.0,15-24
CIV,2023,male,20,Services,"Arts, entertainment and recreation",640.0,15-24
CIV,2023,male,21,Services,"Arts, entertainment and recreation",620.0,15-24
CIV,2023,male,22,Services,"Arts, entertainment and recreation",600.0,15-24
CIV,2023,male,23,Services,"Arts, entertainment and recreation",577.0,15-24
CIV,2023,male,24,Services,"Arts, entertainment and recreation",553.0,15-24
CIV,2024,male,15,Services,"Arts, entertainment and recreation",401.0,15-24
CIV,2024,male,16,Services,"Arts, entertainment and recreation",393.0,15-24
CIV,2024,male,17,Services,"Arts, entertainment and recreation",384.0,15-24
CIV,2024,male,18,Services,"Arts, entertainment and recreation",375.0,15-24
CIV,2024,male,19,Services,"Arts, entertainment and recreation",365.0,15-24
CIV,2024,male,20,Services,"Arts, entertainment and recreation",355.0,15-24
CIV,2024,male,21,Services,"Arts, entertainment and recreation",345.0,15-24
CIV,2024,male,22,Services,"Arts, entertainment and recreation",334.0,15-24
CIV,2024,male,23,Services,"Arts, entertainment and recreation",322.0,15-24
CIV,2024,male,24,Services,"Arts, entertainment and recreation",309.0,15-24
CIV,2025,male,15,Services,"Arts, entertainment and recreation",413.0,15-24
CIV,2025,male,16,Services,"Arts, entertainment and recreation",405.0,15-24
CIV,2025,male,17,Services,"Arts, entertainment and recreation",396.0,15-24
CIV,2025,male,18,Services,"Arts, entertainment and recreation",387.0,15-24
CIV,2025,male,19,Services,"Arts, entertainment and recreation",378.0,15-24
CIV,2025,male,20,Services,"Arts, entertainment and recreation",368.0,15-24
CIV,2025,male,21,Services,"Arts, entertainment and recreation",358.0,15-24
CIV,2025,male,22,Services,"Arts, entertainment and recreation",348.0,15-24
CIV,2025,male,23,Services,"Arts, entertainment and recreation",336.0,15-24
CIV,2025,male,24,Services,"Arts, entertainment and recreation",323.0,15-24
CIV,2015,male,15,Industry,Construction,4733.0,15-24
CIV,2015,male,16,Industry,Construction,4629.0,15-24
CIV,2015,male,17,Industry,Construction,4490.0,15-24
CIV,2015,male,18,Industry,Construction,4303.0,15-24
CIV,2015,male,19,Industry,Construction,4085.0,15-24
CIV,2015,male,20,Industry,Construction,3869.0,15-24
CIV,2015,male,21,Industry,Construction,3650.0,15-24
CIV,2015,male,22,Industry,Construction,3449.0,15-24
CIV,2015,male,23,Industry,Construction,3281.0,15-24
CIV,2015,male,24,Industry,Construction,3136.0,15-24
CIV,2016,male,15,Industry,Construction,4272.0,15-24
CIV,2016,male,16,Industry,Construction,4187.0,15-24
CIV,2016,male,17,Industry,Construction,4072.0,15-24
CIV,2016,male,18,Industry,Construction,3911.0,15-24
CIV,2016,male,19,Industry,Construction,3721.0,15-24
CIV,2016,male,20,Industry,Construction,3535.0,15-24
CIV,2016,male,21,Industry,Construction,3345.0,15-24
CIV,2016,male,22,Industry,Construction,3169.0,15-24
CIV,2016,male,23,Industry,Construction,3019.0,15-24
CIV,2016,male,24,Industry,Construction,2887.0,15-24
CIV,2017,male,15,Industry,Construction,4612.0,15-24
CIV,2017,male,16,Industry,Construction,4526.0,15-24
CIV,2017,male,17,Industry,Construction,4408.0,15-24
CIV,2017,male,18,Industry,Construction,4244.0,15-24
CIV,2017,male,19,Industry,Construction,4050.0,15-24
CIV,2017,male,20,Industry,Construction,3859.0,15-24
CIV,2017,male,21,Industry,Construction,3666.0,15-24
CIV,2017,male,22,Industry,Construction,3485.0,15-24
CIV,2017,male,23,Industry,Construction,3325.0,15-24
CIV,2017,male,24,Industry,Construction,3181.0,15-24
CIV,2018,male,15,Industry,Construction,5841.0,15-24
CIV,2018,male,16,Industry,Construction,5729.0,15-24
CIV,2018,male,17,Industry,Construction,5583.0,15-24
CIV,2018,male,18,Industry,Construction,5386.0,15-24
CIV,2018,male,19,Industry,Construction,5156.0,15-24
CIV,2018,male,20,Industry,Construction,4930.0,15-24
CIV,2018,male,21,Industry,Construction,4703.0,15-24
CIV,2018,male,22,Industry,Construction,4485.0,15-24
CIV,2018,male,23,Industry,Construction,4288.0,15-24
CIV,2018,male,24,Industry,Construction,4105.0,15-24
CIV,2019,male,15,Industry,Construction,7200.0,15-24
CIV,2019,male,16,Industry,Construction,7050.0,15-24
CIV,2019,male,17,Industry,Construction,6868.0,15-24
CIV,2019,male,18,Industry,Construction,6636.0,15-24
CIV,2019,male,19,Industry,Construction,6372.0,15-24
CIV,2019,male,20,Industry,Construction,6113.0,15-24
CIV,2019,male,21,Industry,Construction,5852.0,15-24
CIV,2019,male,22,Industry,Construction,5600.0,15-24
CIV,2019,male,23,Industry,Construction,5365.0,15-24
CIV,2019,male,24,Industry,Construction,5144.0,15-24
CIV,2020,male,15,Industry,Construction,7155.0,15-24
CIV,2020,male,16,Industry,Construction,6984.0,15-24
CIV,2020,male,17,Industry,Construction,6792.0,15-24
CIV,2020,male,18,Industry,Construction,6569.0,15-24
CIV,2020,male,19,Industry,Construction,6326.0,15-24
CIV,2020,male,20,Industry,Construction,6085.0,15-24
CIV,2020,male,21,Industry,Construction,5842.0,15-24
CIV,2020,male,22,Industry,Construction,5607.0,15-24
CIV,2020,male,23,Industry,Construction,5385.0,15-24
CIV,2020,male,24,Industry,Construction,5173.0,15-24
CIV,2021,male,15,Industry,Construction,7521.0,15-24
CIV,2021,male,16,Industry,Construction,7354.0,15-24
CIV,2021,male,17,Industry,Construction,7168.0,15-24
CIV,2021,male,18,Industry,Construction,6953.0,15-24
CIV,2021,male,19,Industry,Construction,6718.0,15-24
CIV,2021,male,20,Industry,Construction,6485.0,15-24
CIV,2021,male,21,Industry,Construction,6252.0,15-24
CIV,2021,male,22,Industry,Construction,6016.0,15-24
CIV,2021,male,23,Industry,Construction,5776.0,15-24
CIV,2021,male,24,Industry,Construction,5537.0,15-24
CIV,2022,male,15,Industry,Construction,7845.0,15-24
CIV,2022,male,16,Industry,Construction,7680.0,15-24
CIV,2022,male,17,Industry,Construction,7498.0,15-24
CIV,2022,male,18,Industry,Construction,7291.0,15-24
CIV,2022,male,19,Industry,Construction,7066.0,15-24
CIV,2022,male,20,Industry,Construction,6841.0,15-24
CIV,2022,male,21,Industry,Construction,6617.0,15-24
CIV,2022,male,22,Industry,Construction,6382.0,15-24
CIV,2022,male,23,Industry,Construction,6132.0,15-24
CIV,2022,male,24,Industry,Construction,5874.0,15-24
CIV,2023,male,15,Industry,Construction,5415.0,15-24
CIV,2023,male,16,Industry,Construction,5305.0,15-24
CIV,2023,male,17,Industry,Construction,5186.0,15-24
CIV,2023,male,18,Industry,Construction,5052.0,15-24
CIV,2023,male,19,Industry,Construction,4909.0,15-24
CIV,2023,male,20,Industry,Construction,4765.0,15-24
CIV,2023,male,21,Industry,Construction,4621.0,15-24
CIV,2023,male,22,Industry,Construction,4466.0,15-24
CIV,2023,male,23,Industry,Construction,4296.0,15-24
CIV,2023,male,24,Industry,Construction,4118.0,15-24
CIV,2024,male,15,Industry,Construction,6483.0,15-24
CIV,2024,male,16,Industry,Construction,6355.0,15-24
CIV,2024,male,17,Industry,Construction,6218.0,15-24
CIV,2024,male,18,Industry,Construction,6068.0,15-24
CIV,2024,male,19,Industry,Construction,5907.0,15-24
CIV,2024,male,20,Industry,Construction,5746.0,15-24
CIV,2024,male,21,Industry,Construction,5585.0,15-24
CIV,2024,male,22,Industry,Construction,5409.0,15-24
CIV,2024,male,23,Industry,Construction,5212.0,15-24
CIV,2024,male,24,Industry,Construction,5003.0,15-24
CIV,2025,male,15,Industry,Construction,6815.0,15-24
CIV,2025,male,16,Industry,Construction,6682.0,15-24
CIV,2025,male,17,Industry,Construction,6542.0,15-24
CIV,2025,male,18,Industry,Construction,6392.0,15-24
CIV,2025,male,19,Industry,Construction,6234.0,15-24
CIV,2025,male,20,Industry,Construction,6075.0,15-24
CIV,2025,male,21,Industry,Construction,5915.0,15-24
CIV,2025,male,22,Industry,Construction,5739.0,15-24
CIV,2025,male,23,Industry,Construction,5541.0,15-24
CIV,2025,male,24,Industry,Construction,5330.0,15-24
CIV,2015,male,15,Services,Education,756.0,15-24
CIV,2015,male,16,Services,Education,739.0,15-24
CIV,2015,male,17,Services,Education,717.0,15-24
CIV,2015,male,18,Services,Education,687.0,15-24
CIV,2015,male,19,Services,Education,652.0,15-24
CIV,2015,male,20,Services,Education,618.0,15-24
CIV,2015,male,21,Services,Education,583.0,15-24
CIV,2015,male,22,Services,Education,551.0,15-24
CIV,2015,male,23,Services,Education,524.0,15-24
CIV,2015,male,24,Services,Education,501.0,15-24
CIV,2016,male,15,Services,Education,623.0,15-24
CIV,2016,male,16,Services,Education,611.0,15-24
CIV,2016,male,17,Services,Education,594.0,15-24
CIV,2016,male,18,Services,Education,571.0,15-24
CIV,2016,male,19,Services,Education,543.0,15-24
CIV,2016,male,20,Services,Education,516.0,15-24
CIV,2016,male,21,Services,Education,488.0,15-24
CIV,2016,male,22,Services,Education,462.0,15-24
CIV,2016,male,23,Services,Education,441.0,15-24
CIV,2016,male,24,Services,Education,421.0,15-24
CIV,2017,male,15,Services,Education,1706.0,15-24
CIV,2017,male,16,Services,Education,1674.0,15-24
CIV,2017,male,17,Services,Education,1631.0,15-24
CIV,2017,male,18,Services,Education,1570.0,15-24
CIV,2017,male,19,Services,Education,1498.0,15-24
CIV,2017,male,20,Services,Education,1428.0,15-24
CIV,2017,male,21,Services,Education,1356.0,15-24
CIV,2017,male,22,Services,Education,1289.0,15-24
CIV,2017,male,23,Services,Education,1230.0,15-24
CIV,2017,male,24,Services,Education,1177.0,15-24
CIV,2018,male,15,Services,Education,1413.0,15-24
CIV,2018,male,16,Services,Education,1386.0,15-24
CIV,2018,male,17,Services,Education,1351.0,15-24
CIV,2018,male,18,Services,Education,1303.0,15-24
CIV,2018,male,19,Services,Education,1247.0,15-24
CIV,2018,male,20,Services,Education,1193.0,15-24
CIV,2018,male,21,Services,Education,1138.0,15-24
CIV,2018,male,22,Services,Education,1085.0,15-24
CIV,2018,male,23,Services,Education,1037.0,15-24
CIV,2018,male,24,Services,Education,993.0,15-24
CIV,2019,male,15,Services,Education,1130.0,15-24
CIV,2019,male,16,Services,Education,1106.0,15-24
CIV,2019,male,17,Services,Education,1078.0,15-24
CIV,2019,male,18,Services,Education,1041.0,15-24
CIV,2019,male,19,Services,Education,1000.0,15-24
CIV,2019,male,20,Services,Education,959.0,15-24
CIV,2019,male,21,Services,Education,919.0,15-24
CIV,2019,male,22,Services,Education,879.0,15-24
CIV,2019,male,23,Services,Education,842.0,15-24
CIV,2019,male,24,Services,Education,807.0,15-24
CIV,2020,male,15,Services,Education,1074.0,15-24
CIV,2020,male,16,Services,Education,1048.0,15-24
CIV,2020,male,17,Services,Education,1019.0,15-24
CIV,2020,male,18,Services,Education,986.0,15-24
CIV,2020,male,19,Services,Education,949.0,15-24
CIV,2020,male,20,Services,Education,913.0,15-24
CIV,2020,male,21,Services,Education,877.0,15-24
CIV,2020,male,22,Services,Education,841.0,15-24
CIV,2020,male,23,Services,Education,808.0,15-24
CIV,2020,male,24,Services,Education,776.0,15-24
CIV,2021,male,15,Services,Education,976.0,15-24
CIV,2021,male,16,Services,Education,955.0,15-24
CIV,2021,male,17,Services,Education,930.0,15-24
CIV,2021,male,18,Services,Education,903.0,15-24
CIV,2021,male,19,Services,Education,872.0,15-24
CIV,2021,male,20,Services,Education,842.0,15-24
CIV,2021,male,21,Services,Education,812.0,15-24
CIV,2021,male,22,Services,Education,781.0,15-24
CIV,2021,male,23,Services,Education,750.0,15-24
CIV,2021,male,24,Services,Education,719.0,15-24
CIV,2022,male,15,Services,Education,859.0,15-24
CIV,2022,male,16,Services,Education,841.0,15-24
CIV,2022,male,17,Services,Education,821.0,15-24
CIV,2022,male,18,Services,Education,798.0,15-24
CIV,2022,male,19,Services,Education,774.0,15-24
CIV,2022,male,20,Services,Education,749.0,15-24
CIV,2022,male,21,Services,Education,724.0,15-24
CIV,2022,male,22,Services,Education,699.0,15-24
CIV,2022,male,23,Services,Education,671.0,15-24
CIV,2022,male,24,Services,Education,643.0,15-24
CIV,2023,male,15,Services,Education,432.0,15-24
CIV,2023,male,16,Services,Education,423.0,15-24
CIV,2023,male,17,Services,Education,414.0,15-24
CIV,2023,male,18,Services,Education,403.0,15-24
CIV,2023,male,19,Services,Education,392.0,15-24
CIV,2023,male,20,Services,Education,380.0,15-24
CIV,2023,male,21,Services,Education,369.0,15-24
CIV,2023,male,22,Services,Education,356.0,15-24
CIV,2023,male,23,Services,Education,343.0,15-24
CIV,2023,male,24,Services,Education,329.0,15-24
CIV,2024,male,15,Services,Education,401.0,15-24
CIV,2024,male,16,Services,Education,393.0,15-24
CIV,2024,male,17,Services,Education,385.0,15-24
CIV,2024,male,18,Services,Education,375.0,15-24
CIV,2024,male,19,Services,Education,365.0,15-24
CIV,2024,male,20,Services,Education,355.0,15-24
CIV,2024,male,21,Services,Education,345.0,15-24
CIV,2024,male,22,Services,Education,335.0,15-24
CIV,2024,male,23,Services,Education,322.0,15-24
CIV,2024,male,24,Services,Education,310.0,15-24
CIV,2025,male,15,Services,Education,414.0,15-24
CIV,2025,male,16,Services,Education,406.0,15-24
CIV,2025,male,17,Services,Education,398.0,15-24
CIV,2025,male,18,Services,Education,389.0,15-24
CIV,2025,male,19,Services,Education,379.0,15-24
CIV,2025,male,20,Services,Education,369.0,15-24
CIV,2025,male,21,Services,Education,360.0,15-24
CIV,2025,male,22,Services,Education,349.0,15-24
CIV,2025,male,23,Services,Education,337.0,15-24
CIV,2025,male,24,Services,Education,324.0,15-24
CIV,2015,male,15,Industry,"Electricity; gas, steam and air conditioning supply",158.0,15-24
CIV,2015,male,16,Industry,"Electricity; gas, steam and air conditioning supply",155.0,15-24
CIV,2015,male,17,Industry,"Electricity; gas, steam and air conditioning supply",150.0,15-24
CIV,2015,male,18,Industry,"Electricity; gas, steam and air conditioning supply",144.0,15-24
CIV,2015,male,19,Industry,"Electricity; gas, steam and air conditioning supply",137.0,15-24
CIV,2015,male,20,Industry,"Electricity; gas, steam and air conditioning supply",130.0,15-24
CIV,2015,male,21,Industry,"Electricity; gas, steam and air conditioning supply",122.0,15-24
CIV,2015,male,22,Industry,"Electricity; gas, steam and air conditioning supply",116.0,15-24
CIV,2015,male,23,Industry,"Electricity; gas, steam and air conditioning supply",110.0,15-24
CIV,2015,male,24,Industry,"Electricity; gas, steam and air conditioning supply",105.0,15-24
CIV,2016,male,15,Industry,"Electricity; gas, steam and air conditioning supply",54.0,15-24
CIV,2016,male,16,Industry,"Electricity; gas, steam and air conditioning supply",53.0,15-24
CIV,2016,male,17,Industry,"Electricity; gas, steam and air conditioning supply",51.0,15-24
CIV,2016,male,18,Industry,"Electricity; gas, steam and air conditioning supply",49.0,15-24
CIV,2016,male,19,Industry,"Electricity; gas, steam and air conditioning supply",47.0,15-24
CIV,2016,male,20,Industry,"Electricity; gas, steam and air conditioning supply",44.0,15-24
CIV,2016,male,21,Industry,"Electricity; gas, steam and air conditioning supply",42.0,15-24
CIV,2016,male,22,Industry,"Electricity; gas, steam and air conditioning supply",40.0,15-24
CIV,2016,male,23,Industry,"Electricity; gas, steam and air conditioning supply",38.0,15-24
CIV,2016,male,24,Industry,"Electricity; gas, steam and air conditioning supply",36.0,15-24
CIV,2017,male,15,Industry,"Electricity; gas, steam and air conditioning supply",82.0,15-24
CIV,2017,male,16,Industry,"Electricity; gas, steam and air conditioning supply",81.0,15-24
CIV,2017,male,17,Industry,"Electricity; gas, steam and air conditioning supply",78.0,15-24
CIV,2017,male,18,Industry,"Electricity; gas, steam and air conditioning supply",76.0,15-24
CIV,2017,male,19,Industry,"Electricity; gas, steam and air conditioning supply",72.0,15-24
CIV,2017,male,20,Industry,"Electricity; gas, steam and air conditioning supply",69.0,15-24
CIV,2017,male,21,Industry,"Electricity; gas, steam and air conditioning supply",65.0,15-24
CIV,2017,male,22,Industry,"Electricity; gas, steam and air conditioning supply",62.0,15-24
CIV,2017,male,23,Industry,"Electricity; gas, steam and air conditioning supply",59.0,15-24
CIV,2017,male,24,Industry,"Electricity; gas, steam and air conditioning supply",57.0,15-24
CIV,2018,male,15,Industry,"Electricity; gas, steam and air conditioning supply",141.0,15-24
CIV,2018,male,16,Industry,"Electricity; gas, steam and air conditioning supply",138.0,15-24
CIV,2018,male,17,Industry,"Electricity; gas, steam and air conditioning supply",135.0,15-24
CIV,2018,male,18,Industry,"Electricity; gas, steam and air conditioning supply",130.0,15-24
CIV,2018,male,19,Industry,"Electricity; gas, steam and air conditioning supply",125.0,15-24
CIV,2018,male,20,Industry,"Electricity; gas, steam and air conditioning supply",119.0,15-24
CIV,2018,male,21,Industry,"Electricity; gas, steam and air conditioning supply",114.0,15-24
CIV,2018,male,22,Industry,"Electricity; gas, steam and air conditioning supply",108.0,15-24
CIV,2018,male,23,Industry,"Electricity; gas, steam and air conditioning supply",104.0,15-24
CIV,2018,male,24,Industry,"Electricity; gas, steam and air conditioning supply",99.0,15-24
CIV,2019,male,15,Industry,"Electricity; gas, steam and air conditioning supply",162.0,15-24
CIV,2019,male,16,Industry,"Electricity; gas, steam and air conditioning supply",159.0,15-24
CIV,2019,male,17,Industry,"Electricity; gas, steam and air conditioning supply",155.0,15-24
CIV,2019,male,18,Industry,"Electricity; gas, steam and air conditioning supply",150.0,15-24
CIV,2019,male,19,Industry,"Electricity; gas, steam and air conditioning supply",144.0,15-24
CIV,2019,male,20,Industry,"Electricity; gas, steam and air conditioning supply",138.0,15-24
CIV,2019,male,21,Industry,"Electricity; gas, steam and air conditioning supply",132.0,15-24
CIV,2019,male,22,Industry,"Electricity; gas, steam and air conditioning supply",126.0,15-24
CIV,2019,male,23,Industry,"Electricity; gas, steam and air conditioning supply",121.0,15-24
CIV,2019,male,24,Industry,"Electricity; gas, steam and air conditioning supply",116.0,15-24
CIV,2020,male,15,Industry,"Electricity; gas, steam and air conditioning supply",173.0,15-24
CIV,2020,male,16,Industry,"Electricity; gas, steam and air conditioning supply",169.0,15-24
CIV,2020,male,17,Industry,"Electricity; gas, steam and air conditioning supply",164.0,15-24
CIV,2020,male,18,Industry,"Electricity; gas, steam and air conditioning supply",159.0,15-24
CIV,2020,male,19,Industry,"Electricity; gas, steam and air conditioning supply",153.0,15-24
CIV,2020,male,20,Industry,"Electricity; gas, steam and air conditioning supply",147.0,15-24
CIV,2020,male,21,Industry,"Electricity; gas, steam and air conditioning supply",141.0,15-24
CIV,2020,male,22,Industry,"Electricity; gas, steam and air conditioning supply",136.0,15-24
CIV,2020,male,23,Industry,"Electricity; gas, steam and air conditioning supply",130.0,15-24
CIV,2020,male,24,Industry,"Electricity; gas, steam and air conditioning supply",125.0,15-24
CIV,2021,male,15,Industry,"Electricity; gas, steam and air conditioning supply",200.0,15-24
CIV,2021,male,16,Industry,"Electricity; gas, steam and air conditioning supply",196.0,15-24
CIV,2021,male,17,Industry,"Electricity; gas, steam and air conditioning supply",191.0,15-24
CIV,2021,male,18,Industry,"Electricity; gas, steam and air conditioning supply",185.0,15-24
CIV,2021,male,19,Industry,"Electricity; gas, steam and air conditioning supply",179.0,15-24
CIV,2021,male,20,Industry,"Electricity; gas, steam and air conditioning supply",173.0,15-24
CIV,2021,male,21,Industry,"Electricity; gas, steam and air conditioning supply",167.0,15-24
CIV,2021,male,22,Industry,"Electricity; gas, steam and air conditioning supply",160.0,15-24
CIV,2021,male,23,Industry,"Electricity; gas, steam and air conditioning supply",154.0,15-24
CIV,2021,male,24,Industry,"Electricity; gas, steam and air conditioning supply",148.0,15-24
CIV,2022,male,15,Industry,"Electricity; gas, steam and air conditioning supply",201.0,15-24
CIV,2022,male,16,Industry,"Electricity; gas, steam and air conditioning supply",196.0,15-24
CIV,2022,male,17,Industry,"Electricity; gas, steam and air conditioning supply",192.0,15-24
CIV,2022,male,18,Industry,"Electricity; gas, steam and air conditioning supply",187.0,15-24
CIV,2022,male,19,Industry,"Electricity; gas, steam and air conditioning supply",181.0,15-24
CIV,2022,male,20,Industry,"Electricity; gas, steam and air conditioning supply",175.0,15-24
CIV,2022,male,21,Industry,"Electricity; gas, steam and air conditioning supply",169.0,15-24
CIV,2022,male,22,Industry,"Electricity; gas, steam and air conditioning supply",163.0,15-24
CIV,2022,male,23,Industry,"Electricity; gas, steam and air conditioning supply",157.0,15-24
CIV,2022,male,24,Industry,"Electricity; gas, steam and air conditioning supply",150.0,15-24
CIV,2023,male,15,Industry,"Electricity; gas, steam and air conditioning supply",151.0,15-24
CIV,2023,male,16,Industry,"Electricity; gas, steam and air conditioning supply",148.0,15-24
CIV,2023,male,17,Industry,"Electricity; gas, steam and air conditioning supply",144.0,15-24
CIV,2023,male,18,Industry,"Electricity; gas, steam and air conditioning supply",141.0,15-24
CIV,2023,male,19,Industry,"Electricity; gas, steam and air conditioning supply",137.0,15-24
CIV,2023,male,20,Industry,"Electricity; gas, steam and air conditioning supply",133.0,15-24
CIV,2023,male,21,Industry,"Electricity; gas, steam and air conditioning supply",129.0,15-24
CIV,2023,male,22,Industry,"Electricity; gas, steam and air conditioning supply",124.0,15-24
CIV,2023,male,23,Industry,"Electricity; gas, steam and air conditioning supply",120.0,15-24
CIV,2023,male,24,Industry,"Electricity; gas, steam and air conditioning supply",115.0,15-24
CIV,2024,male,15,Industry,"Electricity; gas, steam and air conditioning supply",210.0,15-24
CIV,2024,male,16,Industry,"Electricity; gas, steam and air conditioning supply",206.0,15-24
CIV,2024,male,17,Industry,"Electricity; gas, steam and air conditioning supply",201.0,15-24
CIV,2024,male,18,Industry,"Electricity; gas, steam and air conditioning supply",196.0,15-24
CIV,2024,male,19,Industry,"Electricity; gas, steam and air conditioning supply",191.0,15-24
CIV,2024,male,20,Industry,"Electricity; gas, steam and air conditioning supply",186.0,15-24
CIV,2024,male,21,Industry,"Electricity; gas, steam and air conditioning supply",181.0,15-24
CIV,2024,male,22,Industry,"Electricity; gas, steam and air conditioning supply",175.0,15-24
CIV,2024,male,23,Industry,"Electricity; gas, steam and air conditioning supply",169.0,15-24
CIV,2024,male,24,Industry,"Electricity; gas, steam and air conditioning supply",162.0,15-24
CIV,2025,male,15,Industry,"Electricity; gas, steam and air conditioning supply",215.0,15-24
CIV,2025,male,16,Industry,"Electricity; gas, steam and air conditioning supply",210.0,15-24
CIV,2025,male,17,Industry,"Electricity; gas, steam and air conditioning supply",206.0,15-24
CIV,2025,male,18,Industry,"Electricity; gas, steam and air conditioning supply",201.0,15-24
CIV,2025,male,19,Industry,"Electricity; gas, steam and air conditioning supply",196.0,15-24
CIV,2025,male,20,Industry,"Electricity; gas, steam and air conditioning supply",191.0,15-24
CIV,2025,male,21,Industry,"Electricity; gas, steam and air conditioning supply",186.0,15-24
CIV,2025,male,22,Industry,"Electricity; gas, steam and air conditioning supply",181.0,15-24
CIV,2025,male,23,Industry,"Electricity; gas, steam and air conditioning supply",175.0,15-24
CIV,2025,male,24,Industry,"Electricity; gas, steam and air conditioning supply",168.0,15-24
CIV,2015,male,15,Services,Financial and insurance activities,72.0,15-24
CIV,2015,male,16,Services,Financial and insurance activities,70.0,15-24
CIV,2015,male,17,Services,Financial and insurance activities,68.0,15-24
CIV,2015,male,18,Services,Financial and insurance activities,65.0,15-24
CIV,2015,male,19,Services,Financial and insurance activities,62.0,15-24
CIV,2015,male,20,Services,Financial and insurance activities,59.0,15-24
CIV,2015,male,21,Services,Financial and insurance activities,55.0,15-24
CIV,2015,male,22,Services,Financial and insurance activities,52.0,15-24
CIV,2015,male,23,Services,Financial and insurance activities,50.0,15-24
CIV,2015,male,24,Services,Financial and insurance activities,48.0,15-24
CIV,2016,male,15,Services,Financial and insurance activities,70.0,15-24
CIV,2016,male,16,Services,Financial and insurance activities,69.0,15-24
CIV,2016,male,17,Services,Financial and insurance activities,67.0,15-24
CIV,2016,male,18,Services,Financial and insurance activities,64.0,15-24
CIV,2016,male,19,Services,Financial and insurance activities,61.0,15-24
CIV,2016,male,20,Services,Financial and insurance activities,58.0,15-24
CIV,2016,male,21,Services,Financial and insurance activities,55.0,15-24
CIV,2016,male,22,Services,Financial and insurance activities,52.0,15-24
CIV,2016,male,23,Services,Financial and insurance activities,50.0,15-24
CIV,2016,male,24,Services,Financial and insurance activities,47.0,15-24
CIV,2017,male,15,Services,Financial and insurance activities,106.0,15-24
CIV,2017,male,16,Services,Financial and insurance activities,104.0,15-24
CIV,2017,male,17,Services,Financial and insurance activities,101.0,15-24
CIV,2017,male,18,Services,Financial and insurance activities,97.0,15-24
CIV,2017,male,19,Services,Financial and insurance activities,93.0,15-24
CIV,2017,male,20,Services,Financial and insurance activities,89.0,15-24
CIV,2017,male,21,Services,Financial and insurance activities,84.0,15-24
CIV,2017,male,22,Services,Financial and insurance activities,80.0,15-24
CIV,2017,male,23,Services,Financial and insurance activities,76.0,15-24
CIV,2017,male,24,Services,Financial and insurance activities,73.0,15-24
CIV,2018,male,15,Services,Financial and insurance activities,137.0,15-24
CIV,2018,male,16,Services,Financial and insurance activities,134.0,15-24
CIV,2018,male,17,Services,Financial and insurance activities,131.0,15-24
CIV,2018,male,18,Services,Financial and insurance activities,126.0,15-24
CIV,2018,male,19,Services,Financial and insurance activities,121.0,15-24
CIV,2018,male,20,Services,Financial and insurance activities,116.0,15-24
CIV,2018,male,21,Services,Financial and insurance activities,110.0,15-24
CIV,2018,male,22,Services,Financial and insurance activities,105.0,15-24
CIV,2018,male,23,Services,Financial and insurance activities,101.0,15-24
CIV,2018,male,24,Services,Financial and insurance activities,96.0,15-24
CIV,2019,male,15,Services,Financial and insurance activities,179.0,15-24
CIV,2019,male,16,Services,Financial and insurance activities,175.0,15-24
CIV,2019,male,17,Services,Financial and insurance activities,171.0,15-24
CIV,2019,male,18,Services,Financial and insurance activities,165.0,15-24
CIV,2019,male,19,Services,Financial and insurance activities,158.0,15-24
CIV,2019,male,20,Services,Financial and insurance activities,152.0,15-24
CIV,2019,male,21,Services,Financial and insurance activities,145.0,15-24
CIV,2019,male,22,Services,Financial and insurance activities,139.0,15-24
CIV,2019,male,23,Services,Financial and insurance activities,133.0,15-24
CIV,2019,male,24,Services,Financial and insurance activities,128.0,15-24
CIV,2020,male,15,Services,Financial and insurance activities,289.0,15-24
CIV,2020,male,16,Services,Financial and insurance activities,282.0,15-24
CIV,2020,male,17,Services,Financial and insurance activities,274.0,15-24
CIV,2020,male,18,Services,Financial and insurance activities,265.0,15-24
CIV,2020,male,19,Services,Financial and insurance activities,255.0,15-24
CIV,2020,male,20,Services,Financial and insurance activities,246.0,15-24
CIV,2020,male,21,Services,Financial and insurance activities,236.0,15-24
CIV,2020,male,22,Services,Financial and insurance activities,226.0,15-24
CIV,2020,male,23,Services,Financial and insurance activities,217.0,15-24
CIV,2020,male,24,Services,Financial and insurance activities,209.0,15-24
CIV,2021,male,15,Services,Financial and insurance activities,398.0,15-24
CIV,2021,male,16,Services,Financial and insurance activities,389.0,15-24
CIV,2021,male,17,Services,Financial and insurance activities,380.0,15-24
CIV,2021,male,18,Services,Financial and insurance activities,368.0,15-24
CIV,2021,male,19,Services,Financial and insurance activities,356.0,15-24
CIV,2021,male,20,Services,Financial and insurance activities,343.0,15-24
CIV,2021,male,21,Services,Financial and insurance activities,331.0,15-24
CIV,2021,male,22,Services,Financial and insurance activities,319.0,15-24
CIV,2021,male,23,Services,Financial and insurance activities,306.0,15-24
CIV,2021,male,24,Services,Financial and insurance activities,293.0,15-24
CIV,2022,male,15,Services,Financial and insurance activities,454.0,15-24
CIV,2022,male,16,Services,Financial and insurance activities,445.0,15-24
CIV,2022,male,17,Services,Financial and insurance activities,434.0,15-24
CIV,2022,male,18,Services,Financial and insurance activities,422.0,15-24
CIV,2022,male,19,Services,Financial and insurance activities,409.0,15-24
CIV,2022,male,20,Services,Financial and insurance activities,396.0,15-24
CIV,2022,male,21,Services,Financial and insurance activities,383.0,15-24
CIV,2022,male,22,Services,Financial and insurance activities,370.0,15-24
CIV,2022,male,23,Services,Financial and insurance activities,355.0,15-24
CIV,2022,male,24,Services,Financial and insurance activities,340.0,15-24
CIV,2023,male,15,Services,Financial and insurance activities,458.0,15-24
CIV,2023,male,16,Services,Financial and insurance activities,449.0,15-24
CIV,2023,male,17,Services,Financial and insurance activities,439.0,15-24
CIV,2023,male,18,Services,Financial and insurance activities,427.0,15-24
CIV,2023,male,19,Services,Financial and insurance activities,415.0,15-24
CIV,2023,male,20,Services,Financial and insurance activities,403.0,15-24
CIV,2023,male,21,Services,Financial and insurance activities,391.0,15-24
CIV,2023,male,22,Services,Financial and insurance activities,378.0,15-24
CIV,2023,male,23,Services,Financial and insurance activities,363.0,15-24
CIV,2023,male,24,Services,Financial and insurance activities,348.0,15-24
CIV,2024,male,15,Services,Financial and insurance activities,504.0,15-24
CIV,2024,male,16,Services,Financial and insurance activities,494.0,15-24
CIV,2024,male,17,Services,Financial and insurance activities,483.0,15-24
CIV,2024,male,18,Services,Financial and insurance activities,471.0,15-24
CIV,2024,male,19,Services,Financial and insurance activities,459.0,15-24
CIV,2024,male,20,Services,Financial and insurance activities,446.0,15-24
CIV,2024,male,21,Services,Financial and insurance activities,434.0,15-24
CIV,2024,male,22,Services,Financial and insurance activities,420.0,15-24
CIV,2024,male,23,Services,Financial and insurance activities,405.0,15-24
CIV,2024,male,24,Services,Financial and insurance activities,389.0,15-24
CIV,2025,male,15,Services,Financial and insurance activities,524.0,15-24
CIV,2025,male,16,Services,Financial and insurance activities,513.0,15-24
CIV,2025,male,17,Services,Financial and insurance activities,503.0,15-24
CIV,2025,male,18,Services,Financial and insurance activities,491.0,15-24
CIV,2025,male,19,Services,Financial and insurance activities,479.0,15-24
CIV,2025,male,20,Services,Financial and insurance activities,467.0,15-24
CIV,2025,male,21,Services,Financial and insurance activities,454.0,15-24
CIV,2025,male,22,Services,Financial and insurance activities,441.0,15-24
CIV,2025,male,23,Services,Financial and insurance activities,426.0,15-24
CIV,2025,male,24,Services,Financial and insurance activities,410.0,15-24
CIV,2015,male,15,Services,Human health and social work activities,456.0,15-24
CIV,2015,male,16,Services,Human health and social work activities,446.0,15-24
CIV,2015,male,17,Services,Human health and social work activities,433.0,15-24
CIV,2015,male,18,Services,Human health and social work activities,414.0,15-24
CIV,2015,male,19,Services,Human health and social work activities,393.0,15-24
CIV,2015,male,20,Services,Human health and social work activities,373.0,15-24
CIV,2015,male,21,Services,Human health and social work activities,352.0,15-24
CIV,2015,male,22,Services,Human health and social work activities,332.0,15-24
CIV,2015,male,23,Services,Human health and social work activities,316.0,15-24
CIV,2015,male,24,Services,Human health and social work activities,302.0,15-24
CIV,2016,male,15,Services,Human health and social work activities,444.0,15-24
CIV,2016,male,16,Services,Human health and social work activities,435.0,15-24
CIV,2016,male,17,Services,Human health and social work activities,423.0,15-24
CIV,2016,male,18,Services,Human health and social work activities,407.0,15-24
CIV,2016,male,19,Services,Human health and social work activities,387.0,15-24
CIV,2016,male,20,Services,Human health and social work activities,368.0,15-24
CIV,2016,male,21,Services,Human health and social work activities,348.0,15-24
CIV,2016,male,22,Services,Human health and social work activities,330.0,15-24
CIV,2016,male,23,Services,Human health and social work activities,314.0,15-24
CIV,2016,male,24,Services,Human health and social work activities,300.0,15-24
CIV,2017,male,15,Services,Human health and social work activities,752.0,15-24
CIV,2017,male,16,Services,Human health and social work activities,738.0,15-24
CIV,2017,male,17,Services,Human health and social work activities,719.0,15-24
CIV,2017,male,18,Services,Human health and social work activities,692.0,15-24
CIV,2017,male,19,Services,Human health and social work activities,660.0,15-24
CIV,2017,male,20,Services,Human health and social work activities,629.0,15-24
CIV,2017,male,21,Services,Human health and social work activities,598.0,15-24
CIV,2017,male,22,Services,Human health and social work activities,568.0,15-24
CIV,2017,male,23,Services,Human health and social work activities,542.0,15-24
CIV,2017,male,24,Services,Human health and social work activities,519.0,15-24
CIV,2018,male,15,Services,Human health and social work activities,539.0,15-24
CIV,2018,male,16,Services,Human health and social work activities,528.0,15-24
CIV,2018,male,17,Services,Human health and social work activities,515.0,15-24
CIV,2018,male,18,Services,Human health and social work activities,497.0,15-24
CIV,2018,male,19,Services,Human health and social work activities,476.0,15-24
CIV,2018,male,20,Services,Human health and social work activities,455.0,15-24
CIV,2018,male,21,Services,Human health and social work activities,434.0,15-24
CIV,2018,male,22,Services,Human health and social work activities,414.0,15-24
CIV,2018,male,23,Services,Human health and social work activities,395.0,15-24
CIV,2018,male,24,Services,Human health and social work activities,379.0,15-24
CIV,2019,male,15,Services,Human health and social work activities,583.0,15-24
CIV,2019,male,16,Services,Human health and social work activities,571.0,15-24
CIV,2019,male,17,Services,Human health and social work activities,556.0,15-24
CIV,2019,male,18,Services,Human health and social work activities,538.0,15-24
CIV,2019,male,19,Services,Human health and social work activities,516.0,15-24
CIV,2019,male,20,Services,Human health and social work activities,495.0,15-24
CIV,2019,male,21,Services,Human health and social work activities,474.0,15-24
CIV,2019,male,22,Services,Human health and social work activities,454.0,15-24
CIV,2019,male,23,Services,Human health and social work activities,435.0,15-24
CIV,2019,male,24,Services,Human health and social work activities,417.0,15-24
CIV,2020,male,15,Services,Human health and social work activities,676.0,15-24
CIV,2020,male,16,Services,Human health and social work activities,660.0,15-24
CIV,2020,male,17,Services,Human health and social work activities,641.0,15-24
CIV,2020,male,18,Services,Human health and social work activities,620.0,15-24
CIV,2020,male,19,Services,Human health and social work activities,597.0,15-24
CIV,2020,male,20,Services,Human health and social work activities,575.0,15-24
CIV,2020,male,21,Services,Human health and social work activities,552.0,15-24
CIV,2020,male,22,Services,Human health and social work activities,529.0,15-24
CIV,2020,male,23,Services,Human health and social work activities,508.0,15-24
CIV,2020,male,24,Services,Human health and social work activities,489.0,15-24
CIV,2021,male,15,Services,Human health and social work activities,740.0,15-24
CIV,2021,male,16,Services,Human health and social work activities,723.0,15-24
CIV,2021,male,17,Services,Human health and social work activities,705.0,15-24
CIV,2021,male,18,Services,Human health and social work activities,684.0,15-24
CIV,2021,male,19,Services,Human health and social work activities,661.0,15-24
CIV,2021,male,20,Services,Human health and social work activities,638.0,15-24
CIV,2021,male,21,Services,Human health and social work activities,615.0,15-24
CIV,2021,male,22,Services,Human health and social work activities,592.0,15-24
CIV,2021,male,23,Services,Human health and social work activities,568.0,15-24
CIV,2021,male,24,Services,Human health and social work activities,545.0,15-24
CIV,2022,male,15,Services,Human health and social work activities,787.0,15-24
CIV,2022,male,16,Services,Human health and social work activities,770.0,15-24
CIV,2022,male,17,Services,Human health and social work activities,752.0,15-24
CIV,2022,male,18,Services,Human health and social work activities,731.0,15-24
CIV,2022,male,19,Services,Human health and social work activities,709.0,15-24
CIV,2022,male,20,Services,Human health and social work activities,686.0,15-24
CIV,2022,male,21,Services,Human health and social work activities,664.0,15-24
CIV,2022,male,22,Services,Human health and social work activities,640.0,15-24
CIV,2022,male,23,Services,Human health and social work activities,615.0,15-24
CIV,2022,male,24,Services,Human health and social work activities,589.0,15-24
CIV,2023,male,15,Services,Human health and social work activities,683.0,15-24
CIV,2023,male,16,Services,Human health and social work activities,669.0,15-24
CIV,2023,male,17,Services,Human health and social work activities,654.0,15-24
CIV,2023,male,18,Services,Human health and social work activities,637.0,15-24
CIV,2023,male,19,Services,Human health and social work activities,619.0,15-24
CIV,2023,male,20,Services,Human health and social work activities,601.0,15-24
CIV,2023,male,21,Services,Human health and social work activities,583.0,15-24
CIV,2023,male,22,Services,Human health and social work activities,563.0,15-24
CIV,2023,male,23,Services,Human health and social work activities,542.0,15-24
CIV,2023,male,24,Services,Human health and social work activities,520.0,15-24
CIV,2024,male,15,Services,Human health and social work activities,659.0,15-24
CIV,2024,male,16,Services,Human health and social work activities,646.0,15-24
CIV,2024,male,17,Services,Human health and social work activities,632.0,15-24
CIV,2024,male,18,Services,Human health and social work activities,616.0,15-24
CIV,2024,male,19,Services,Human health and social work activities,600.0,15-24
CIV,2024,male,20,Services,Human health and social work activities,584.0,15-24
CIV,2024,male,21,Services,Human health and social work activities,567.0,15-24
CIV,2024,male,22,Services,Human health and social work activities,549.0,15-24
CIV,2024,male,23,Services,Human health and social work activities,529.0,15-24
CIV,2024,male,24,Services,Human health and social work activities,508.0,15-24
CIV,2025,male,15,Services,Human health and social work activities,678.0,15-24
CIV,2025,male,16,Services,Human health and social work activities,664.0,15-24
CIV,2025,male,17,Services,Human health and social work activities,650.0,15-24
CIV,2025,male,18,Services,Human health and social work activities,636.0,15-24
CIV,2025,male,19,Services,Human health and social work activities,620.0,15-24
CIV,2025,male,20,Services,Human health and social work activities,604.0,15-24
CIV,2025,male,21,Services,Human health and social work activities,588.0,15-24
CIV,2025,male,22,Services,Human health and social work activities,571.0,15-24
CIV,2025,male,23,Services,Human health and social work activities,551.0,15-24
CIV,2025,male,24,Services,Human health and social work activities,530.0,15-24
CIV,2015,male,15,Services,Information and communication,1164.0,15-24
CIV,2015,male,16,Services,Information and communication,1138.0,15-24
CIV,2015,male,17,Services,Information and communication,1104.0,15-24
CIV,2015,male,18,Services,Information and communication,1058.0,15-24
CIV,2015,male,19,Services,Information and communication,1004.0,15-24
CIV,2015,male,20,Services,Information and communication,951.0,15-24
CIV,2015,male,21,Services,Information and communication,897.0,15-24
CIV,2015,male,22,Services,Information and communication,848.0,15-24
CIV,2015,male,23,Services,Information and communication,807.0,15-24
CIV,2015,male,24,Services,Information and communication,771.0,15-24
CIV,2016,male,15,Services,Information and communication,1098.0,15-24
CIV,2016,male,16,Services,Information and communication,1076.0,15-24
CIV,2016,male,17,Services,Information and communication,1047.0,15-24
CIV,2016,male,18,Services,Information and communication,1005.0,15-24
CIV,2016,male,19,Services,Information and communication,956.0,15-24
CIV,2016,male,20,Services,Information and communication,908.0,15-24
CIV,2016,male,21,Services,Information and communication,860.0,15-24
CIV,2016,male,22,Services,Information and communication,815.0,15-24
CIV,2016,male,23,Services,Information and communication,776.0,15-24
CIV,2016,male,24,Services,Information and communication,742.0,15-24
CIV,2017,male,15,Services,Information and communication,2035.0,15-24
CIV,2017,male,16,Services,Information and communication,1997.0,15-24
CIV,2017,male,17,Services,Information and communication,1945.0,15-24
CIV,2017,male,18,Services,Information and communication,1872.0,15-24
CIV,2017,male,19,Services,Information and communication,1787.0,15-24
CIV,2017,male,20,Services,Information and communication,1703.0,15-24
CIV,2017,male,21,Services,Information and communication,1618.0,15-24
CIV,2017,male,22,Services,Information and communication,1537.0,15-24
CIV,2017,male,23,Services,Information and communication,1467.0,15-24
CIV,2017,male,24,Services,Information and communication,1403.0,15-24
CIV,2018,male,15,Services,Information and communication,2836.0,15-24
CIV,2018,male,16,Services,Information and communication,2782.0,15-24
CIV,2018,male,17,Services,Information and communication,2711.0,15-24
CIV,2018,male,18,Services,Information and communication,2616.0,15-24
CIV,2018,male,19,Services,Information and communication,2504.0,15-24
CIV,2018,male,20,Services,Information and communication,2394.0,15-24
CIV,2018,male,21,Services,Information and communication,2284.0,15-24
CIV,2018,male,22,Services,Information and communication,2178.0,15-24
CIV,2018,male,23,Services,Information and communication,2082.0,15-24
CIV,2018,male,24,Services,Information and communication,1994.0,15-24
CIV,2019,male,15,Services,Information and communication,3444.0,15-24
CIV,2019,male,16,Services,Information and communication,3372.0,15-24
CIV,2019,male,17,Services,Information and communication,3285.0,15-24
CIV,2019,male,18,Services,Information and communication,3174.0,15-24
CIV,2019,male,19,Services,Information and communication,3048.0,15-24
CIV,2019,male,20,Services,Information and communication,2924.0,15-24
CIV,2019,male,21,Services,Information and communication,2799.0,15-24
CIV,2019,male,22,Services,Information and communication,2679.0,15-24
CIV,2019,male,23,Services,Information and communication,2566.0,15-24
CIV,2019,male,24,Services,Information and communication,2461.0,15-24
CIV,2020,male,15,Services,Information and communication,1252.0,15-24
CIV,2020,male,16,Services,Information and communication,1222.0,15-24
CIV,2020,male,17,Services,Information and communication,1189.0,15-24
CIV,2020,male,18,Services,Information and communication,1150.0,15-24
CIV,2020,male,19,Services,Information and communication,1107.0,15-24
CIV,2020,male,20,Services,Information and communication,1065.0,15-24
CIV,2020,male,21,Services,Information and communication,1023.0,15-24
CIV,2020,male,22,Services,Information and communication,981.0,15-24
CIV,2020,male,23,Services,Information and communication,942.0,15-24
CIV,2020,male,24,Services,Information and communication,905.0,15-24
CIV,2021,male,15,Services,Information and communication,1136.0,15-24
CIV,2021,male,16,Services,Information and communication,1111.0,15-24
CIV,2021,male,17,Services,Information and communication,1083.0,15-24
CIV,2021,male,18,Services,Information and communication,1051.0,15-24
CIV,2021,male,19,Services,Information and communication,1015.0,15-24
CIV,2021,male,20,Services,Information and communication,980.0,15-24
CIV,2021,male,21,Services,Information and communication,945.0,15-24
CIV,2021,male,22,Services,Information and communication,909.0,15-24
CIV,2021,male,23,Services,Information and communication,873.0,15-24
CIV,2021,male,24,Services,Information and communication,837.0,15-24
CIV,2022,male,15,Services,Information and communication,789.0,15-24
CIV,2022,male,16,Services,Information and communication,772.0,15-24
CIV,2022,male,17,Services,Information and communication,754.0,15-24
CIV,2022,male,18,Services,Information and communication,733.0,15-24
CIV,2022,male,19,Services,Information and communication,711.0,15-24
CIV,2022,male,20,Services,Information and communication,688.0,15-24
CIV,2022,male,21,Services,Information and communication,666.0,15-24
CIV,2022,male,22,Services,Information and communication,642.0,15-24
CIV,2022,male,23,Services,Information and communication,617.0,15-24
CIV,2022,male,24,Services,Information and communication,591.0,15-24
CIV,2023,male,15,Services,Information and communication,590.0,15-24
CIV,2023,male,16,Services,Information and communication,578.0,15-24
CIV,2023,male,17,Services,Information and communication,565.0,15-24
CIV,2023,male,18,Services,Information and communication,551.0,15-24
CIV,2023,male,19,Services,Information and communication,535.0,15-24
CIV,2023,male,20,Services,Information and communication,519.0,15-24
CIV,2023,male,21,Services,Information and communication,503.0,15-24
CIV,2023,male,22,Services,Information and communication,487.0,15-24
CIV,2023,male,23,Services,Information and communication,468.0,15-24
CIV,2023,male,24,Services,Information and communication,449.0,15-24
CIV,2024,male,15,Services,Information and communication,882.0,15-24
CIV,2024,male,16,Services,Information and communication,865.0,15-24
CIV,2024,male,17,Services,Information and communication,846.0,15-24
CIV,2024,male,18,Services,Information and communication,826.0,15-24
CIV,2024,male,19,Services,Information and communication,804.0,15-24
CIV,2024,male,20,Services,Information and communication,782.0,15-24
CIV,2024,male,21,Services,Information and communication,760.0,15-24
CIV,2024,male,22,Services,Information and communication,736.0,15-24
CIV,2024,male,23,Services,Information and communication,709.0,15-24
CIV,2024,male,24,Services,Information and communication,681.0,15-24
CIV,2025,male,15,Services,Information and communication,912.0,15-24
CIV,2025,male,16,Services,Information and communication,894.0,15-24
CIV,2025,male,17,Services,Information and communication,875.0,15-24
CIV,2025,male,18,Services,Information and communication,855.0,15-24
CIV,2025,male,19,Services,Information and communication,834.0,15-24
CIV,2025,male,20,Services,Information and communication,813.0,15-24
CIV,2025,male,21,Services,Information and communication,791.0,15-24
CIV,2025,male,22,Services,Information and communication,768.0,15-24
CIV,2025,male,23,Services,Information and communication,741.0,15-24
CIV,2025,male,24,Services,Information and communication,713.0,15-24
CIV,2015,male,15,Industry,Manufacturing,8882.0,15-24
CIV,2015,male,16,Industry,Manufacturing,8687.0,15-24
CIV,2015,male,17,Industry,Manufacturing,8427.0,15-24
CIV,2015,male,18,Industry,Manufacturing,8075.0,15-24
CIV,2015,male,19,Industry,Manufacturing,7666.0,15-24
CIV,2015,male,20,Industry,Manufacturing,7261.0,15-24
CIV,2015,male,21,Industry,Manufacturing,6850.0,15-24
CIV,2015,male,22,Industry,Manufacturing,6473.0,15-24
CIV,2015,male,23,Industry,Manufacturing,6157.0,15-24
CIV,2015,male,24,Industry,Manufacturing,5886.0,15-24
CIV,2016,male,15,Industry,Manufacturing,9354.0,15-24
CIV,2016,male,16,Industry,Manufacturing,9169.0,15-24
CIV,2016,male,17,Industry,Manufacturing,8917.0,15-24
CIV,2016,male,18,Industry,Manufacturing,8564.0,15-24
CIV,2016,male,19,Industry,Manufacturing,8149.0,15-24
CIV,2016,male,20,Industry,Manufacturing,7740.0,15-24
CIV,2016,male,21,Industry,Manufacturing,7325.0,15-24
CIV,2016,male,22,Industry,Manufacturing,6940.0,15-24
CIV,2016,male,23,Industry,Manufacturing,6610.0,15-24
CIV,2016,male,24,Industry,Manufacturing,6321.0,15-24
CIV,2017,male,15,Industry,Manufacturing,11292.0,15-24
CIV,2017,male,16,Industry,Manufacturing,11080.0,15-24
CIV,2017,male,17,Industry,Manufacturing,10792.0,15-24
CIV,2017,male,18,Industry,Manufacturing,10390.0,15-24
CIV,2017,male,19,Industry,Manufacturing,9914.0,15-24
CIV,2017,male,20,Industry,Manufacturing,9448.0,15-24
CIV,2017,male,21,Industry,Manufacturing,8976.0,15-24
CIV,2017,male,22,Industry,Manufacturing,8531.0,15-24
CIV,2017,male,23,Industry,Manufacturing,8139.0,15-24
CIV,2017,male,24,Industry,Manufacturing,7787.0,15-24
CIV,2018,male,15,Industry,Manufacturing,11322.0,15-24
CIV,2018,male,16,Industry,Manufacturing,11105.0,15-24
CIV,2018,male,17,Industry,Manufacturing,10823.0,15-24
CIV,2018,male,18,Industry,Manufacturing,10441.0,15-24
CIV,2018,male,19,Industry,Manufacturing,9995.0,15-24
CIV,2018,male,20,Industry,Manufacturing,9557.0,15-24
CIV,2018,male,21,Industry,Manufacturing,9116.0,15-24
CIV,2018,male,22,Industry,Manufacturing,8694.0,15-24
CIV,2018,male,23,Industry,Manufacturing,8311.0,15-24
CIV,2018,male,24,Industry,Manufacturing,7958.0,15-24
CIV,2019,male,15,Industry,Manufacturing,11356.0,15-24
CIV,2019,male,16,Industry,Manufacturing,11120.0,15-24
CIV,2019,male,17,Industry,Manufacturing,10832.0,15-24
CIV,2019,male,18,Industry,Manufacturing,10467.0,15-24
CIV,2019,male,19,Industry,Manufacturing,10051.0,15-24
CIV,2019,male,20,Industry,Manufacturing,9642.0,15-24
CIV,2019,male,21,Industry,Manufacturing,9231.0,15-24
CIV,2019,male,22,Industry,Manufacturing,8833.0,15-24
CIV,2019,male,23,Industry,Manufacturing,8462.0,15-24
CIV,2019,male,24,Industry,Manufacturing,8114.0,15-24
CIV,2020,male,15,Industry,Manufacturing,11658.0,15-24
CIV,2020,male,16,Industry,Manufacturing,11380.0,15-24
CIV,2020,male,17,Industry,Manufacturing,11067.0,15-24
CIV,2020,male,18,Industry,Manufacturing,10703.0,15-24
CIV,2020,male,19,Industry,Manufacturing,10307.0,15-24
CIV,2020,male,20,Industry,Manufacturing,9914.0,15-24
CIV,2020,male,21,Industry,Manufacturing,9519.0,15-24
CIV,2020,male,22,Industry,Manufacturing,9136.0,15-24
CIV,2020,male,23,Industry,Manufacturing,8773.0,15-24
CIV,2020,male,24,Industry,Manufacturing,8429.0,15-24
CIV,2021,male,15,Industry,Manufacturing,11633.0,15-24
CIV,2021,male,16,Industry,Manufacturing,11374.0,15-24
CIV,2021,male,17,Industry,Manufacturing,11086.0,15-24
CIV,2021,male,18,Industry,Manufacturing,10753.0,15-24
CIV,2021,male,19,Industry,Manufacturing,10391.0,15-24
CIV,2021,male,20,Industry,Manufacturing,10031.0,15-24
CIV,2021,male,21,Industry,Manufacturing,9670.0,15-24
CIV,2021,male,22,Industry,Manufacturing,9304.0,15-24
CIV,2021,male,23,Industry,Manufacturing,8934.0,15-24
CIV,2021,male,24,Industry,Manufacturing,8565.0,15-24
CIV,2022,male,15,Industry,Manufacturing,11648.0,15-24
CIV,2022,male,16,Industry,Manufacturing,11403.0,15-24
CIV,2022,male,17,Industry,Manufacturing,11133.0,15-24
CIV,2022,male,18,Industry,Manufacturing,10825.0,15-24
CIV,2022,male,19,Industry,Manufacturing,10491.0,15-24
CIV,2022,male,20,Industry,Manufacturing,10158.0,15-24
CIV,2022,male,21,Industry,Manufacturing,9825.0,15-24
CIV,2022,male,22,Industry,Manufacturing,9475.0,15-24
CIV,2022,male,23,Industry,Manufacturing,9104.0,15-24
CIV,2022,male,24,Industry,Manufacturing,8722.0,15-24
CIV,2023,male,15,Industry,Manufacturing,7460.0,15-24
CIV,2023,male,16,Industry,Manufacturing,7309.0,15-24
CIV,2023,male,17,Industry,Manufacturing,7144.0,15-24
CIV,2023,male,18,Industry,Manufacturing,6961.0,15-24
CIV,2023,male,19,Industry,Manufacturing,6763.0,15-24
CIV,2023,male,20,Industry,Manufacturing,6564.0,15-24
CIV,2023,male,21,Industry,Manufacturing,6366.0,15-24
CIV,2023,male,22,Industry,Manufacturing,6153.0,15-24
CIV,2023,male,23,Industry,Manufacturing,5919.0,15-24
CIV,2023,male,24,Industry,Manufacturing,5674.0,15-24
CIV,2024,male,15,Industry,Manufacturing,9236.0,15-24
CIV,2024,male,16,Industry,Manufacturing,9053.0,15-24
CIV,2024,male,17,Industry,Manufacturing,8857.0,15-24
CIV,2024,male,18,Industry,Manufacturing,8644.0,15-24
CIV,2024,male,19,Industry,Manufacturing,8416.0,15-24
CIV,2024,male,20,Industry,Manufacturing,8186.0,15-24
CIV,2024,male,21,Industry,Manufacturing,7956.0,15-24
CIV,2024,male,22,Industry,Manufacturing,7705.0,15-24
CIV,2024,male,23,Industry,Manufacturing,7425.0,15-24
CIV,2024,male,24,Industry,Manufacturing,7127.0,15-24
CIV,2025,male,15,Industry,Manufacturing,9504.0,15-24
CIV,2025,male,16,Industry,Manufacturing,9318.0,15-24
CIV,2025,male,17,Industry,Manufacturing,9122.0,15-24
CIV,2025,male,18,Industry,Manufacturing,8914.0,15-24
CIV,2025,male,19,Industry,Manufacturing,8694.0,15-24
CIV,2025,male,20,Industry,Manufacturing,8471.0,15-24
CIV,2025,male,21,Industry,Manufacturing,8248.0,15-24
CIV,2025,male,22,Industry,Manufacturing,8003.0,15-24
CIV,2025,male,23,Industry,Manufacturing,7727.0,15-24
CIV,2025,male,24,Industry,Manufacturing,7433.0,15-24
CIV,2015,male,15,Industry,Mining and quarrying,418.0,15-24
CIV,2015,male,16,Industry,Mining and quarrying,409.0,15-24
CIV,2015,male,17,Industry,Mining and quarrying,397.0,15-24
CIV,2015,male,18,Industry,Mining and quarrying,380.0,15-24
CIV,2015,male,19,Industry,Mining and quarrying,361.0,15-24
CIV,2015,male,20,Industry,Mining and quarrying,342.0,15-24
CIV,2015,male,21,Industry,Mining and quarrying,322.0,15-24
CIV,2015,male,22,Industry,Mining and quarrying,305.0,15-24
CIV,2015,male,23,Industry,Mining and quarrying,290.0,15-24
CIV,2015,male,24,Industry,Mining and quarrying,277.0,15-24
CIV,2016,male,15,Industry,Mining and quarrying,330.0,15-24
CIV,2016,male,16,Industry,Mining and quarrying,324.0,15-24
CIV,2016,male,17,Industry,Mining and quarrying,315.0,15-24
CIV,2016,male,18,Industry,Mining and quarrying,302.0,15-24
CIV,2016,male,19,Industry,Mining and quarrying,288.0,15-24
CIV,2016,male,20,Industry,Mining and quarrying,273.0,15-24
CIV,2016,male,21,Industry,Mining and quarrying,259.0,15-24
CIV,2016,male,22,Industry,Mining and quarrying,245.0,15-24
CIV,2016,male,23,Industry,Mining and quarrying,233.0,15-24
CIV,2016,male,24,Industry,Mining and quarrying,223.0,15-24
CIV,2017,male,15,Industry,Mining and quarrying,733.0,15-24
CIV,2017,male,16,Industry,Mining and quarrying,720.0,15-24
CIV,2017,male,17,Industry,Mining and quarrying,701.0,15-24
CIV,2017,male,18,Industry,Mining and quarrying,675.0,15-24
CIV,2017,male,19,Industry,Mining and quarrying,644.0,15-24
CIV,2017,male,20,Industry,Mining and quarrying,613.0,15-24
CIV,2017,male,21,Industry,Mining and quarrying,583.0,15-24
CIV,2017,male,22,Industry,Mining and quarrying,554.0,15-24
CIV,2017,male,23,Industry,Mining and quarrying,529.0,15-24
CIV,2017,male,24,Industry,Mining and quarrying,506.0,15-24
CIV,2018,male,15,Industry,Mining and quarrying,828.0,15-24
CIV,2018,male,16,Industry,Mining and quarrying,812.0,15-24
CIV,2018,male,17,Industry,Mining and quarrying,792.0,15-24
CIV,2018,male,18,Industry,Mining and quarrying,764.0,15-24
CIV,2018,male,19,Industry,Mining and quarrying,731.0,15-24
CIV,2018,male,20,Industry,Mining and quarrying,699.0,15-24
CIV,2018,male,21,Industry,Mining and quarrying,667.0,15-24
CIV,2018,male,22,Industry,Mining and quarrying,636.0,15-24
CIV,2018,male,23,Industry,Mining and quarrying,608.0,15-24
CIV,2018,male,24,Industry,Mining and quarrying,582.0,15-24
CIV,2019,male,15,Industry,Mining and quarrying,914.0,15-24
CIV,2019,male,16,Industry,Mining and quarrying,895.0,15-24
CIV,2019,male,17,Industry,Mining and quarrying,872.0,15-24
CIV,2019,male,18,Industry,Mining and quarrying,842.0,15-24
CIV,2019,male,19,Industry,Mining and quarrying,809.0,15-24
CIV,2019,male,20,Industry,Mining and quarrying,776.0,15-24
CIV,2019,male,21,Industry,Mining and quarrying,743.0,15-24
CIV,2019,male,22,Industry,Mining and quarrying,711.0,15-24
CIV,2019,male,23,Industry,Mining and quarrying,681.0,15-24
CIV,2019,male,24,Industry,Mining and quarrying,653.0,15-24
CIV,2020,male,15,Industry,Mining and quarrying,1026.0,15-24
CIV,2020,male,16,Industry,Mining and quarrying,1001.0,15-24
CIV,2020,male,17,Industry,Mining and quarrying,974.0,15-24
CIV,2020,male,18,Industry,Mining and quarrying,942.0,15-24
CIV,2020,male,19,Industry,Mining and quarrying,907.0,15-24
CIV,2020,male,20,Industry,Mining and quarrying,872.0,15-24
CIV,2020,male,21,Industry,Mining and quarrying,838.0,15-24
CIV,2020,male,22,Industry,Mining and quarrying,804.0,15-24
CIV,2020,male,23,Industry,Mining and quarrying,772.0,15-24
CIV,2020,male,24,Industry,Mining and quarrying,742.0,15-24
CIV,2021,male,15,Industry,Mining and quarrying,1044.0,15-24
CIV,2021,male,16,Industry,Mining and quarrying,1021.0,15-24
CIV,2021,male,17,Industry,Mining and quarrying,995.0,15-24
CIV,2021,male,18,Industry,Mining and quarrying,965.0,15-24
CIV,2021,male,19,Industry,Mining and quarrying,932.0,15-24
CIV,2021,male,20,Industry,Mining and quarrying,900.0,15-24
CIV,2021,male,21,Industry,Mining and quarrying,868.0,15-24
CIV,2021,male,22,Industry,Mining and quarrying,835.0,15-24
CIV,2021,male,23,Industry,Mining and quarrying,802.0,15-24
CIV,2021,male,24,Industry,Mining and quarrying,769.0,15-24
CIV,2022,male,15,Industry,Mining and quarrying,1162.0,15-24
CIV,2022,male,16,Industry,Mining and quarrying,1138.0,15-24
CIV,2022,male,17,Industry,Mining and quarrying,1111.0,15-24
CIV,2022,male,18,Industry,Mining and quarrying,1080.0,15-24
CIV,2022,male,19,Industry,Mining and quarrying,1047.0,15-24
CIV,2022,male,20,Industry,Mining and quarrying,1014.0,15-24
CIV,2022,male,21,Industry,Mining and quarrying,980.0,15-24
CIV,2022,male,22,Industry,Mining and quarrying,945.0,15-24
CIV,2022,male,23,Industry,Mining and quarrying,908.0,15-24
CIV,2022,male,24,Industry,Mining and quarrying,870.0,15-24
CIV,2023,male,15,Industry,Mining and quarrying,1204.0,15-24
CIV,2023,male,16,Industry,Mining and quarrying,1179.0,15-24
CIV,2023,male,17,Industry,Mining and quarrying,1153.0,15-24
CIV,2023,male,18,Industry,Mining and quarrying,1123.0,15-24
CIV,2023,male,19,Industry,Mining and quarrying,1091.0,15-24
CIV,2023,male,20,Industry,Mining and quarrying,1059.0,15-24
CIV,2023,male,21,Industry,Mining and quarrying,1027.0,15-24
CIV,2023,male,22,Industry,Mining and quarrying,993.0,15-24
CIV,2023,male,23,Industry,Mining and quarrying,955.0,15-24
CIV,2023,male,24,Industry,Mining and quarrying,916.0,15-24
CIV,2024,male,15,Industry,Mining and quarrying,1022.0,15-24
CIV,2024,male,16,Industry,Mining and quarrying,1002.0,15-24
CIV,2024,male,17,Industry,Mining and quarrying,980.0,15-24
CIV,2024,male,18,Industry,Mining and quarrying,956.0,15-24
CIV,2024,male,19,Industry,Mining and quarrying,931.0,15-24
CIV,2024,male,20,Industry,Mining and quarrying,906.0,15-24
CIV,2024,male,21,Industry,Mining and quarrying,880.0,15-24
CIV,2024,male,22,Industry,Mining and quarrying,853.0,15-24
CIV,2024,male,23,Industry,Mining and quarrying,822.0,15-24
CIV,2024,male,24,Industry,Mining and quarrying,789.0,15-24
CIV,2025,male,15,Industry,Mining and quarrying,1047.0,15-24
CIV,2025,male,16,Industry,Mining and quarrying,1027.0,15-24
CIV,2025,male,17,Industry,Mining and quarrying,1005.0,15-24
CIV,2025,male,18,Industry,Mining and quarrying,982.0,15-24
CIV,2025,male,19,Industry,Mining and quarrying,958.0,15-24
CIV,2025,male,20,Industry,Mining and quarrying,934.0,15-24
CIV,2025,male,21,Industry,Mining and quarrying,909.0,15-24
CIV,2025,male,22,Industry,Mining and quarrying,882.0,15-24
CIV,2025,male,23,Industry,Mining and quarrying,852.0,15-24
CIV,2025,male,24,Industry,Mining and quarrying,819.0,15-24
CIV,2015,male,15,Services,Other service activities,3934.0,15-24
CIV,2015,male,16,Services,Other service activities,3847.0,15-24
CIV,2015,male,17,Services,Other service activities,3732.0,15-24
CIV,2015,male,18,Services,Other service activities,3576.0,15-24
CIV,2015,male,19,Services,Other service activities,3395.0,15-24
CIV,2015,male,20,Services,Other service activities,3216.0,15-24
CIV,2015,male,21,Services,Other service activities,3034.0,15-24
CIV,2015,male,22,Services,Other service activities,2867.0,15-24
CIV,2015,male,23,Services,Other service activities,2727.0,15-24
CIV,2015,male,24,Services,Other service activities,2607.0,15-24
CIV,2016,male,15,Services,Other service activities,3739.0,15-24
CIV,2016,male,16,Services,Other service activities,3665.0,15-24
CIV,2016,male,17,Services,Other service activities,3564.0,15-24
CIV,2016,male,18,Services,Other service activities,3423.0,15-24
CIV,2016,male,19,Services,Other service activities,3257.0,15-24
CIV,2016,male,20,Services,Other service activities,3094.0,15-24
CIV,2016,male,21,Services,Other service activities,2928.0,15-24
CIV,2016,male,22,Services,Other service activities,2774.0,15-24
CIV,2016,male,23,Services,Other service activities,2642.0,15-24
CIV,2016,male,24,Services,Other service activities,2527.0,15-24
CIV,2017,male,15,Services,Other service activities,3298.0,15-24
CIV,2017,male,16,Services,Other service activities,3236.0,15-24
CIV,2017,male,17,Services,Other service activities,3152.0,15-24
CIV,2017,male,18,Services,Other service activities,3034.0,15-24
CIV,2017,male,19,Services,Other service activities,2895.0,15-24
CIV,2017,male,20,Services,Other service activities,2759.0,15-24
CIV,2017,male,21,Services,Other service activities,2621.0,15-24
CIV,2017,male,22,Services,Other service activities,2491.0,15-24
CIV,2017,male,23,Services,Other service activities,2377.0,15-24
CIV,2017,male,24,Services,Other service activities,2274.0,15-24
CIV,2018,male,15,Services,Other service activities,3320.0,15-24
CIV,2018,male,16,Services,Other service activities,3257.0,15-24
CIV,2018,male,17,Services,Other service activities,3174.0,15-24
CIV,2018,male,18,Services,Other service activities,3062.0,15-24
CIV,2018,male,19,Services,Other service activities,2931.0,15-24
CIV,2018,male,20,Services,Other service activities,2803.0,15-24
CIV,2018,male,21,Services,Other service activities,2673.0,15-24
CIV,2018,male,22,Services,Other service activities,2550.0,15-24
CIV,2018,male,23,Services,Other service activities,2437.0,15-24
CIV,2018,male,24,Services,Other service activities,2334.0,15-24
CIV,2019,male,15,Services,Other service activities,2914.0,15-24
CIV,2019,male,16,Services,Other service activities,2853.0,15-24
CIV,2019,male,17,Services,Other service activities,2779.0,15-24
CIV,2019,male,18,Services,Other service activities,2685.0,15-24
CIV,2019,male,19,Services,Other service activities,2579.0,15-24
CIV,2019,male,20,Services,Other service activities,2474.0,15-24
CIV,2019,male,21,Services,Other service activities,2368.0,15-24
CIV,2019,male,22,Services,Other service activities,2266.0,15-24
CIV,2019,male,23,Services,Other service activities,2171.0,15-24
CIV,2019,male,24,Services,Other service activities,2082.0,15-24
CIV,2020,male,15,Services,Other service activities,3080.0,15-24
CIV,2020,male,16,Services,Other service activities,3007.0,15-24
CIV,2020,male,17,Services,Other service activities,2924.0,15-24
CIV,2020,male,18,Services,Other service activities,2828.0,15-24
CIV,2020,male,19,Services,Other service activities,2724.0,15-24
CIV,2020,male,20,Services,Other service activities,2620.0,15-24
CIV,2020,male,21,Services,Other service activities,2515.0,15-24
CIV,2020,male,22,Services,Other service activities,2414.0,15-24
CIV,2020,male,23,Services,Other service activities,2318.0,15-24
CIV,2020,male,24,Services,Other service activities,2227.0,15-24
CIV,2021,male,15,Services,Other service activities,3152.0,15-24
CIV,2021,male,16,Services,Other service activities,3082.0,15-24
CIV,2021,male,17,Services,Other service activities,3004.0,15-24
CIV,2021,male,18,Services,Other service activities,2914.0,15-24
CIV,2021,male,19,Services,Other service activities,2816.0,15-24
CIV,2021,male,20,Services,Other service activities,2718.0,15-24
CIV,2021,male,21,Services,Other service activities,2620.0,15-24
CIV,2021,male,22,Services,Other service activities,2521.0,15-24
CIV,2021,male,23,Services,Other service activities,2421.0,15-24
CIV,2021,male,24,Services,Other service activities,2321.0,15-24
CIV,2022,male,15,Services,Other service activities,3480.0,15-24
CIV,2022,male,16,Services,Other service activities,3407.0,15-24
CIV,2022,male,17,Services,Other service activities,3326.0,15-24
CIV,2022,male,18,Services,Other service activities,3234.0,15-24
CIV,2022,male,19,Services,Other service activities,3135.0,15-24
CIV,2022,male,20,Services,Other service activities,3035.0,15-24
CIV,2022,male,21,Services,Other service activities,2935.0,15-24
CIV,2022,male,22,Services,Other service activities,2831.0,15-24
CIV,2022,male,23,Services,Other service activities,2720.0,15-24
CIV,2022,male,24,Services,Other service activities,2606.0,15-24
CIV,2023,male,15,Services,Other service activities,3653.0,15-24
CIV,2023,male,16,Services,Other service activities,3579.0,15-24
CIV,2023,male,17,Services,Other service activities,3498.0,15-24
CIV,2023,male,18,Services,Other service activities,3409.0,15-24
CIV,2023,male,19,Services,Other service activities,3312.0,15-24
CIV,2023,male,20,Services,Other service activities,3214.0,15-24
CIV,2023,male,21,Services,Other service activities,3117.0,15-24
CIV,2023,male,22,Services,Other service activities,3013.0,15-24
CIV,2023,male,23,Services,Other service activities,2899.0,15-24
CIV,2023,male,24,Services,Other service activities,2778.0,15-24
CIV,2024,male,15,Services,Other service activities,3265.0,15-24
CIV,2024,male,16,Services,Other service activities,3200.0,15-24
CIV,2024,male,17,Services,Other service activities,3131.0,15-24
CIV,2024,male,18,Services,Other service activities,3055.0,15-24
CIV,2024,male,19,Services,Other service activities,2975.0,15-24
CIV,2024,male,20,Services,Other service activities,2893.0,15-24
CIV,2024,male,21,Services,Other service activities,2812.0,15-24
CIV,2024,male,22,Services,Other service activities,2724.0,15-24
CIV,2024,male,23,Services,Other service activities,2625.0,15-24
CIV,2024,male,24,Services,Other service activities,2519.0,15-24
CIV,2025,male,15,Services,Other service activities,3364.0,15-24
CIV,2025,male,16,Services,Other service activities,3298.0,15-24
CIV,2025,male,17,Services,Other service activities,3229.0,15-24
CIV,2025,male,18,Services,Other service activities,3155.0,15-24
CIV,2025,male,19,Services,Other service activities,3077.0,15-24
CIV,2025,male,20,Services,Other service activities,2998.0,15-24
CIV,2025,male,21,Services,Other service activities,2919.0,15-24
CIV,2025,male,22,Services,Other service activities,2833.0,15-24
CIV,2025,male,23,Services,Other service activities,2735.0,15-24
CIV,2025,male,24,Services,Other service activities,2631.0,15-24
CIV,2015,male,15,Services,"Professional, scientific and technical activities",674.0,15-24
CIV,2015,male,16,Services,"Professional, scientific and technical activities",659.0,15-24
CIV,2015,male,17,Services,"Professional, scientific and technical activities",639.0,15-24
CIV,2015,male,18,Services,"Professional, scientific and technical activities",613.0,15-24
CIV,2015,male,19,Services,"Professional, scientific and technical activities",582.0,15-24
CIV,2015,male,20,Services,"Professional, scientific and technical activities",551.0,15-24
CIV,2015,male,21,Services,"Professional, scientific and technical activities",520.0,15-24
CIV,2015,male,22,Services,"Professional, scientific and technical activities",491.0,15-24
CIV,2015,male,23,Services,"Professional, scientific and technical activities",467.0,15-24
CIV,2015,male,24,Services,"Professional, scientific and technical activities",447.0,15-24
CIV,2016,male,15,Services,"Professional, scientific and technical activities",592.0,15-24
CIV,2016,male,16,Services,"Professional, scientific and technical activities",581.0,15-24
CIV,2016,male,17,Services,"Professional, scientific and technical activities",565.0,15-24
CIV,2016,male,18,Services,"Professional, scientific and technical activities",542.0,15-24
CIV,2016,male,19,Services,"Professional, scientific and technical activities",516.0,15-24
CIV,2016,male,20,Services,"Professional, scientific and technical activities",490.0,15-24
CIV,2016,male,21,Services,"Professional, scientific and technical activities",464.0,15-24
CIV,2016,male,22,Services,"Professional, scientific and technical activities",440.0,15-24
CIV,2016,male,23,Services,"Professional, scientific and technical activities",419.0,15-24
CIV,2016,male,24,Services,"Professional, scientific and technical activities",400.0,15-24
CIV,2017,male,15,Services,"Professional, scientific and technical activities",396.0,15-24
CIV,2017,male,16,Services,"Professional, scientific and technical activities",389.0,15-24
CIV,2017,male,17,Services,"Professional, scientific and technical activities",379.0,15-24
CIV,2017,male,18,Services,"Professional, scientific and technical activities",365.0,15-24
CIV,2017,male,19,Services,"Professional, scientific and technical activities",348.0,15-24
CIV,2017,male,20,Services,"Professional, scientific and technical activities",332.0,15-24
CIV,2017,male,21,Services,"Professional, scientific and technical activities",315.0,15-24
CIV,2017,male,22,Services,"Professional, scientific and technical activities",299.0,15-24
CIV,2017,male,23,Services,"Professional, scientific and technical activities",286.0,15-24
CIV,2017,male,24,Services,"Professional, scientific and technical activities",273.0,15-24
CIV,2018,male,15,Services,"Professional, scientific and technical activities",460.0,15-24
CIV,2018,male,16,Services,"Professional, scientific and technical activities",451.0,15-24
CIV,2018,male,17,Services,"Professional, scientific and technical activities",440.0,15-24
CIV,2018,male,18,Services,"Professional, scientific and technical activities",424.0,15-24
CIV,2018,male,19,Services,"Professional, scientific and technical activities",406.0,15-24
CIV,2018,male,20,Services,"Professional, scientific and technical activities",388.0,15-24
CIV,2018,male,21,Services,"Professional, scientific and technical activities",370.0,15-24
CIV,2018,male,22,Services,"Professional, scientific and technical activities",353.0,15-24
CIV,2018,male,23,Services,"Professional, scientific and technical activities",338.0,15-24
CIV,2018,male,24,Services,"Professional, scientific and technical activities",323.0,15-24
CIV,2019,male,15,Services,"Professional, scientific and technical activities",420.0,15-24
CIV,2019,male,16,Services,"Professional, scientific and technical activities",411.0,15-24
CIV,2019,male,17,Services,"Professional, scientific and technical activities",401.0,15-24
CIV,2019,male,18,Services,"Professional, scientific and technical activities",387.0,15-24
CIV,2019,male,19,Services,"Professional, scientific and technical activities",372.0,15-24
CIV,2019,male,20,Services,"Professional, scientific and technical activities",357.0,15-24
CIV,2019,male,21,Services,"Professional, scientific and technical activities",341.0,15-24
CIV,2019,male,22,Services,"Professional, scientific and technical activities",327.0,15-24
CIV,2019,male,23,Services,"Professional, scientific and technical activities",313.0,15-24
CIV,2019,male,24,Services,"Professional, scientific and technical activities",300.0,15-24
CIV,2020,male,15,Services,"Professional, scientific and technical activities",343.0,15-24
CIV,2020,male,16,Services,"Professional, scientific and technical activities",335.0,15-24
CIV,2020,male,17,Services,"Professional, scientific and technical activities",326.0,15-24
CIV,2020,male,18,Services,"Professional, scientific and technical activities",315.0,15-24
CIV,2020,male,19,Services,"Professional, scientific and technical activities",304.0,15-24
CIV,2020,male,20,Services,"Professional, scientific and technical activities",292.0,15-24
CIV,2020,male,21,Services,"Professional, scientific and technical activities",280.0,15-24
CIV,2020,male,22,Services,"Professional, scientific and technical activities",269.0,15-24
CIV,2020,male,23,Services,"Professional, scientific and technical activities",258.0,15-24
CIV,2020,male,24,Services,"Professional, scientific and technical activities",248.0,15-24
CIV,2021,male,15,Services,"Professional, scientific and technical activities",277.0,15-24
CIV,2021,male,16,Services,"Professional, scientific and technical activities",271.0,15-24
CIV,2021,male,17,Services,"Professional, scientific and technical activities",264.0,15-24
CIV,2021,male,18,Services,"Professional, scientific and technical activities",256.0,15-24
CIV,2021,male,19,Services,"Professional, scientific and technical activities",248.0,15-24
CIV,2021,male,20,Services,"Professional, scientific and technical activities",239.0,15-24
CIV,2021,male,21,Services,"Professional, scientific and technical activities",230.0,15-24
CIV,2021,male,22,Services,"Professional, scientific and technical activities",222.0,15-24
CIV,2021,male,23,Services,"Professional, scientific and technical activities",213.0,15-24
CIV,2021,male,24,Services,"Professional, scientific and technical activities",204.0,15-24
CIV,2022,male,15,Services,"Professional, scientific and technical activities",119.0,15-24
CIV,2022,male,16,Services,"Professional, scientific and technical activities",116.0,15-24
CIV,2022,male,17,Services,"Professional, scientific and technical activities",113.0,15-24
CIV,2022,male,18,Services,"Professional, scientific and technical activities",110.0,15-24
CIV,2022,male,19,Services,"Professional, scientific and technical activities",107.0,15-24
CIV,2022,male,20,Services,"Professional, scientific and technical activities",103.0,15-24
CIV,2022,male,21,Services,"Professional, scientific and technical activities",100.0,15-24
CIV,2022,male,22,Services,"Professional, scientific and technical activities",96.0,15-24
CIV,2022,male,23,Services,"Professional, scientific and technical activities",93.0,15-24
CIV,2022,male,24,Services,"Professional, scientific and technical activities",89.0,15-24
CIV,2023,male,15,Services,"Professional, scientific and technical activities",222.0,15-24
CIV,2023,male,16,Services,"Professional, scientific and technical activities",217.0,15-24
CIV,2023,male,17,Services,"Professional, scientific and technical activities",212.0,15-24
CIV,2023,male,18,Services,"Professional, scientific and technical activities",207.0,15-24
CIV,2023,male,19,Services,"Professional, scientific and technical activities",201.0,15-24
CIV,2023,male,20,Services,"Professional, scientific and technical activities",195.0,15-24
CIV,2023,male,21,Services,"Professional, scientific and technical activities",189.0,15-24
CIV,2023,male,22,Services,"Professional, scientific and technical activities",183.0,15-24
CIV,2023,male,23,Services,"Professional, scientific and technical activities",176.0,15-24
CIV,2023,male,24,Services,"Professional, scientific and technical activities",168.0,15-24
CIV,2024,male,15,Services,"Professional, scientific and technical activities",345.0,15-24
CIV,2024,male,16,Services,"Professional, scientific and technical activities",338.0,15-24
CIV,2024,male,17,Services,"Professional, scientific and technical activities",331.0,15-24
CIV,2024,male,18,Services,"Professional, scientific and technical activities",323.0,15-24
CIV,2024,male,19,Services,"Professional, scientific and technical activities",314.0,15-24
CIV,2024,male,20,Services,"Professional, scientific and technical activities",306.0,15-24
CIV,2024,male,21,Services,"Professional, scientific and technical activities",297.0,15-24
CIV,2024,male,22,Services,"Professional, scientific and technical activities",288.0,15-24
CIV,2024,male,23,Services,"Professional, scientific and technical activities",277.0,15-24
CIV,2024,male,24,Services,"Professional, scientific and technical activities",266.0,15-24
CIV,2025,male,15,Services,"Professional, scientific and technical activities",359.0,15-24
CIV,2025,male,16,Services,"Professional, scientific and technical activities",352.0,15-24
CIV,2025,male,17,Services,"Professional, scientific and technical activities",344.0,15-24
CIV,2025,male,18,Services,"Professional, scientific and technical activities",337.0,15-24
CIV,2025,male,19,Services,"Professional, scientific and technical activities",328.0,15-24
CIV,2025,male,20,Services,"Professional, scientific and technical activities",320.0,15-24
CIV,2025,male,21,Services,"Professional, scientific and technical activities",311.0,15-24
CIV,2025,male,22,Services,"Professional, scientific and technical activities",302.0,15-24
CIV,2025,male,23,Services,"Professional, scientific and technical activities",292.0,15-24
CIV,2025,male,24,Services,"Professional, scientific and technical activities",281.0,15-24
CIV,2015,male,15,Services,Public administration and defence; compulsory social security,957.0,15-24
CIV,2015,male,16,Services,Public administration and defence; compulsory social security,936.0,15-24
CIV,2015,male,17,Services,Public administration and defence; compulsory social security,908.0,15-24
CIV,2015,male,18,Services,Public administration and defence; compulsory social security,870.0,15-24
CIV,2015,male,19,Services,Public administration and defence; compulsory social security,826.0,15-24
CIV,2015,male,20,Services,Public administration and defence; compulsory social security,782.0,15-24
CIV,2015,male,21,Services,Public administration and defence; compulsory social security,738.0,15-24
CIV,2015,male,22,Services,Public administration and defence; compulsory social security,697.0,15-24
CIV,2015,male,23,Services,Public administration and defence; compulsory social security,663.0,15-24
CIV,2015,male,24,Services,Public administration and defence; compulsory social security,634.0,15-24
CIV,2016,male,15,Services,Public administration and defence; compulsory social security,836.0,15-24
CIV,2016,male,16,Services,Public administration and defence; compulsory social security,820.0,15-24
CIV,2016,male,17,Services,Public administration and defence; compulsory social security,797.0,15-24
CIV,2016,male,18,Services,Public administration and defence; compulsory social security,766.0,15-24
CIV,2016,male,19,Services,Public administration and defence; compulsory social security,728.0,15-24
CIV,2016,male,20,Services,Public administration and defence; compulsory social security,692.0,15-24
CIV,2016,male,21,Services,Public administration and defence; compulsory social security,655.0,15-24
CIV,2016,male,22,Services,Public administration and defence; compulsory social security,620.0,15-24
CIV,2016,male,23,Services,Public administration and defence; compulsory social security,591.0,15-24
CIV,2016,male,24,Services,Public administration and defence; compulsory social security,565.0,15-24
CIV,2017,male,15,Services,Public administration and defence; compulsory social security,947.0,15-24
CIV,2017,male,16,Services,Public administration and defence; compulsory social security,929.0,15-24
CIV,2017,male,17,Services,Public administration and defence; compulsory social security,905.0,15-24
CIV,2017,male,18,Services,Public administration and defence; compulsory social security,872.0,15-24
CIV,2017,male,19,Services,Public administration and defence; compulsory social security,832.0,15-24
CIV,2017,male,20,Services,Public administration and defence; compulsory social security,792.0,15-24
CIV,2017,male,21,Services,Public administration and defence; compulsory social security,753.0,15-24
CIV,2017,male,22,Services,Public administration and defence; compulsory social security,716.0,15-24
CIV,2017,male,23,Services,Public administration and defence; compulsory social security,683.0,15-24
CIV,2017,male,24,Services,Public administration and defence; compulsory social security,653.0,15-24
CIV,2018,male,15,Services,Public administration and defence; compulsory social security,732.0,15-24
CIV,2018,male,16,Services,Public administration and defence; compulsory social security,718.0,15-24
CIV,2018,male,17,Services,Public administration and defence; compulsory social security,700.0,15-24
CIV,2018,male,18,Services,Public administration and defence; compulsory social security,675.0,15-24
CIV,2018,male,19,Services,Public administration and defence; compulsory social security,647.0,15-24
CIV,2018,male,20,Services,Public administration and defence; compulsory social security,618.0,15-24
CIV,2018,male,21,Services,Public administration and defence; compulsory social security,590.0,15-24
CIV,2018,male,22,Services,Public administration and defence; compulsory social security,562.0,15-24
CIV,2018,male,23,Services,Public administration and defence; compulsory social security,538.0,15-24
CIV,2018,male,24,Services,Public administration and defence; compulsory social security,515.0,15-24
CIV,2019,male,15,Services,Public administration and defence; compulsory social security,572.0,15-24
CIV,2019,male,16,Services,Public administration and defence; compulsory social security,560.0,15-24
CIV,2019,male,17,Services,Public administration and defence; compulsory social security,546.0,15-24
CIV,2019,male,18,Services,Public administration and defence; compulsory social security,527.0,15-24
CIV,2019,male,19,Services,Public administration and defence; compulsory social security,506.0,15-24
CIV,2019,male,20,Services,Public administration and defence; compulsory social security,486.0,15-24
CIV,2019,male,21,Services,Public administration and defence; compulsory social security,465.0,15-24
CIV,2019,male,22,Services,Public administration and defence; compulsory social security,445.0,15-24
CIV,2019,male,23,Services,Public administration and defence; compulsory social security,426.0,15-24
CIV,2019,male,24,Services,Public administration and defence; compulsory social security,409.0,15-24
CIV,2020,male,15,Services,Public administration and defence; compulsory social security,561.0,15-24
CIV,2020,male,16,Services,Public administration and defence; compulsory social security,547.0,15-24
CIV,2020,male,17,Services,Public administration and defence; compulsory social security,532.0,15-24
CIV,2020,male,18,Services,Public administration and defence; compulsory social security,515.0,15-24
CIV,2020,male,19,Services,Public administration and defence; compulsory social security,496.0,15-24
CIV,2020,male,20,Services,Public administration and defence; compulsory social security,477.0,15-24
CIV,2020,male,21,Services,Public administration and defence; compulsory social security,458.0,15-24
CIV,2020,male,22,Services,Public administration and defence; compulsory social security,439.0,15-24
CIV,2020,male,23,Services,Public administration and defence; compulsory social security,422.0,15-24
CIV,2020,male,24,Services,Public administration and defence; compulsory social security,405.0,15-24
CIV,2021,male,15,Services,Public administration and defence; compulsory social security,476.0,15-24
CIV,2021,male,16,Services,Public administration and defence; compulsory social security,466.0,15-24
CIV,2021,male,17,Services,Public administration and defence; compulsory social security,454.0,15-24
CIV,2021,male,18,Services,Public administration and defence; compulsory social security,440.0,15-24
CIV,2021,male,19,Services,Public administration and defence; compulsory social security,426.0,15-24
CIV,2021,male,20,Services,Public administration and defence; compulsory social security,411.0,15-24
CIV,2021,male,21,Services,Public administration and defence; compulsory social security,396.0,15-24
CIV,2021,male,22,Services,Public administration and defence; compulsory social security,381.0,15-24
CIV,2021,male,23,Services,Public administration and defence; compulsory social security,366.0,15-24
CIV,2021,male,24,Services,Public administration and defence; compulsory social security,351.0,15-24
CIV,2022,male,15,Services,Public administration and defence; compulsory social security,744.0,15-24
CIV,2022,male,16,Services,Public administration and defence; compulsory social security,729.0,15-24
CIV,2022,male,17,Services,Public administration and defence; compulsory social security,711.0,15-24
CIV,2022,male,18,Services,Public administration and defence; compulsory social security,692.0,15-24
CIV,2022,male,19,Services,Public administration and defence; compulsory social security,670.0,15-24
CIV,2022,male,20,Services,Public administration and defence; compulsory social security,649.0,15-24
CIV,2022,male,21,Services,Public administration and defence; compulsory social security,628.0,15-24
CIV,2022,male,22,Services,Public administration and defence; compulsory social security,605.0,15-24
CIV,2022,male,23,Services,Public administration and defence; compulsory social security,582.0,15-24
CIV,2022,male,24,Services,Public administration and defence; compulsory social security,557.0,15-24
CIV,2023,male,15,Services,Public administration and defence; compulsory social security,429.0,15-24
CIV,2023,male,16,Services,Public administration and defence; compulsory social security,421.0,15-24
CIV,2023,male,17,Services,Public administration and defence; compulsory social security,411.0,15-24
CIV,2023,male,18,Services,Public administration and defence; compulsory social security,401.0,15-24
CIV,2023,male,19,Services,Public administration and defence; compulsory social security,389.0,15-24
CIV,2023,male,20,Services,Public administration and defence; compulsory social security,378.0,15-24
CIV,2023,male,21,Services,Public administration and defence; compulsory social security,367.0,15-24
CIV,2023,male,22,Services,Public administration and defence; compulsory social security,354.0,15-24
CIV,2023,male,23,Services,Public administration and defence; compulsory social security,341.0,15-24
CIV,2023,male,24,Services,Public administration and defence; compulsory social security,327.0,15-24
CIV,2024,male,15,Services,Public administration and defence; compulsory social security,293.0,15-24
CIV,2024,male,16,Services,Public administration and defence; compulsory social security,287.0,15-24
CIV,2024,male,17,Services,Public administration and defence; compulsory social security,281.0,15-24
CIV,2024,male,18,Services,Public administration and defence; compulsory social security,274.0,15-24
CIV,2024,male,19,Services,Public administration and defence; compulsory social security,267.0,15-24
CIV,2024,male,20,Services,Public administration and defence; compulsory social security,259.0,15-24
CIV,2024,male,21,Services,Public administration and defence; compulsory social security,252.0,15-24
CIV,2024,male,22,Services,Public administration and defence; compulsory social security,244.0,15-24
CIV,2024,male,23,Services,Public administration and defence; compulsory social security,235.0,15-24
CIV,2024,male,24,Services,Public administration and defence; compulsory social security,226.0,15-24
CIV,2025,male,15,Services,Public administration and defence; compulsory social security,296.0,15-24
CIV,2025,male,16,Services,Public administration and defence; compulsory social security,290.0,15-24
CIV,2025,male,17,Services,Public administration and defence; compulsory social security,284.0,15-24
CIV,2025,male,18,Services,Public administration and defence; compulsory social security,278.0,15-24
CIV,2025,male,19,Services,Public administration and defence; compulsory social security,271.0,15-24
CIV,2025,male,20,Services,Public administration and defence; compulsory social security,264.0,15-24
CIV,2025,male,21,Services,Public administration and defence; compulsory social security,257.0,15-24
CIV,2025,male,22,Services,Public administration and defence; compulsory social security,249.0,15-24
CIV,2025,male,23,Services,Public administration and defence; compulsory social security,241.0,15-24
CIV,2025,male,24,Services,Public administration and defence; compulsory social security,231.0,15-24
CIV,2015,male,15,Services,Real estate activities,190.0,15-24
CIV,2015,male,16,Services,Real estate activities,186.0,15-24
CIV,2015,male,17,Services,Real estate activities,180.0,15-24
CIV,2015,male,18,Services,Real estate activities,173.0,15-24
CIV,2015,male,19,Services,Real estate activities,164.0,15-24
CIV,2015,male,20,Services,Real estate activities,155.0,15-24
CIV,2015,male,21,Services,Real estate activities,147.0,15-24
CIV,2015,male,22,Services,Real estate activities,138.0,15-24
CIV,2015,male,23,Services,Real estate activities,132.0,15-24
CIV,2015,male,24,Services,Real estate activities,126.0,15-24
CIV,2016,male,15,Services,Real estate activities,140.0,15-24
CIV,2016,male,16,Services,Real estate activities,137.0,15-24
CIV,2016,male,17,Services,Real estate activities,133.0,15-24
CIV,2016,male,18,Services,Real estate activities,128.0,15-24
CIV,2016,male,19,Services,Real estate activities,122.0,15-24
CIV,2016,male,20,Services,Real estate activities,116.0,15-24
CIV,2016,male,21,Services,Real estate activities,109.0,15-24
CIV,2016,male,22,Services,Real estate activities,104.0,15-24
CIV,2016,male,23,Services,Real estate activities,99.0,15-24
CIV,2016,male,24,Services,Real estate activities,94.0,15-24
CIV,2017,male,15,Services,Real estate activities,139.0,15-24
CIV,2017,male,16,Services,Real estate activities,136.0,15-24
CIV,2017,male,17,Services,Real estate activities,132.0,15-24
CIV,2017,male,18,Services,Real estate activities,127.0,15-24
CIV,2017,male,19,Services,Real estate activities,122.0,15-24
CIV,2017,male,20,Services,Real estate activities,116.0,15-24
CIV,2017,male,21,Services,Real estate activities,110.0,15-24
CIV,2017,male,22,Services,Real estate activities,105.0,15-24
CIV,2017,male,23,Services,Real estate activities,100.0,15-24
CIV,2017,male,24,Services,Real estate activities,96.0,15-24
CIV,2018,male,15,Services,Real estate activities,91.0,15-24
CIV,2018,male,16,Services,Real estate activities,89.0,15-24
CIV,2018,male,17,Services,Real estate activities,87.0,15-24
CIV,2018,male,18,Services,Real estate activities,84.0,15-24
CIV,2018,male,19,Services,Real estate activities,80.0,15-24
CIV,2018,male,20,Services,Real estate activities,77.0,15-24
CIV,2018,male,21,Services,Real estate activities,73.0,15-24
CIV,2018,male,22,Services,Real estate activities,70.0,15-24
CIV,2018,male,23,Services,Real estate activities,67.0,15-24
CIV,2018,male,24,Services,Real estate activities,64.0,15-24
CIV,2019,male,15,Services,Real estate activities,77.0,15-24
CIV,2019,male,16,Services,Real estate activities,76.0,15-24
CIV,2019,male,17,Services,Real estate activities,74.0,15-24
CIV,2019,male,18,Services,Real estate activities,71.0,15-24
CIV,2019,male,19,Services,Real estate activities,68.0,15-24
CIV,2019,male,20,Services,Real estate activities,66.0,15-24
CIV,2019,male,21,Services,Real estate activities,63.0,15-24
CIV,2019,male,22,Services,Real estate activities,60.0,15-24
CIV,2019,male,23,Services,Real estate activities,58.0,15-24
CIV,2019,male,24,Services,Real estate activities,55.0,15-24
CIV,2020,male,15,Services,Real estate activities,93.0,15-24
CIV,2020,male,16,Services,Real estate activities,90.0,15-24
CIV,2020,male,17,Services,Real estate activities,88.0,15-24
CIV,2020,male,18,Services,Real estate activities,85.0,15-24
CIV,2020,male,19,Services,Real estate activities,82.0,15-24
CIV,2020,male,20,Services,Real estate activities,79.0,15-24
CIV,2020,male,21,Services,Real estate activities,76.0,15-24
CIV,2020,male,22,Services,Real estate activities,73.0,15-24
CIV,2020,male,23,Services,Real estate activities,70.0,15-24
CIV,2020,male,24,Services,Real estate activities,67.0,15-24
CIV,2021,male,15,Services,Real estate activities,84.0,15-24
CIV,2021,male,16,Services,Real estate activities,82.0,15-24
CIV,2021,male,17,Services,Real estate activities,80.0,15-24
CIV,2021,male,18,Services,Real estate activities,78.0,15-24
CIV,2021,male,19,Services,Real estate activities,75.0,15-24
CIV,2021,male,20,Services,Real estate activities,73.0,15-24
CIV,2021,male,21,Services,Real estate activities,70.0,15-24
CIV,2021,male,22,Services,Real estate activities,67.0,15-24
CIV,2021,male,23,Services,Real estate activities,65.0,15-24
CIV,2021,male,24,Services,Real estate activities,62.0,15-24
CIV,2022,male,15,Services,Real estate activities,444.0,15-24
CIV,2022,male,16,Services,Real estate activities,435.0,15-24
CIV,2022,male,17,Services,Real estate activities,425.0,15-24
CIV,2022,male,18,Services,Real estate activities,413.0,15-24
CIV,2022,male,19,Services,Real estate activities,400.0,15-24
CIV,2022,male,20,Services,Real estate activities,388.0,15-24
CIV,2022,male,21,Services,Real estate activities,375.0,15-24
CIV,2022,male,22,Services,Real estate activities,362.0,15-24
CIV,2022,male,23,Services,Real estate activities,347.0,15-24
CIV,2022,male,24,Services,Real estate activities,333.0,15-24
CIV,2023,male,15,Services,Real estate activities,49.0,15-24
CIV,2023,male,16,Services,Real estate activities,48.0,15-24
CIV,2023,male,17,Services,Real estate activities,47.0,15-24
CIV,2023,male,18,Services,Real estate activities,46.0,15-24
CIV,2023,male,19,Services,Real estate activities,45.0,15-24
CIV,2023,male,20,Services,Real estate activities,43.0,15-24
CIV,2023,male,21,Services,Real estate activities,42.0,15-24
CIV,2023,male,22,Services,Real estate activities,41.0,15-24
CIV,2023,male,23,Services,Real estate activities,39.0,15-24
CIV,2023,male,24,Services,Real estate activities,37.0,15-24
CIV,2024,male,15,Services,Real estate activities,61.0,15-24
CIV,2024,male,16,Services,Real estate activities,60.0,15-24
CIV,2024,male,17,Services,Real estate activities,59.0,15-24
CIV,2024,male,18,Services,Real estate activities,57.0,15-24
CIV,2024,male,19,Services,Real estate activities,56.0,15-24
CIV,2024,male,20,Services,Real estate activities,54.0,15-24
CIV,2024,male,21,Services,Real estate activities,53.0,15-24
CIV,2024,male,22,Services,Real estate activities,51.0,15-24
CIV,2024,male,23,Services,Real estate activities,49.0,15-24
CIV,2024,male,24,Services,Real estate activities,47.0,15-24
CIV,2025,male,15,Services,Real estate activities,64.0,15-24
CIV,2025,male,16,Services,Real estate activities,62.0,15-24
CIV,2025,male,17,Services,Real estate activities,61.0,15-24
CIV,2025,male,18,Services,Real estate activities,60.0,15-24
CIV,2025,male,19,Services,Real estate activities,58.0,15-24
CIV,2025,male,20,Services,Real estate activities,57.0,15-24
CIV,2025,male,21,Services,Real estate activities,55.0,15-24
CIV,2025,male,22,Services,Real estate activities,54.0,15-24
CIV,2025,male,23,Services,Real estate activities,52.0,15-24
CIV,2025,male,24,Services,Real estate activities,50.0,15-24
CIV,2015,male,15,Services,Transportation and storage,6605.0,15-24
CIV,2015,male,16,Services,Transportation and storage,6460.0,15-24
CIV,2015,male,17,Services,Transportation and storage,6267.0,15-24
CIV,2015,male,18,Services,Transportation and storage,6005.0,15-24
CIV,2015,male,19,Services,Transportation and storage,5701.0,15-24
CIV,2015,male,20,Services,Transportation and storage,5400.0,15-24
CIV,2015,male,21,Services,Transportation and storage,5094.0,15-24
CIV,2015,male,22,Services,Transportation and storage,4814.0,15-24
CIV,2015,male,23,Services,Transportation and storage,4579.0,15-24
CIV,2015,male,24,Services,Transportation and storage,4377.0,15-24
CIV,2016,male,15,Services,Transportation and storage,6697.0,15-24
CIV,2016,male,16,Services,Transportation and storage,6565.0,15-24
CIV,2016,male,17,Services,Transportation and storage,6384.0,15-24
CIV,2016,male,18,Services,Transportation and storage,6131.0,15-24
CIV,2016,male,19,Services,Transportation and storage,5834.0,15-24
CIV,2016,male,20,Services,Transportation and storage,5541.0,15-24
CIV,2016,male,21,Services,Transportation and storage,5244.0,15-24
CIV,2016,male,22,Services,Transportation and storage,4968.0,15-24
CIV,2016,male,23,Services,Transportation and storage,4732.0,15-24
CIV,2016,male,24,Services,Transportation and storage,4525.0,15-24
CIV,2017,male,15,Services,Transportation and storage,6820.0,15-24
CIV,2017,male,16,Services,Transportation and storage,6692.0,15-24
CIV,2017,male,17,Services,Transportation and storage,6518.0,15-24
CIV,2017,male,18,Services,Transportation and storage,6275.0,15-24
CIV,2017,male,19,Services,Transportation and storage,5988.0,15-24
CIV,2017,male,20,Services,Transportation and storage,5706.0,15-24
CIV,2017,male,21,Services,Transportation and storage,5421.0,15-24
CIV,2017,male,22,Services,Transportation and storage,5152.0,15-24
CIV,2017,male,23,Services,Transportation and storage,4916.0,15-24
CIV,2017,male,24,Services,Transportation and storage,4703.0,15-24
CIV,2018,male,15,Services,Transportation and storage,6806.0,15-24
CIV,2018,male,16,Services,Transportation and storage,6676.0,15-24
CIV,2018,male,17,Services,Transportation and storage,6506.0,15-24
CIV,2018,male,18,Services,Transportation and storage,6277.0,15-24
CIV,2018,male,19,Services,Transportation and storage,6008.0,15-24
CIV,2018,male,20,Services,Transportation and storage,5745.0,15-24
CIV,2018,male,21,Services,Transportation and storage,5480.0,15-24
CIV,2018,male,22,Services,Transportation and storage,5227.0,15-24
CIV,2018,male,23,Services,Transportation and storage,4996.0,15-24
CIV,2018,male,24,Services,Transportation and storage,4784.0,15-24
CIV,2019,male,15,Services,Transportation and storage,6790.0,15-24
CIV,2019,male,16,Services,Transportation and storage,6649.0,15-24
CIV,2019,male,17,Services,Transportation and storage,6477.0,15-24
CIV,2019,male,18,Services,Transportation and storage,6258.0,15-24
CIV,2019,male,19,Services,Transportation and storage,6009.0,15-24
CIV,2019,male,20,Services,Transportation and storage,5765.0,15-24
CIV,2019,male,21,Services,Transportation and storage,5519.0,15-24
CIV,2019,male,22,Services,Transportation and storage,5281.0,15-24
CIV,2019,male,23,Services,Transportation and storage,5060.0,15-24
CIV,2019,male,24,Services,Transportation and storage,4851.0,15-24
CIV,2020,male,15,Services,Transportation and storage,6391.0,15-24
CIV,2020,male,16,Services,Transportation and storage,6239.0,15-24
CIV,2020,male,17,Services,Transportation and storage,6067.0,15-24
CIV,2020,male,18,Services,Transportation and storage,5868.0,15-24
CIV,2020,male,19,Services,Transportation and storage,5651.0,15-24
CIV,2020,male,20,Services,Transportation and storage,5435.0,15-24
CIV,2020,male,21,Services,Transportation and storage,5219.0,15-24
CIV,2020,male,22,Services,Transportation and storage,5009.0,15-24
CIV,2020,male,23,Services,Transportation and storage,4810.0,15-24
CIV,2020,male,24,Services,Transportation and storage,4621.0,15-24
CIV,2021,male,15,Services,Transportation and storage,5991.0,15-24
CIV,2021,male,16,Services,Transportation and storage,5858.0,15-24
CIV,2021,male,17,Services,Transportation and storage,5709.0,15-24
CIV,2021,male,18,Services,Transportation and storage,5538.0,15-24
CIV,2021,male,19,Services,Transportation and storage,5351.0,15-24
CIV,2021,male,20,Services,Transportation and storage,5166.0,15-24
CIV,2021,male,21,Services,Transportation and storage,4980.0,15-24
CIV,2021,male,22,Services,Transportation and storage,4792.0,15-24
CIV,2021,male,23,Services,Transportation and storage,4601.0,15-24
CIV,2021,male,24,Services,Transportation and storage,4411.0,15-24
CIV,2022,male,15,Services,Transportation and storage,5812.0,15-24
CIV,2022,male,16,Services,Transportation and storage,5689.0,15-24
CIV,2022,male,17,Services,Transportation and storage,5554.0,15-24
CIV,2022,male,18,Services,Transportation and storage,5401.0,15-24
CIV,2022,male,19,Services,Transportation and storage,5234.0,15-24
CIV,2022,male,20,Services,Transportation and storage,5068.0,15-24
CIV,2022,male,21,Services,Transportation and storage,4902.0,15-24
CIV,2022,male,22,Services,Transportation and storage,4727.0,15-24
CIV,2022,male,23,Services,Transportation and storage,4542.0,15-24
CIV,2022,male,24,Services,Transportation and storage,4352.0,15-24
CIV,2023,male,15,Services,Transportation and storage,3869.0,15-24
CIV,2023,male,16,Services,Transportation and storage,3790.0,15-24
CIV,2023,male,17,Services,Transportation and storage,3705.0,15-24
CIV,2023,male,18,Services,Transportation and storage,3610.0,15-24
CIV,2023,male,19,Services,Transportation and storage,3507.0,15-24
CIV,2023,male,20,Services,Transportation and storage,3404.0,15-24
CIV,2023,male,21,Services,Transportation and storage,3301.0,15-24
CIV,2023,male,22,Services,Transportation and storage,3191.0,15-24
CIV,2023,male,23,Services,Transportation and storage,3070.0,15-24
CIV,2023,male,24,Services,Transportation and storage,2942.0,15-24
CIV,2024,male,15,Services,Transportation and storage,4797.0,15-24
CIV,2024,male,16,Services,Transportation and storage,4702.0,15-24
CIV,2024,male,17,Services,Transportation and storage,4600.0,15-24
CIV,2024,male,18,Services,Transportation and storage,4490.0,15-24
CIV,2024,male,19,Services,Transportation and storage,4371.0,15-24
CIV,2024,male,20,Services,Transportation and storage,4252.0,15-24
CIV,2024,male,21,Services,Transportation and storage,4132.0,15-24
CIV,2024,male,22,Services,Transportation and storage,4002.0,15-24
CIV,2024,male,23,Services,Transportation and storage,3857.0,15-24
CIV,2024,male,24,Services,Transportation and storage,3702.0,15-24
CIV,2025,male,15,Services,Transportation and storage,4958.0,15-24
CIV,2025,male,16,Services,Transportation and storage,4861.0,15-24
CIV,2025,male,17,Services,Transportation and storage,4759.0,15-24
CIV,2025,male,18,Services,Transportation and storage,4650.0,15-24
CIV,2025,male,19,Services,Transportation and storage,4535.0,15-24
CIV,2025,male,20,Services,Transportation and storage,4419.0,15-24
CIV,2025,male,21,Services,Transportation and storage,4303.0,15-24
CIV,2025,male,22,Services,Transportation and storage,4175.0,15-24
CIV,2025,male,23,Services,Transportation and storage,4031.0,15-24
CIV,2025,male,24,Services,Transportation and storage,3878.0,15-24
CIV,2015,male,15,Industry,"Water supply; sewerage, waste management and remediation activities",43.0,15-24
CIV,2015,male,16,Industry,"Water supply; sewerage, waste management and remediation activities",42.0,15-24
CIV,2015,male,17,Industry,"Water supply; sewerage, waste management and remediation activities",41.0,15-24
CIV,2015,male,18,Industry,"Water supply; sewerage, waste management and remediation activities",39.0,15-24
CIV,2015,male,19,Industry,"Water supply; sewerage, waste management and remediation activities",37.0,15-24
CIV,2015,male,20,Industry,"Water supply; sewerage, waste management and remediation activities",35.0,15-24
CIV,2015,male,21,Industry,"Water supply; sewerage, waste management and remediation activities",33.0,15-24
CIV,2015,male,22,Industry,"Water supply; sewerage, waste management and remediation activities",31.0,15-24
CIV,2015,male,23,Industry,"Water supply; sewerage, waste management and remediation activities",30.0,15-24
CIV,2015,male,24,Industry,"Water supply; sewerage, waste management and remediation activities",29.0,15-24
CIV,2016,male,15,Industry,"Water supply; sewerage, waste management and remediation activities",7.0,15-24
CIV,2016,male,16,Industry,"Water supply; sewerage, waste management and remediation activities",7.0,15-24
CIV,2016,male,17,Industry,"Water supply; sewerage, waste management and remediation activities",6.0,15-24
CIV,2016,male,18,Industry,"Water supply; sewerage, waste management and remediation activities",6.0,15-24
CIV,2016,male,19,Industry,"Water supply; sewerage, waste management and remediation activities",6.0,15-24
CIV,2016,male,20,Industry,"Water supply; sewerage, waste management and remediation activities",6.0,15-24
CIV,2016,male,21,Industry,"Water supply; sewerage, waste management and remediation activities",5.0,15-24
CIV,2016,male,22,Industry,"Water supply; sewerage, waste management and remediation activities",5.0,15-24
CIV,2016,male,23,Industry,"Water supply; sewerage, waste management and remediation activities",5.0,15-24
CIV,2016,male,24,Industry,"Water supply; sewerage, waste management and remediation activities",5.0,15-24
CIV,2017,male,15,Industry,"Water supply; sewerage, waste management and remediation activities",52.0,15-24
CIV,2017,male,16,Industry,"Water supply; sewerage, waste management and remediation activities",51.0,15-24
CIV,2017,male,17,Industry,"Water supply; sewerage, waste management and remediation activities",49.0,15-24
CIV,2017,male,18,Industry,"Water supply; sewerage, waste management and remediation activities",48.0,15-24
CIV,2017,male,19,Industry,"Water supply; sewerage, waste management and remediation activities",45.0,15-24
CIV,2017,male,20,Industry,"Water supply; sewerage, waste management and remediation activities",43.0,15-24
CIV,2017,male,21,Industry,"Water supply; sewerage, waste management and remediation activities",41.0,15-24
CIV,2017,male,22,Industry,"Water supply; sewerage, waste management and remediation activities",39.0,15-24
CIV,2017,male,23,Industry,"Water supply; sewerage, waste management and remediation activities",37.0,15-24
CIV,2017,male,24,Industry,"Water supply; sewerage, waste management and remediation activities",36.0,15-24
CIV,2018,male,15,Industry,"Water supply; sewerage, waste management and remediation activities",43.0,15-24
CIV,2018,male,16,Industry,"Water supply; sewerage, waste management and remediation activities",42.0,15-24
CIV,2018,male,17,Industry,"Water supply; sewerage, waste management and remediation activities",41.0,15-24
CIV,2018,male,18,Industry,"Water supply; sewerage, waste management and remediation activities",39.0,15-24
CIV,2018,male,19,Industry,"Water supply; sewerage, waste management and remediation activities",38.0,15-24
CIV,2018,male,20,Industry,"Water supply; sewerage, waste management and remediation activities",36.0,15-24
CIV,2018,male,21,Industry,"Water supply; sewerage, waste management and remediation activities",34.0,15-24
CIV,2018,male,22,Industry,"Water supply; sewerage, waste management and remediation activities",33.0,15-24
CIV,2018,male,23,Industry,"Water supply; sewerage, waste management and remediation activities",31.0,15-24
CIV,2018,male,24,Industry,"Water supply; sewerage, waste management and remediation activities",30.0,15-24
CIV,2019,male,15,Industry,"Water supply; sewerage, waste management and remediation activities",102.0,15-24
CIV,2019,male,16,Industry,"Water supply; sewerage, waste management and remediation activities",100.0,15-24
CIV,2019,male,17,Industry,"Water supply; sewerage, waste management and remediation activities",98.0,15-24
CIV,2019,male,18,Industry,"Water supply; sewerage, waste management and remediation activities",94.0,15-24
CIV,2019,male,19,Industry,"Water supply; sewerage, waste management and remediation activities",91.0,15-24
CIV,2019,male,20,Industry,"Water supply; sewerage, waste management and remediation activities",87.0,15-24
CIV,2019,male,21,Industry,"Water supply; sewerage, waste management and remediation activities",83.0,15-24
CIV,2019,male,22,Industry,"Water supply; sewerage, waste management and remediation activities",80.0,15-24
CIV,2019,male,23,Industry,"Water supply; sewerage, waste management and remediation activities",76.0,15-24
CIV,2019,male,24,Industry,"Water supply; sewerage, waste management and remediation activities",73.0,15-24
CIV,2020,male,15,Industry,"Water supply; sewerage, waste management and remediation activities",94.0,15-24
CIV,2020,male,16,Industry,"Water supply; sewerage, waste management and remediation activities",92.0,15-24
CIV,2020,male,17,Industry,"Water supply; sewerage, waste management and remediation activities",89.0,15-24
CIV,2020,male,18,Industry,"Water supply; sewerage, waste management and remediation activities",86.0,15-24
CIV,2020,male,19,Industry,"Water supply; sewerage, waste management and remediation activities",83.0,15-24
CIV,2020,male,20,Industry,"Water supply; sewerage, waste management and remediation activities",80.0,15-24
CIV,2020,male,21,Industry,"Water supply; sewerage, waste management and remediation activities",77.0,15-24
CIV,2020,male,22,Industry,"Water supply; sewerage, waste management and remediation activities",74.0,15-24
CIV,2020,male,23,Industry,"Water supply; sewerage, waste management and remediation activities",71.0,15-24
CIV,2020,male,24,Industry,"Water supply; sewerage, waste management and remediation activities",68.0,15-24
CIV,2021,male,15,Industry,"Water supply; sewerage, waste management and remediation activities",93.0,15-24
CIV,2021,male,16,Industry,"Water supply; sewerage, waste management and remediation activities",91.0,15-24
CIV,2021,male,17,Industry,"Water supply; sewerage, waste management and remediation activities",88.0,15-24
CIV,2021,male,18,Industry,"Water supply; sewerage, waste management and remediation activities",86.0,15-24
CIV,2021,male,19,Industry,"Water supply; sewerage, waste management and remediation activities",83.0,15-24
CIV,2021,male,20,Industry,"Water supply; sewerage, waste management and remediation activities",80.0,15-24
CIV,2021,male,21,Industry,"Water supply; sewerage, waste management and remediation activities",77.0,15-24
CIV,2021,male,22,Industry,"Water supply; sewerage, waste management and remediation activities",74.0,15-24
CIV,2021,male,23,Industry,"Water supply; sewerage, waste management and remediation activities",71.0,15-24
CIV,2021,male,24,Industry,"Water supply; sewerage, waste management and remediation activities",68.0,15-24
CIV,2022,male,15,Industry,"Water supply; sewerage, waste management and remediation activities",88.0,15-24
CIV,2022,male,16,Industry,"Water supply; sewerage, waste management and remediation activities",86.0,15-24
CIV,2022,male,17,Industry,"Water supply; sewerage, waste management and remediation activities",84.0,15-24
CIV,2022,male,18,Industry,"Water supply; sewerage, waste management and remediation activities",81.0,15-24
CIV,2022,male,19,Industry,"Water supply; sewerage, waste management and remediation activities",79.0,15-24
CIV,2022,male,20,Industry,"Water supply; sewerage, waste management and remediation activities",76.0,15-24
CIV,2022,male,21,Industry,"Water supply; sewerage, waste management and remediation activities",74.0,15-24
CIV,2022,male,22,Industry,"Water supply; sewerage, waste management and remediation activities",71.0,15-24
CIV,2022,male,23,Industry,"Water supply; sewerage, waste management and remediation activities",68.0,15-24
CIV,2022,male,24,Industry,"Water supply; sewerage, waste management and remediation activities",66.0,15-24
CIV,2023,male,15,Industry,"Water supply; sewerage, waste management and remediation activities",62.0,15-24
CIV,2023,male,16,Industry,"Water supply; sewerage, waste management and remediation activities",61.0,15-24
CIV,2023,male,17,Industry,"Water supply; sewerage, waste management and remediation activities",59.0,15-24
CIV,2023,male,18,Industry,"Water supply; sewerage, waste management and remediation activities",58.0,15-24
CIV,2023,male,19,Industry,"Water supply; sewerage, waste management and remediation activities",56.0,15-24
CIV,2023,male,20,Industry,"Water supply; sewerage, waste management and remediation activities",54.0,15-24
CIV,2023,male,21,Industry,"Water supply; sewerage, waste management and remediation activities",53.0,15-24
CIV,2023,male,22,Industry,"Water supply; sewerage, waste management and remediation activities",51.0,15-24
CIV,2023,male,23,Industry,"Water supply; sewerage, waste management and remediation activities",49.0,15-24
CIV,2023,male,24,Industry,"Water supply; sewerage, waste management and remediation activities",47.0,15-24
CIV,2024,male,15,Industry,"Water supply; sewerage, waste management and remediation activities",78.0,15-24
CIV,2024,male,16,Industry,"Water supply; sewerage, waste management and remediation activities",77.0,15-24
CIV,2024,male,17,Industry,"Water supply; sewerage, waste management and remediation activities",75.0,15-24
CIV,2024,male,18,Industry,"Water supply; sewerage, waste management and remediation activities",73.0,15-24
CIV,2024,male,19,Industry,"Water supply; sewerage, waste management and remediation activities",71.0,15-24
CIV,2024,male,20,Industry,"Water supply; sewerage, waste management and remediation activities",69.0,15-24
CIV,2024,male,21,Industry,"Water supply; sewerage, waste management and remediation activities",67.0,15-24
CIV,2024,male,22,Industry,"Water supply; sewerage, waste management and remediation activities",65.0,15-24
CIV,2024,male,23,Industry,"Water supply; sewerage, waste management and remediation activities",63.0,15-24
CIV,2024,male,24,Industry,"Water supply; sewerage, waste management and remediation activities",60.0,15-24
CIV,2025,male,15,Industry,"Water supply; sewerage, waste management and remediation activities",80.0,15-24
CIV,2025,male,16,Industry,"Water supply; sewerage, waste management and remediation activities",78.0,15-24
CIV,2025,male,17,Industry,"Water supply; sewerage, waste management and remediation activities",77.0,15-24
CIV,2025,male,18,Industry,"Water supply; sewerage, waste management and remediation activities",75.0,15-24
CIV,2025,male,19,Industry,"Water supply; sewerage, waste management and remediation activities",73.0,15-24
CIV,2025,male,20,Industry,"Water supply; sewerage, waste management and remediation activities",71.0,15-24
CIV,2025,male,21,Industry,"Water supply; sewerage, waste management and remediation activities",69.0,15-24
CIV,2025,male,22,Industry,"Water supply; sewerage, waste management and remediation activities",67.0,15-24
CIV,2025,male,23,Industry,"Water supply; sewerage, waste management and remediation activities",65.0,15-24
CIV,2025,male,24,Industry,"Water supply; sewerage, waste management and remediation activities",62.0,15-24
CIV,2015,male,15,Services,Wholesale and retail trade; repair of motor vehicles and motorcycles,18137.0,15-24
CIV,2015,male,16,Services,Wholesale and retail trade; repair of motor vehicles and motorcycles,17738.0,15-24
CIV,2015,male,17,Services,Wholesale and retail trade; repair of motor vehicles and motorcycles,17207.0,15-24
CIV,2015,male,18,Services,Wholesale and retail trade; repair of motor vehicles and motorcycles,16489.0,15-24
CIV,2015,male,19,Services,Wholesale and retail trade; repair of motor vehicles and motorcycles,15652.0,15-24
CIV,2015,male,20,Services,Wholesale and retail trade; repair of motor vehicles and motorcycles,14826.0,15-24
CIV,2015,male,21,Services,Wholesale and retail trade; repair of motor vehicles and motorcycles,13987.0,15-24
CIV,2015,male,22,Services,Wholesale and retail trade; repair of motor vehicles and motorcycles,13218.0,15-24
CIV,2015,male,23,Services,Wholesale and retail trade; repair of motor vehicles and motorcycles,12572.0,15-24
CIV,2015,male,24,Services,Wholesale and retail trade; repair of motor vehicles and motorcycles,12018.0,15-24
CIV,2016,male,15,Services,Wholesale and retail trade; repair of motor vehicles and motorcycles,20708.0,15-24
CIV,2016,male,16,Services,Wholesale and retail trade; repair of motor vehicles and motorcycles,20299.0,15-24
CIV,2016,male,17,Services,Wholesale and retail trade; repair of motor vehicles and motorcycles,19740.0,15-24
CIV,2016,male,18,Services,Wholesale and retail trade; repair of motor vehicles and motorcycles,18960.0,15-24
CIV,2016,male,19,Services,Wholesale and retail trade; repair of motor vehicles and motorcycles,18040.0,15-24
CIV,2016,male,20,Services,Wholesale and retail trade; repair of motor vehicles and motorcycles,17134.0,15-24
CIV,2016,male,21,Services,Wholesale and retail trade; repair of motor vehicles and motorcycles,16216.0,15-24
CIV,2016,male,22,Services,Wholesale and retail trade; repair of motor vehicles and motorcycles,15364.0,15-24
CIV,2016,male,23,Services,Wholesale and retail trade; repair of motor vehicles and motorcycles,14633.0,15-24
CIV,2016,male,24,Services,Wholesale and retail trade; repair of motor vehicles and motorcycles,13993.0,15-24
CIV,2017,male,15,Services,Wholesale and retail trade; repair of motor vehicles and motorcycles,22167.0,15-24
CIV,2017,male,16,Services,Wholesale and retail trade; repair of motor vehicles and motorcycles,21751.0,15-24
CIV,2017,male,17,Services,Wholesale and retail trade; repair of motor vehicles and motorcycles,21185.0,15-24
CIV,2017,male,18,Services,Wholesale and retail trade; repair of motor vehicles and motorcycles,20395.0,15-24
CIV,2017,male,19,Services,Wholesale and retail trade; repair of motor vehicles and motorcycles,19462.0,15-24
CIV,2017,male,20,Services,Wholesale and retail trade; repair of motor vehicles and motorcycles,18546.0,15-24
CIV,2017,male,21,Services,Wholesale and retail trade; repair of motor vehicles and motorcycles,17619.0,15-24
CIV,2017,male,22,Services,Wholesale and retail trade; repair of motor vehicles and motorcycles,16747.0,15-24
CIV,2017,male,23,Services,Wholesale and retail trade; repair of motor vehicles and motorcycles,15978.0,15-24
CIV,2017,male,24,Services,Wholesale and retail trade; repair of motor vehicles and motorcycles,15286.0,15-24
CIV,2018,male,15,Services,Wholesale and retail trade; repair of motor vehicles and motorcycles,21767.0,15-24
CIV,2018,male,16,Services,Wholesale and retail trade; repair of motor vehicles and motorcycles,21352.0,15-24
CIV,2018,male,17,Services,Wholesale and retail trade; repair of motor vehicles and motorcycles,20809.0,15-24
CIV,2018,male,18,Services,Wholesale and retail trade; repair of motor vehicles and motorcycles,20074.0,15-24
CIV,2018,male,19,Services,Wholesale and retail trade; repair of motor vehicles and motorcycles,19217.0,15-24
CIV,2018,male,20,Services,Wholesale and retail trade; repair of motor vehicles and motorcycles,18375.0,15-24
CIV,2018,male,21,Services,Wholesale and retail trade; repair of motor vehicles and motorcycles,17527.0,15-24
CIV,2018,male,22,Services,Wholesale and retail trade; repair of motor vehicles and motorcycles,16716.0,15-24
CIV,2018,male,23,Services,Wholesale and retail trade; repair of motor vehicles and motorcycles,15980.0,15-24
CIV,2018,male,24,Services,Wholesale and retail trade; repair of motor vehicles and motorcycles,15301.0,15-24
CIV,2019,male,15,Services,Wholesale and retail trade; repair of motor vehicles and motorcycles,21212.0,15-24
CIV,2019,male,16,Services,Wholesale and retail trade; repair of motor vehicles and motorcycles,20771.0,15-24
CIV,2019,male,17,Services,Wholesale and retail trade; repair of motor vehicles and motorcycles,20234.0,15-24
CIV,2019,male,18,Services,Wholesale and retail trade; repair of motor vehicles and motorcycles,19551.0,15-24
CIV,2019,male,19,Services,Wholesale and retail trade; repair of motor vehicles and motorcycles,18774.0,15-24
CIV,2019,male,20,Services,Wholesale and retail trade; repair of motor vehicles and motorcycles,18010.0,15-24
CIV,2019,male,21,Services,Wholesale and retail trade; repair of motor vehicles and motorcycles,17242.0,15-24
CIV,2019,male,22,Services,Wholesale and retail trade; repair of motor vehicles and motorcycles,16499.0,15-24
CIV,2019,male,23,Services,Wholesale and retail trade; repair of motor vehicles and motorcycles,15807.0,15-24
CIV,2019,male,24,Services,Wholesale and retail trade; repair of motor vehicles and motorcycles,15156.0,15-24
CIV,2020,male,15,Services,Wholesale and retail trade; repair of motor vehicles and motorcycles,20470.0,15-24
CIV,2020,male,16,Services,Wholesale and retail trade; repair of motor vehicles and motorcycles,19982.0,15-24
CIV,2020,male,17,Services,Wholesale and retail trade; repair of motor vehicles and motorcycles,19432.0,15-24
CIV,2020,male,18,Services,Wholesale and retail trade; repair of motor vehicles and motorcycles,18794.0,15-24
CIV,2020,male,19,Services,Wholesale and retail trade; repair of motor vehicles and motorcycles,18098.0,15-24
CIV,2020,male,20,Services,Wholesale and retail trade; repair of motor vehicles and motorcycles,17408.0,15-24
CIV,2020,male,21,Services,Wholesale and retail trade; repair of motor vehicles and motorcycles,16715.0,15-24
CIV,2020,male,22,Services,Wholesale and retail trade; repair of motor vehicles and motorcycles,16042.0,15-24
CIV,2020,male,23,Services,Wholesale and retail trade; repair of motor vehicles and motorcycles,15405.0,15-24
CIV,2020,male,24,Services,Wholesale and retail trade; repair of motor vehicles and motorcycles,14800.0,15-24
CIV,2021,male,15,Services,Wholesale and retail trade; repair of motor vehicles and motorcycles,20326.0,15-24
CIV,2021,male,16,Services,Wholesale and retail trade; repair of motor vehicles and motorcycles,19875.0,15-24
CIV,2021,male,17,Services,Wholesale and retail trade; repair of motor vehicles and motorcycles,19371.0,15-24
CIV,2021,male,18,Services,Wholesale and retail trade; repair of motor vehicles and motorcycles,18790.0,15-24
CIV,2021,male,19,Services,Wholesale and retail trade; repair of motor vehicles and motorcycles,18157.0,15-24
CIV,2021,male,20,Services,Wholesale and retail trade; repair of motor vehicles and motorcycles,17527.0,15-24
CIV,2021,male,21,Services,Wholesale and retail trade; repair of motor vehicles and motorcycles,16897.0,15-24
CIV,2021,male,22,Services,Wholesale and retail trade; repair of motor vehicles and motorcycles,16257.0,15-24
CIV,2021,male,23,Services,Wholesale and retail trade; repair of motor vehicles and motorcycles,15610.0,15-24
CIV,2021,male,24,Services,Wholesale and retail trade; repair of motor vehicles and motorcycles,14965.0,15-24
CIV,2022,male,15,Services,Wholesale and retail trade; repair of motor vehicles and motorcycles,21151.0,15-24
CIV,2022,male,16,Services,Wholesale and retail trade; repair of motor vehicles and motorcycles,20706.0,15-24
CIV,2022,male,17,Services,Wholesale and retail trade; repair of motor vehicles and motorcycles,20215.0,15-24
CIV,2022,male,18,Services,Wholesale and retail trade; repair of motor vehicles and motorcycles,19657.0,15-24
CIV,2022,male,19,Services,Wholesale and retail trade; repair of motor vehicles and motorcycles,19050.0,15-24
CIV,2022,male,20,Services,Wholesale and retail trade; repair of motor vehicles and motorcycles,18445.0,15-24
CIV,2022,male,21,Services,Wholesale and retail trade; repair of motor vehicles and motorcycles,17840.0,15-24
CIV,2022,male,22,Services,Wholesale and retail trade; repair of motor vehicles and motorcycles,17205.0,15-24
CIV,2022,male,23,Services,Wholesale and retail trade; repair of motor vehicles and motorcycles,16531.0,15-24
CIV,2022,male,24,Services,Wholesale and retail trade; repair of motor vehicles and motorcycles,15838.0,15-24
CIV,2023,male,15,Services,Wholesale and retail trade; repair of motor vehicles and motorcycles,12431.0,15-24
CIV,2023,male,16,Services,Wholesale and retail trade; repair of motor vehicles and motorcycles,12179.0,15-24
CIV,2023,male,17,Services,Wholesale and retail trade; repair of motor vehicles and motorcycles,11905.0,15-24
CIV,2023,male,18,Services,Wholesale and retail trade; repair of motor vehicles and motorcycles,11599.0,15-24
CIV,2023,male,19,Services,Wholesale and retail trade; repair of motor vehicles and motorcycles,11269.0,15-24
CIV,2023,male,20,Services,Wholesale and retail trade; repair of motor vehicles and motorcycles,10938.0,15-24
CIV,2023,male,21,Services,Wholesale and retail trade; repair of motor vehicles and motorcycles,10608.0,15-24
CIV,2023,male,22,Services,Wholesale and retail trade; repair of motor vehicles and motorcycles,10253.0,15-24
CIV,2023,male,23,Services,Wholesale and retail trade; repair of motor vehicles and motorcycles,9864.0,15-24
CIV,2023,male,24,Services,Wholesale and retail trade; repair of motor vehicles and motorcycles,9455.0,15-24
CIV,2024,male,15,Services,Wholesale and retail trade; repair of motor vehicles and motorcycles,12207.0,15-24
CIV,2024,male,16,Services,Wholesale and retail trade; repair of motor vehicles and motorcycles,11966.0,15-24
CIV,2024,male,17,Services,Wholesale and retail trade; repair of motor vehicles and motorcycles,11707.0,15-24
CIV,2024,male,18,Services,Wholesale and retail trade; repair of motor vehicles and motorcycles,11425.0,15-24
CIV,2024,male,19,Services,Wholesale and retail trade; repair of motor vehicles and motorcycles,11123.0,15-24
CIV,2024,male,20,Services,Wholesale and retail trade; repair of motor vehicles and motorcycles,10819.0,15-24
CIV,2024,male,21,Services,Wholesale and retail trade; repair of motor vehicles and motorcycles,10516.0,15-24
CIV,2024,male,22,Services,Wholesale and retail trade; repair of motor vehicles and motorcycles,10184.0,15-24
CIV,2024,male,23,Services,Wholesale and retail trade; repair of motor vehicles and motorcycles,9814.0,15-24
CIV,2024,male,24,Services,Wholesale and retail trade; repair of motor vehicles and motorcycles,9421.0,15-24
CIV,2025,male,15,Services,Wholesale and retail trade; repair of motor vehicles and motorcycles,12550.0,15-24
CIV,2025,male,16,Services,Wholesale and retail trade; repair of motor vehicles and motorcycles,12304.0,15-24
CIV,2025,male,17,Services,Wholesale and retail trade; repair of motor vehicles and motorcycles,12046.0,15-24
CIV,2025,male,18,Services,Wholesale and retail trade; repair of motor vehicles and motorcycles,11771.0,15-24
CIV,2025,male,19,Services,Wholesale and retail trade; repair of motor vehicles and motorcycles,11480.0,15-24
CIV,2025,male,20,Services,Wholesale and retail trade; repair of motor vehicles and motorcycles,11186.0,15-24
CIV,2025,male,21,Services,Wholesale and retail trade; repair of motor vehicles and motorcycles,10891.0,15-24
CIV,2025,male,22,Services,Wholesale and retail trade; repair of motor vehicles and motorcycles,10568.0,15-24
CIV,2025,male,23,Services,Wholesale and retail trade; repair of motor vehicles and motorcycles,10204.0,15-24
CIV,2025,male,24,Services,Wholesale and retail trade; repair of motor vehicles and motorcycles,9815.0,15-24
CIV,2015,male,25,Services,Accommodation and food service activities,3078.0,25-35
CIV,2015,male,26,Services,Accommodation and food service activities,2936.0,25-35
CIV,2015,male,27,Services,Accommodation and food service activities,2807.0,25-35
CIV,2015,male,28,Services,Accommodation and food service activities,2692.0,25-35
CIV,2015,male,29,Services,Accommodation and food service activities,2590.0,25-35
CIV,2015,male,30,Services,Accommodation and food service activities,2495.0,25-35
CIV,2015,male,31,Services,Accommodation and food service activities,2404.0,25-35
CIV,2015,male,32,Services,Accommodation and food service activities,2340.0,25-35
CIV,2015,male,33,Services,Accommodation and food service activities,2313.0,25-35
CIV,2015,male,34,Services,Accommodation and food service activities,2308.0,25-35
CIV,2015,male,35,Services,Accommodation and food service activities,2305.0,25-35
CIV,2016,male,25,Services,Accommodation and food service activities,3607.0,25-35
CIV,2016,male,26,Services,Accommodation and food service activities,3441.0,25-35
CIV,2016,male,27,Services,Accommodation and food service activities,3289.0,25-35
CIV,2016,male,28,Services,Accommodation and food service activities,3151.0,25-35
CIV,2016,male,29,Services,Accommodation and food service activities,3028.0,25-35
CIV,2016,male,30,Services,Accommodation and food service activities,2913.0,25-35
CIV,2016,male,31,Services,Accommodation and food service activities,2801.0,25-35
CIV,2016,male,32,Services,Accommodation and food service activities,2722.0,25-35
CIV,2016,male,33,Services,Accommodation and food service activities,2686.0,25-35
CIV,2016,male,34,Services,Accommodation and food service activities,2678.0,25-35
CIV,2016,male,35,Services,Accommodation and food service activities,2671.0,25-35
CIV,2017,male,25,Services,Accommodation and food service activities,2840.0,25-35
CIV,2017,male,26,Services,Accommodation and food service activities,2710.0,25-35
CIV,2017,male,27,Services,Accommodation and food service activities,2590.0,25-35
CIV,2017,male,28,Services,Accommodation and food service activities,2481.0,25-35
CIV,2017,male,29,Services,Accommodation and food service activities,2383.0,25-35
CIV,2017,male,30,Services,Accommodation and food service activities,2290.0,25-35
CIV,2017,male,31,Services,Accommodation and food service activities,2199.0,25-35
CIV,2017,male,32,Services,Accommodation and food service activities,2133.0,25-35
CIV,2017,male,33,Services,Accommodation and food service activities,2101.0,25-35
CIV,2017,male,34,Services,Accommodation and food service activities,2091.0,25-35
CIV,2017,male,35,Services,Accommodation and food service activities,2081.0,25-35
CIV,2018,male,25,Services,Accommodation and food service activities,2498.0,25-35
CIV,2018,male,26,Services,Accommodation and food service activities,2387.0,25-35
CIV,2018,male,27,Services,Accommodation and food service activities,2282.0,25-35
CIV,2018,male,28,Services,Accommodation and food service activities,2186.0,25-35
CIV,2018,male,29,Services,Accommodation and food service activities,2099.0,25-35
CIV,2018,male,30,Services,Accommodation and food service activities,2016.0,25-35
CIV,2018,male,31,Services,Accommodation and food service activities,1935.0,25-35
CIV,2018,male,32,Services,Accommodation and food service activities,1875.0,25-35
CIV,2018,male,33,Services,Accommodation and food service activities,1843.0,25-35
CIV,2018,male,34,Services,Accommodation and food service activities,1829.0,25-35
CIV,2018,male,35,Services,Accommodation and food service activities,1815.0,25-35
CIV,2019,male,25,Services,Accommodation and food service activities,2218.0,25-35
CIV,2019,male,26,Services,Accommodation and food service activities,2123.0,25-35
CIV,2019,male,27,Services,Accommodation and food service activities,2033.0,25-35
CIV,2019,male,28,Services,Accommodation and food service activities,1948.0,25-35
CIV,2019,male,29,Services,Accommodation and food service activities,1871.0,25-35
CIV,2019,male,30,Services,Accommodation and food service activities,1796.0,25-35
CIV,2019,male,31,Services,Accommodation and food service activities,1723.0,25-35
CIV,2019,male,32,Services,Accommodation and food service activities,1668.0,25-35
CIV,2019,male,33,Services,Accommodation and food service activities,1636.0,25-35
CIV,2019,male,34,Services,Accommodation and food service activities,1620.0,25-35
CIV,2019,male,35,Services,Accommodation and food service activities,1604.0,25-35
CIV,2020,male,25,Services,Accommodation and food service activities,2210.0,25-35
CIV,2020,male,26,Services,Accommodation and food service activities,2121.0,25-35
CIV,2020,male,27,Services,Accommodation and food service activities,2035.0,25-35
CIV,2020,male,28,Services,Accommodation and food service activities,1952.0,25-35
CIV,2020,male,29,Services,Accommodation and food service activities,1874.0,25-35
CIV,2020,male,30,Services,Accommodation and food service activities,1800.0,25-35
CIV,2020,male,31,Services,Accommodation and food service activities,1726.0,25-35
CIV,2020,male,32,Services,Accommodation and food service activities,1669.0,25-35
CIV,2020,male,33,Services,Accommodation and food service activities,1635.0,25-35
CIV,2020,male,34,Services,Accommodation and food service activities,1616.0,25-35
CIV,2020,male,35,Services,Accommodation and food service activities,1597.0,25-35
CIV,2021,male,25,Services,Accommodation and food service activities,2430.0,25-35
CIV,2021,male,26,Services,Accommodation and food service activities,2324.0,25-35
CIV,2021,male,27,Services,Accommodation and food service activities,2224.0,25-35
CIV,2021,male,28,Services,Accommodation and food service activities,2134.0,25-35
CIV,2021,male,29,Services,Accommodation and food service activities,2051.0,25-35
CIV,2021,male,30,Services,Accommodation and food service activities,1971.0,25-35
CIV,2021,male,31,Services,Accommodation and food service activities,1894.0,25-35
CIV,2021,male,32,Services,Accommodation and food service activities,1829.0,25-35
CIV,2021,male,33,Services,Accommodation and food service activities,1779.0,25-35
CIV,2021,male,34,Services,Accommodation and food service activities,1739.0,25-35
CIV,2021,male,35,Services,Accommodation and food service activities,1701.0,25-35
CIV,2022,male,25,Services,Accommodation and food service activities,2853.0,25-35
CIV,2022,male,26,Services,Accommodation and food service activities,2725.0,25-35
CIV,2022,male,27,Services,Accommodation and food service activities,2606.0,25-35
CIV,2022,male,28,Services,Accommodation and food service activities,2499.0,25-35
CIV,2022,male,29,Services,Accommodation and food service activities,2404.0,25-35
CIV,2022,male,30,Services,Accommodation and food service activities,2311.0,25-35
CIV,2022,male,31,Services,Accommodation and food service activities,2222.0,25-35
CIV,2022,male,32,Services,Accommodation and food service activities,2142.0,25-35
CIV,2022,male,33,Services,Accommodation and food service activities,2072.0,25-35
CIV,2022,male,34,Services,Accommodation and food service activities,2010.0,25-35
CIV,2022,male,35,Services,Accommodation and food service activities,1951.0,25-35
CIV,2023,male,25,Services,Accommodation and food service activities,3281.0,25-35
CIV,2023,male,26,Services,Accommodation and food service activities,3135.0,25-35
CIV,2023,male,27,Services,Accommodation and food service activities,2998.0,25-35
CIV,2023,male,28,Services,Accommodation and food service activities,2876.0,25-35
CIV,2023,male,29,Services,Accommodation and food service activities,2766.0,25-35
CIV,2023,male,30,Services,Accommodation and food service activities,2658.0,25-35
CIV,2023,male,31,Services,Accommodation and food service activities,2556.0,25-35
CIV,2023,male,32,Services,Accommodation and food service activities,2459.0,25-35
CIV,2023,male,33,Services,Accommodation and food service activities,2369.0,25-35
CIV,2023,male,34,Services,Accommodation and food service activities,2286.0,25-35
CIV,2023,male,35,Services,Accommodation and food service activities,2206.0,25-35
CIV,2024,male,25,Services,Accommodation and food service activities,3426.0,25-35
CIV,2024,male,26,Services,Accommodation and food service activities,3278.0,25-35
CIV,2024,male,27,Services,Accommodation and food service activities,3138.0,25-35
CIV,2024,male,28,Services,Accommodation and food service activities,3011.0,25-35
CIV,2024,male,29,Services,Accommodation and food service activities,2895.0,25-35
CIV,2024,male,30,Services,Accommodation and food service activities,2781.0,25-35
CIV,2024,male,31,Services,Accommodation and food service activities,2672.0,25-35
CIV,2024,male,32,Services,Accommodation and food service activities,2567.0,25-35
CIV,2024,male,33,Services,Accommodation and food service activities,2466.0,25-35
CIV,2024,male,34,Services,Accommodation and food service activities,2371.0,25-35
CIV,2024,male,35,Services,Accommodation and food service activities,2280.0,25-35
CIV,2025,male,25,Services,Accommodation and food service activities,3695.0,25-35
CIV,2025,male,26,Services,Accommodation and food service activities,3543.0,25-35
CIV,2025,male,27,Services,Accommodation and food service activities,3397.0,25-35
CIV,2025,male,28,Services,Accommodation and food service activities,3261.0,25-35
CIV,2025,male,29,Services,Accommodation and food service activities,3133.0,25-35
CIV,2025,male,30,Services,Accommodation and food service activities,3008.0,25-35
CIV,2025,male,31,Services,Accommodation and food service activities,2887.0,25-35
CIV,2025,male,32,Services,Accommodation and food service activities,2770.0,25-35
CIV,2025,male,33,Services,Accommodation and food service activities,2657.0,25-35
CIV,2025,male,34,Services,Accommodation and food service activities,2549.0,25-35
CIV,2025,male,35,Services,Accommodation and food service activities,2446.0,25-35
CIV,2015,male,25,Services,Activities of extraterritorial organizations and bodies,135.0,25-35
CIV,2015,male,26,Services,Activities of extraterritorial organizations and bodies,129.0,25-35
CIV,2015,male,27,Services,Activities of extraterritorial organizations and bodies,123.0,25-35
CIV,2015,male,28,Services,Activities of extraterritorial organizations and bodies,118.0,25-35
CIV,2015,male,29,Services,Activities of extraterritorial organizations and bodies,114.0,25-35
CIV,2015,male,30,Services,Activities of extraterritorial organizations and bodies,110.0,25-35
CIV,2015,male,31,Services,Activities of extraterritorial organizations and bodies,106.0,25-35
CIV,2015,male,32,Services,Activities of extraterritorial organizations and bodies,103.0,25-35
CIV,2015,male,33,Services,Activities of extraterritorial organizations and bodies,102.0,25-35
CIV,2015,male,34,Services,Activities of extraterritorial organizations and bodies,101.0,25-35
CIV,2015,male,35,Services,Activities of extraterritorial organizations and bodies,101.0,25-35
CIV,2016,male,25,Services,Activities of extraterritorial organizations and bodies,123.0,25-35
CIV,2016,male,26,Services,Activities of extraterritorial organizations and bodies,117.0,25-35
CIV,2016,male,27,Services,Activities of extraterritorial organizations and bodies,112.0,25-35
CIV,2016,male,28,Services,Activities of extraterritorial organizations and bodies,107.0,25-35
CIV,2016,male,29,Services,Activities of extraterritorial organizations and bodies,103.0,25-35
CIV,2016,male,30,Services,Activities of extraterritorial organizations and bodies,99.0,25-35
CIV,2016,male,31,Services,Activities of extraterritorial organizations and bodies,95.0,25-35
CIV,2016,male,32,Services,Activities of extraterritorial organizations and bodies,93.0,25-35
CIV,2016,male,33,Services,Activities of extraterritorial organizations and bodies,91.0,25-35
CIV,2016,male,34,Services,Activities of extraterritorial organizations and bodies,91.0,25-35
CIV,2016,male,35,Services,Activities of extraterritorial organizations and bodies,91.0,25-35
CIV,2017,male,25,Services,Activities of extraterritorial organizations and bodies,123.0,25-35
CIV,2017,male,26,Services,Activities of extraterritorial organizations and bodies,118.0,25-35
CIV,2017,male,27,Services,Activities of extraterritorial organizations and bodies,112.0,25-35
CIV,2017,male,28,Services,Activities of extraterritorial organizations and bodies,108.0,25-35
CIV,2017,male,29,Services,Activities of extraterritorial organizations and bodies,103.0,25-35
CIV,2017,male,30,Services,Activities of extraterritorial organizations and bodies,99.0,25-35
CIV,2017,male,31,Services,Activities of extraterritorial organizations and bodies,95.0,25-35
CIV,2017,male,32,Services,Activities of extraterritorial organizations and bodies,93.0,25-35
CIV,2017,male,33,Services,Activities of extraterritorial organizations and bodies,91.0,25-35
CIV,2017,male,34,Services,Activities of extraterritorial organizations and bodies,91.0,25-35
CIV,2017,male,35,Services,Activities of extraterritorial organizations and bodies,90.0,25-35
CIV,2018,male,25,Services,Activities of extraterritorial organizations and bodies,139.0,25-35
CIV,2018,male,26,Services,Activities of extraterritorial organizations and bodies,133.0,25-35
CIV,2018,male,27,Services,Activities of extraterritorial organizations and bodies,127.0,25-35
CIV,2018,male,28,Services,Activities of extraterritorial organizations and bodies,121.0,25-35
CIV,2018,male,29,Services,Activities of extraterritorial organizations and bodies,117.0,25-35
CIV,2018,male,30,Services,Activities of extraterritorial organizations and bodies,112.0,25-35
CIV,2018,male,31,Services,Activities of extraterritorial organizations and bodies,108.0,25-35
CIV,2018,male,32,Services,Activities of extraterritorial organizations and bodies,104.0,25-35
CIV,2018,male,33,Services,Activities of extraterritorial organizations and bodies,102.0,25-35
CIV,2018,male,34,Services,Activities of extraterritorial organizations and bodies,102.0,25-35
CIV,2018,male,35,Services,Activities of extraterritorial organizations and bodies,101.0,25-35
CIV,2019,male,25,Services,Activities of extraterritorial organizations and bodies,153.0,25-35
CIV,2019,male,26,Services,Activities of extraterritorial organizations and bodies,146.0,25-35
CIV,2019,male,27,Services,Activities of extraterritorial organizations and bodies,140.0,25-35
CIV,2019,male,28,Services,Activities of extraterritorial organizations and bodies,134.0,25-35
CIV,2019,male,29,Services,Activities of extraterritorial organizations and bodies,129.0,25-35
CIV,2019,male,30,Services,Activities of extraterritorial organizations and bodies,124.0,25-35
CIV,2019,male,31,Services,Activities of extraterritorial organizations and bodies,119.0,25-35
CIV,2019,male,32,Services,Activities of extraterritorial organizations and bodies,115.0,25-35
CIV,2019,male,33,Services,Activities of extraterritorial organizations and bodies,113.0,25-35
CIV,2019,male,34,Services,Activities of extraterritorial organizations and bodies,111.0,25-35
CIV,2019,male,35,Services,Activities of extraterritorial organizations and bodies,110.0,25-35
CIV,2020,male,25,Services,Activities of extraterritorial organizations and bodies,159.0,25-35
CIV,2020,male,26,Services,Activities of extraterritorial organizations and bodies,152.0,25-35
CIV,2020,male,27,Services,Activities of extraterritorial organizations and bodies,146.0,25-35
CIV,2020,male,28,Services,Activities of extraterritorial organizations and bodies,140.0,25-35
CIV,2020,male,29,Services,Activities of extraterritorial organizations and bodies,134.0,25-35
CIV,2020,male,30,Services,Activities of extraterritorial organizations and bodies,129.0,25-35
CIV,2020,male,31,Services,Activities of extraterritorial organizations and bodies,124.0,25-35
CIV,2020,male,32,Services,Activities of extraterritorial organizations and bodies,120.0,25-35
CIV,2020,male,33,Services,Activities of extraterritorial organizations and bodies,117.0,25-35
CIV,2020,male,34,Services,Activities of extraterritorial organizations and bodies,116.0,25-35
CIV,2020,male,35,Services,Activities of extraterritorial organizations and bodies,115.0,25-35
CIV,2021,male,25,Services,Activities of extraterritorial organizations and bodies,185.0,25-35
CIV,2021,male,26,Services,Activities of extraterritorial organizations and bodies,177.0,25-35
CIV,2021,male,27,Services,Activities of extraterritorial organizations and bodies,170.0,25-35
CIV,2021,male,28,Services,Activities of extraterritorial organizations and bodies,163.0,25-35
CIV,2021,male,29,Services,Activities of extraterritorial organizations and bodies,156.0,25-35
CIV,2021,male,30,Services,Activities of extraterritorial organizations and bodies,150.0,25-35
CIV,2021,male,31,Services,Activities of extraterritorial organizations and bodies,145.0,25-35
CIV,2021,male,32,Services,Activities of extraterritorial organizations and bodies,140.0,25-35
CIV,2021,male,33,Services,Activities of extraterritorial organizations and bodies,136.0,25-35
CIV,2021,male,34,Services,Activities of extraterritorial organizations and bodies,133.0,25-35
CIV,2021,male,35,Services,Activities of extraterritorial organizations and bodies,130.0,25-35
CIV,2022,male,25,Services,Activities of extraterritorial organizations and bodies,221.0,25-35
CIV,2022,male,26,Services,Activities of extraterritorial organizations and bodies,211.0,25-35
CIV,2022,male,27,Services,Activities of extraterritorial organizations and bodies,202.0,25-35
CIV,2022,male,28,Services,Activities of extraterritorial organizations and bodies,194.0,25-35
CIV,2022,male,29,Services,Activities of extraterritorial organizations and bodies,186.0,25-35
CIV,2022,male,30,Services,Activities of extraterritorial organizations and bodies,179.0,25-35
CIV,2022,male,31,Services,Activities of extraterritorial organizations and bodies,172.0,25-35
CIV,2022,male,32,Services,Activities of extraterritorial organizations and bodies,166.0,25-35
CIV,2022,male,33,Services,Activities of extraterritorial organizations and bodies,161.0,25-35
CIV,2022,male,34,Services,Activities of extraterritorial organizations and bodies,156.0,25-35
CIV,2022,male,35,Services,Activities of extraterritorial organizations and bodies,151.0,25-35
CIV,2023,male,25,Services,Activities of extraterritorial organizations and bodies,248.0,25-35
CIV,2023,male,26,Services,Activities of extraterritorial organizations and bodies,237.0,25-35
CIV,2023,male,27,Services,Activities of extraterritorial organizations and bodies,227.0,25-35
CIV,2023,male,28,Services,Activities of extraterritorial organizations and bodies,218.0,25-35
CIV,2023,male,29,Services,Activities of extraterritorial organizations and bodies,209.0,25-35
CIV,2023,male,30,Services,Activities of extraterritorial organizations and bodies,201.0,25-35
CIV,2023,male,31,Services,Activities of extraterritorial organizations and bodies,194.0,25-35
CIV,2023,male,32,Services,Activities of extraterritorial organizations and bodies,186.0,25-35
CIV,2023,male,33,Services,Activities of extraterritorial organizations and bodies,179.0,25-35
CIV,2023,male,34,Services,Activities of extraterritorial organizations and bodies,173.0,25-35
CIV,2023,male,35,Services,Activities of extraterritorial organizations and bodies,167.0,25-35
CIV,2024,male,25,Services,Activities of extraterritorial organizations and bodies,267.0,25-35
CIV,2024,male,26,Services,Activities of extraterritorial organizations and bodies,255.0,25-35
CIV,2024,male,27,Services,Activities of extraterritorial organizations and bodies,245.0,25-35
CIV,2024,male,28,Services,Activities of extraterritorial organizations and bodies,235.0,25-35
CIV,2024,male,29,Services,Activities of extraterritorial organizations and bodies,226.0,25-35
CIV,2024,male,30,Services,Activities of extraterritorial organizations and bodies,217.0,25-35
CIV,2024,male,31,Services,Activities of extraterritorial organizations and bodies,208.0,25-35
CIV,2024,male,32,Services,Activities of extraterritorial organizations and bodies,200.0,25-35
CIV,2024,male,33,Services,Activities of extraterritorial organizations and bodies,192.0,25-35
CIV,2024,male,34,Services,Activities of extraterritorial organizations and bodies,185.0,25-35
CIV,2024,male,35,Services,Activities of extraterritorial organizations and bodies,178.0,25-35
CIV,2025,male,25,Services,Activities of extraterritorial organizations and bodies,281.0,25-35
CIV,2025,male,26,Services,Activities of extraterritorial organizations and bodies,269.0,25-35
CIV,2025,male,27,Services,Activities of extraterritorial organizations and bodies,258.0,25-35
CIV,2025,male,28,Services,Activities of extraterritorial organizations and bodies,248.0,25-35
CIV,2025,male,29,Services,Activities of extraterritorial organizations and bodies,238.0,25-35
CIV,2025,male,30,Services,Activities of extraterritorial organizations and bodies,228.0,25-35
CIV,2025,male,31,Services,Activities of extraterritorial organizations and bodies,219.0,25-35
CIV,2025,male,32,Services,Activities of extraterritorial organizations and bodies,210.0,25-35
CIV,2025,male,33,Services,Activities of extraterritorial organizations and bodies,202.0,25-35
CIV,2025,male,34,Services,Activities of extraterritorial organizations and bodies,194.0,25-35
CIV,2025,male,35,Services,Activities of extraterritorial organizations and bodies,186.0,25-35
CIV,2015,male,25,Services,Activities of households as employers; undifferentiated goods- and services-producing activities of households for own use,419.0,25-35
CIV,2015,male,26,Services,Activities of households as employers; undifferentiated goods- and services-producing activities of households for own use,400.0,25-35
CIV,2015,male,27,Services,Activities of households as employers; undifferentiated goods- and services-producing activities of households for own use,382.0,25-35
CIV,2015,male,28,Services,Activities of households as employers; undifferentiated goods- and services-producing activities of households for own use,367.0,25-35
CIV,2015,male,29,Services,Activities of households as employers; undifferentiated goods- and services-producing activities of households for own use,353.0,25-35
CIV,2015,male,30,Services,Activities of households as employers; undifferentiated goods- and services-producing activities of households for own use,340.0,25-35
CIV,2015,male,31,Services,Activities of households as employers; undifferentiated goods- and services-producing activities of households for own use,328.0,25-35
CIV,2015,male,32,Services,Activities of households as employers; undifferentiated goods- and services-producing activities of households for own use,319.0,25-35
CIV,2015,male,33,Services,Activities of households as employers; undifferentiated goods- and services-producing activities of households for own use,315.0,25-35
CIV,2015,male,34,Services,Activities of households as employers; undifferentiated goods- and services-producing activities of households for own use,314.0,25-35
CIV,2015,male,35,Services,Activities of households as employers; undifferentiated goods- and services-producing activities of households for own use,314.0,25-35
CIV,2016,male,25,Services,Activities of households as employers; undifferentiated goods- and services-producing activities of households for own use,370.0,25-35
CIV,2016,male,26,Services,Activities of households as employers; undifferentiated goods- and services-producing activities of households for own use,353.0,25-35
CIV,2016,male,27,Services,Activities of households as employers; undifferentiated goods- and services-producing activities of households for own use,337.0,25-35
CIV,2016,male,28,Services,Activities of households as employers; undifferentiated goods- and services-producing activities of households for own use,323.0,25-35
CIV,2016,male,29,Services,Activities of households as employers; undifferentiated goods- and services-producing activities of households for own use,310.0,25-35
CIV,2016,male,30,Services,Activities of households as employers; undifferentiated goods- and services-producing activities of households for own use,299.0,25-35
CIV,2016,male,31,Services,Activities of households as employers; undifferentiated goods- and services-producing activities of households for own use,287.0,25-35
CIV,2016,male,32,Services,Activities of households as employers; undifferentiated goods- and services-producing activities of households for own use,279.0,25-35
CIV,2016,male,33,Services,Activities of households as employers; undifferentiated goods- and services-producing activities of households for own use,275.0,25-35
CIV,2016,male,34,Services,Activities of households as employers; undifferentiated goods- and services-producing activities of households for own use,274.0,25-35
CIV,2016,male,35,Services,Activities of households as employers; undifferentiated goods- and services-producing activities of households for own use,274.0,25-35
CIV,2017,male,25,Services,Activities of households as employers; undifferentiated goods- and services-producing activities of households for own use,369.0,25-35
CIV,2017,male,26,Services,Activities of households as employers; undifferentiated goods- and services-producing activities of households for own use,352.0,25-35
CIV,2017,male,27,Services,Activities of households as employers; undifferentiated goods- and services-producing activities of households for own use,337.0,25-35
CIV,2017,male,28,Services,Activities of households as employers; undifferentiated goods- and services-producing activities of households for own use,322.0,25-35
CIV,2017,male,29,Services,Activities of households as employers; undifferentiated goods- and services-producing activities of households for own use,310.0,25-35
CIV,2017,male,30,Services,Activities of households as employers; undifferentiated goods- and services-producing activities of households for own use,297.0,25-35
CIV,2017,male,31,Services,Activities of households as employers; undifferentiated goods- and services-producing activities of households for own use,286.0,25-35
CIV,2017,male,32,Services,Activities of households as employers; undifferentiated goods- and services-producing activities of households for own use,277.0,25-35
CIV,2017,male,33,Services,Activities of households as employers; undifferentiated goods- and services-producing activities of households for own use,273.0,25-35
CIV,2017,male,34,Services,Activities of households as employers; undifferentiated goods- and services-producing activities of households for own use,272.0,25-35
CIV,2017,male,35,Services,Activities of households as employers; undifferentiated goods- and services-producing activities of households for own use,270.0,25-35
CIV,2018,male,25,Services,Activities of households as employers; undifferentiated goods- and services-producing activities of households for own use,315.0,25-35
CIV,2018,male,26,Services,Activities of households as employers; undifferentiated goods- and services-producing activities of households for own use,301.0,25-35
CIV,2018,male,27,Services,Activities of households as employers; undifferentiated goods- and services-producing activities of households for own use,288.0,25-35
CIV,2018,male,28,Services,Activities of households as employers; undifferentiated goods- and services-producing activities of households for own use,276.0,25-35
CIV,2018,male,29,Services,Activities of households as employers; undifferentiated goods- and services-producing activities of households for own use,265.0,25-35
CIV,2018,male,30,Services,Activities of households as employers; undifferentiated goods- and services-producing activities of households for own use,254.0,25-35
CIV,2018,male,31,Services,Activities of households as employers; undifferentiated goods- and services-producing activities of households for own use,244.0,25-35
CIV,2018,male,32,Services,Activities of households as employers; undifferentiated goods- and services-producing activities of households for own use,236.0,25-35
CIV,2018,male,33,Services,Activities of households as employers; undifferentiated goods- and services-producing activities of households for own use,232.0,25-35
CIV,2018,male,34,Services,Activities of households as employers; undifferentiated goods- and services-producing activities of households for own use,231.0,25-35
CIV,2018,male,35,Services,Activities of households as employers; undifferentiated goods- and services-producing activities of households for own use,229.0,25-35
CIV,2019,male,25,Services,Activities of households as employers; undifferentiated goods- and services-producing activities of households for own use,590.0,25-35
CIV,2019,male,26,Services,Activities of households as employers; undifferentiated goods- and services-producing activities of households for own use,565.0,25-35
CIV,2019,male,27,Services,Activities of households as employers; undifferentiated goods- and services-producing activities of households for own use,541.0,25-35
CIV,2019,male,28,Services,Activities of households as employers; undifferentiated goods- and services-producing activities of households for own use,518.0,25-35
CIV,2019,male,29,Services,Activities of households as employers; undifferentiated goods- and services-producing activities of households for own use,498.0,25-35
CIV,2019,male,30,Services,Activities of households as employers; undifferentiated goods- and services-producing activities of households for own use,478.0,25-35
CIV,2019,male,31,Services,Activities of households as employers; undifferentiated goods- and services-producing activities of households for own use,458.0,25-35
CIV,2019,male,32,Services,Activities of households as employers; undifferentiated goods- and services-producing activities of households for own use,444.0,25-35
CIV,2019,male,33,Services,Activities of households as employers; undifferentiated goods- and services-producing activities of households for own use,435.0,25-35
CIV,2019,male,34,Services,Activities of households as employers; undifferentiated goods- and services-producing activities of households for own use,431.0,25-35
CIV,2019,male,35,Services,Activities of households as employers; undifferentiated goods- and services-producing activities of households for own use,427.0,25-35
CIV,2020,male,25,Services,Activities of households as employers; undifferentiated goods- and services-producing activities of households for own use,481.0,25-35
CIV,2020,male,26,Services,Activities of households as employers; undifferentiated goods- and services-producing activities of households for own use,461.0,25-35
CIV,2020,male,27,Services,Activities of households as employers; undifferentiated goods- and services-producing activities of households for own use,442.0,25-35
CIV,2020,male,28,Services,Activities of households as employers; undifferentiated goods- and services-producing activities of households for own use,425.0,25-35
CIV,2020,male,29,Services,Activities of households as employers; undifferentiated goods- and services-producing activities of households for own use,408.0,25-35
CIV,2020,male,30,Services,Activities of households as employers; undifferentiated goods- and services-producing activities of households for own use,391.0,25-35
CIV,2020,male,31,Services,Activities of households as employers; undifferentiated goods- and services-producing activities of households for own use,375.0,25-35
CIV,2020,male,32,Services,Activities of households as employers; undifferentiated goods- and services-producing activities of households for own use,363.0,25-35
CIV,2020,male,33,Services,Activities of households as employers; undifferentiated goods- and services-producing activities of households for own use,356.0,25-35
CIV,2020,male,34,Services,Activities of households as employers; undifferentiated goods- and services-producing activities of households for own use,351.0,25-35
CIV,2020,male,35,Services,Activities of households as employers; undifferentiated goods- and services-producing activities of households for own use,347.0,25-35
CIV,2021,male,25,Services,Activities of households as employers; undifferentiated goods- and services-producing activities of households for own use,620.0,25-35
CIV,2021,male,26,Services,Activities of households as employers; undifferentiated goods- and services-producing activities of households for own use,593.0,25-35
CIV,2021,male,27,Services,Activities of households as employers; undifferentiated goods- and services-producing activities of households for own use,568.0,25-35
CIV,2021,male,28,Services,Activities of households as employers; undifferentiated goods- and services-producing activities of households for own use,545.0,25-35
CIV,2021,male,29,Services,Activities of households as employers; undifferentiated goods- and services-producing activities of households for own use,524.0,25-35
CIV,2021,male,30,Services,Activities of households as employers; undifferentiated goods- and services-producing activities of households for own use,503.0,25-35
CIV,2021,male,31,Services,Activities of households as employers; undifferentiated goods- and services-producing activities of households for own use,484.0,25-35
CIV,2021,male,32,Services,Activities of households as employers; undifferentiated goods- and services-producing activities of households for own use,467.0,25-35
CIV,2021,male,33,Services,Activities of households as employers; undifferentiated goods- and services-producing activities of households for own use,454.0,25-35
CIV,2021,male,34,Services,Activities of households as employers; undifferentiated goods- and services-producing activities of households for own use,444.0,25-35
CIV,2021,male,35,Services,Activities of households as employers; undifferentiated goods- and services-producing activities of households for own use,434.0,25-35
CIV,2022,male,25,Services,Activities of households as employers; undifferentiated goods- and services-producing activities of households for own use,322.0,25-35
CIV,2022,male,26,Services,Activities of households as employers; undifferentiated goods- and services-producing activities of households for own use,308.0,25-35
CIV,2022,male,27,Services,Activities of households as employers; undifferentiated goods- and services-producing activities of households for own use,294.0,25-35
CIV,2022,male,28,Services,Activities of households as employers; undifferentiated goods- and services-producing activities of households for own use,282.0,25-35
CIV,2022,male,29,Services,Activities of households as employers; undifferentiated goods- and services-producing activities of households for own use,271.0,25-35
CIV,2022,male,30,Services,Activities of households as employers; undifferentiated goods- and services-producing activities of households for own use,261.0,25-35
CIV,2022,male,31,Services,Activities of households as employers; undifferentiated goods- and services-producing activities of households for own use,251.0,25-35
CIV,2022,male,32,Services,Activities of households as employers; undifferentiated goods- and services-producing activities of households for own use,242.0,25-35
CIV,2022,male,33,Services,Activities of households as employers; undifferentiated goods- and services-producing activities of households for own use,234.0,25-35
CIV,2022,male,34,Services,Activities of households as employers; undifferentiated goods- and services-producing activities of households for own use,227.0,25-35
CIV,2022,male,35,Services,Activities of households as employers; undifferentiated goods- and services-producing activities of households for own use,220.0,25-35
CIV,2023,male,25,Services,Activities of households as employers; undifferentiated goods- and services-producing activities of households for own use,778.0,25-35
CIV,2023,male,26,Services,Activities of households as employers; undifferentiated goods- and services-producing activities of households for own use,743.0,25-35
CIV,2023,male,27,Services,Activities of households as employers; undifferentiated goods- and services-producing activities of households for own use,711.0,25-35
CIV,2023,male,28,Services,Activities of households as employers; undifferentiated goods- and services-producing activities of households for own use,682.0,25-35
CIV,2023,male,29,Services,Activities of households as employers; undifferentiated goods- and services-producing activities of households for own use,656.0,25-35
CIV,2023,male,30,Services,Activities of households as employers; undifferentiated goods- and services-producing activities of households for own use,630.0,25-35
CIV,2023,male,31,Services,Activities of households as employers; undifferentiated goods- and services-producing activities of households for own use,606.0,25-35
CIV,2023,male,32,Services,Activities of households as employers; undifferentiated goods- and services-producing activities of households for own use,583.0,25-35
CIV,2023,male,33,Services,Activities of households as employers; undifferentiated goods- and services-producing activities of households for own use,562.0,25-35
CIV,2023,male,34,Services,Activities of households as employers; undifferentiated goods- and services-producing activities of households for own use,542.0,25-35
CIV,2023,male,35,Services,Activities of households as employers; undifferentiated goods- and services-producing activities of households for own use,523.0,25-35
CIV,2024,male,25,Services,Activities of households as employers; undifferentiated goods- and services-producing activities of households for own use,727.0,25-35
CIV,2024,male,26,Services,Activities of households as employers; undifferentiated goods- and services-producing activities of households for own use,696.0,25-35
CIV,2024,male,27,Services,Activities of households as employers; undifferentiated goods- and services-producing activities of households for own use,666.0,25-35
CIV,2024,male,28,Services,Activities of households as employers; undifferentiated goods- and services-producing activities of households for own use,639.0,25-35
CIV,2024,male,29,Services,Activities of households as employers; undifferentiated goods- and services-producing activities of households for own use,614.0,25-35
CIV,2024,male,30,Services,Activities of households as employers; undifferentiated goods- and services-producing activities of households for own use,590.0,25-35
CIV,2024,male,31,Services,Activities of households as employers; undifferentiated goods- and services-producing activities of households for own use,567.0,25-35
CIV,2024,male,32,Services,Activities of households as employers; undifferentiated goods- and services-producing activities of households for own use,545.0,25-35
CIV,2024,male,33,Services,Activities of households as employers; undifferentiated goods- and services-producing activities of households for own use,523.0,25-35
CIV,2024,male,34,Services,Activities of households as employers; undifferentiated goods- and services-producing activities of households for own use,503.0,25-35
CIV,2024,male,35,Services,Activities of households as employers; undifferentiated goods- and services-producing activities of households for own use,484.0,25-35
CIV,2025,male,25,Services,Activities of households as employers; undifferentiated goods- and services-producing activities of households for own use,764.0,25-35
CIV,2025,male,26,Services,Activities of households as employers; undifferentiated goods- and services-producing activities of households for own use,733.0,25-35
CIV,2025,male,27,Services,Activities of households as employers; undifferentiated goods- and services-producing activities of households for own use,703.0,25-35
CIV,2025,male,28,Services,Activities of households as employers; undifferentiated goods- and services-producing activities of households for own use,675.0,25-35
CIV,2025,male,29,Services,Activities of households as employers; undifferentiated goods- and services-producing activities of households for own use,648.0,25-35
CIV,2025,male,30,Services,Activities of households as employers; undifferentiated goods- and services-producing activities of households for own use,622.0,25-35
CIV,2025,male,31,Services,Activities of households as employers; undifferentiated goods- and services-producing activities of households for own use,597.0,25-35
CIV,2025,male,32,Services,Activities of households as employers; undifferentiated goods- and services-producing activities of households for own use,573.0,25-35
CIV,2025,male,33,Services,Activities of households as employers; undifferentiated goods- and services-producing activities of households for own use,550.0,25-35
CIV,2025,male,34,Services,Activities of households as employers; undifferentiated goods- and services-producing activities of households for own use,527.0,25-35
CIV,2025,male,35,Services,Activities of households as employers; undifferentiated goods- and services-producing activities of households for own use,506.0,25-35
CIV,2015,male,25,Services,Administrative and support service activities,2931.0,25-35
CIV,2015,male,26,Services,Administrative and support service activities,2796.0,25-35
CIV,2015,male,27,Services,Administrative and support service activities,2673.0,25-35
CIV,2015,male,28,Services,Administrative and support service activities,2563.0,25-35
CIV,2015,male,29,Services,Administrative and support service activities,2467.0,25-35
CIV,2015,male,30,Services,Administrative and support service activities,2377.0,25-35
CIV,2015,male,31,Services,Administrative and support service activities,2290.0,25-35
CIV,2015,male,32,Services,Administrative and support service activities,2229.0,25-35
CIV,2015,male,33,Services,Administrative and support service activities,2203.0,25-35
CIV,2015,male,34,Services,Administrative and support service activities,2198.0,25-35
CIV,2015,male,35,Services,Administrative and support service activities,2195.0,25-35
CIV,2016,male,25,Services,Administrative and support service activities,2588.0,25-35
CIV,2016,male,26,Services,Administrative and support service activities,2469.0,25-35
CIV,2016,male,27,Services,Administrative and support service activities,2360.0,25-35
CIV,2016,male,28,Services,Administrative and support service activities,2261.0,25-35
CIV,2016,male,29,Services,Administrative and support service activities,2173.0,25-35
CIV,2016,male,30,Services,Administrative and support service activities,2090.0,25-35
CIV,2016,male,31,Services,Administrative and support service activities,2010.0,25-35
CIV,2016,male,32,Services,Administrative and support service activities,1953.0,25-35
CIV,2016,male,33,Services,Administrative and support service activities,1927.0,25-35
CIV,2016,male,34,Services,Administrative and support service activities,1922.0,25-35
CIV,2016,male,35,Services,Administrative and support service activities,1917.0,25-35
CIV,2017,male,25,Services,Administrative and support service activities,2748.0,25-35
CIV,2017,male,26,Services,Administrative and support service activities,2623.0,25-35
CIV,2017,male,27,Services,Administrative and support service activities,2506.0,25-35
CIV,2017,male,28,Services,Administrative and support service activities,2401.0,25-35
CIV,2017,male,29,Services,Administrative and support service activities,2305.0,25-35
CIV,2017,male,30,Services,Administrative and support service activities,2216.0,25-35
CIV,2017,male,31,Services,Administrative and support service activities,2128.0,25-35
CIV,2017,male,32,Services,Administrative and support service activities,2064.0,25-35
CIV,2017,male,33,Services,Administrative and support service activities,2033.0,25-35
CIV,2017,male,34,Services,Administrative and support service activities,2023.0,25-35
CIV,2017,male,35,Services,Administrative and support service activities,2013.0,25-35
CIV,2018,male,25,Services,Administrative and support service activities,2055.0,25-35
CIV,2018,male,26,Services,Administrative and support service activities,1964.0,25-35
CIV,2018,male,27,Services,Administrative and support service activities,1878.0,25-35
CIV,2018,male,28,Services,Administrative and support service activities,1799.0,25-35
CIV,2018,male,29,Services,Administrative and support service activities,1727.0,25-35
CIV,2018,male,30,Services,Administrative and support service activities,1659.0,25-35
CIV,2018,male,31,Services,Administrative and support service activities,1592.0,25-35
CIV,2018,male,32,Services,Administrative and support service activities,1542.0,25-35
CIV,2018,male,33,Services,Administrative and support service activities,1516.0,25-35
CIV,2018,male,34,Services,Administrative and support service activities,1505.0,25-35
CIV,2018,male,35,Services,Administrative and support service activities,1494.0,25-35
CIV,2019,male,25,Services,Administrative and support service activities,1695.0,25-35
CIV,2019,male,26,Services,Administrative and support service activities,1622.0,25-35
CIV,2019,male,27,Services,Administrative and support service activities,1553.0,25-35
CIV,2019,male,28,Services,Administrative and support service activities,1489.0,25-35
CIV,2019,male,29,Services,Administrative and support service activities,1429.0,25-35
CIV,2019,male,30,Services,Administrative and support service activities,1373.0,25-35
CIV,2019,male,31,Services,Administrative and support service activities,1317.0,25-35
CIV,2019,male,32,Services,Administrative and support service activities,1274.0,25-35
CIV,2019,male,33,Services,Administrative and support service activities,1250.0,25-35
CIV,2019,male,34,Services,Administrative and support service activities,1238.0,25-35
CIV,2019,male,35,Services,Administrative and support service activities,1226.0,25-35
CIV,2020,male,25,Services,Administrative and support service activities,1980.0,25-35
CIV,2020,male,26,Services,Administrative and support service activities,1900.0,25-35
CIV,2020,male,27,Services,Administrative and support service activities,1823.0,25-35
CIV,2020,male,28,Services,Administrative and support service activities,1749.0,25-35
CIV,2020,male,29,Services,Administrative and support service activities,1679.0,25-35
CIV,2020,male,30,Services,Administrative and support service activities,1613.0,25-35
CIV,2020,male,31,Services,Administrative and support service activities,1547.0,25-35
CIV,2020,male,32,Services,Administrative and support service activities,1496.0,25-35
CIV,2020,male,33,Services,Administrative and support service activities,1465.0,25-35
CIV,2020,male,34,Services,Administrative and support service activities,1448.0,25-35
CIV,2020,male,35,Services,Administrative and support service activities,1431.0,25-35
CIV,2021,male,25,Services,Administrative and support service activities,1929.0,25-35
CIV,2021,male,26,Services,Administrative and support service activities,1845.0,25-35
CIV,2021,male,27,Services,Administrative and support service activities,1766.0,25-35
CIV,2021,male,28,Services,Administrative and support service activities,1694.0,25-35
CIV,2021,male,29,Services,Administrative and support service activities,1628.0,25-35
CIV,2021,male,30,Services,Administrative and support service activities,1565.0,25-35
CIV,2021,male,31,Services,Administrative and support service activities,1504.0,25-35
CIV,2021,male,32,Services,Administrative and support service activities,1452.0,25-35
CIV,2021,male,33,Services,Administrative and support service activities,1412.0,25-35
CIV,2021,male,34,Services,Administrative and support service activities,1381.0,25-35
CIV,2021,male,35,Services,Administrative and support service activities,1351.0,25-35
CIV,2022,male,25,Services,Administrative and support service activities,991.0,25-35
CIV,2022,male,26,Services,Administrative and support service activities,946.0,25-35
CIV,2022,male,27,Services,Administrative and support service activities,905.0,25-35
CIV,2022,male,28,Services,Administrative and support service activities,868.0,25-35
CIV,2022,male,29,Services,Administrative and support service activities,835.0,25-35
CIV,2022,male,30,Services,Administrative and support service activities,802.0,25-35
CIV,2022,male,31,Services,Administrative and support service activities,772.0,25-35
CIV,2022,male,32,Services,Administrative and support service activities,744.0,25-35
CIV,2022,male,33,Services,Administrative and support service activities,719.0,25-35
CIV,2022,male,34,Services,Administrative and support service activities,698.0,25-35
CIV,2022,male,35,Services,Administrative and support service activities,678.0,25-35
CIV,2023,male,25,Services,Administrative and support service activities,2100.0,25-35
CIV,2023,male,26,Services,Administrative and support service activities,2006.0,25-35
CIV,2023,male,27,Services,Administrative and support service activities,1919.0,25-35
CIV,2023,male,28,Services,Administrative and support service activities,1841.0,25-35
CIV,2023,male,29,Services,Administrative and support service activities,1770.0,25-35
CIV,2023,male,30,Services,Administrative and support service activities,1701.0,25-35
CIV,2023,male,31,Services,Administrative and support service activities,1636.0,25-35
CIV,2023,male,32,Services,Administrative and support service activities,1574.0,25-35
CIV,2023,male,33,Services,Administrative and support service activities,1516.0,25-35
CIV,2023,male,34,Services,Administrative and support service activities,1463.0,25-35
CIV,2023,male,35,Services,Administrative and support service activities,1412.0,25-35
CIV,2024,male,25,Services,Administrative and support service activities,2300.0,25-35
CIV,2024,male,26,Services,Administrative and support service activities,2200.0,25-35
CIV,2024,male,27,Services,Administrative and support service activities,2106.0,25-35
CIV,2024,male,28,Services,Administrative and support service activities,2021.0,25-35
CIV,2024,male,29,Services,Administrative and support service activities,1943.0,25-35
CIV,2024,male,30,Services,Administrative and support service activities,1867.0,25-35
CIV,2024,male,31,Services,Administrative and support service activities,1793.0,25-35
CIV,2024,male,32,Services,Administrative and support service activities,1723.0,25-35
CIV,2024,male,33,Services,Administrative and support service activities,1655.0,25-35
CIV,2024,male,34,Services,Administrative and support service activities,1591.0,25-35
CIV,2024,male,35,Services,Administrative and support service activities,1530.0,25-35
CIV,2025,male,25,Services,Administrative and support service activities,2440.0,25-35
CIV,2025,male,26,Services,Administrative and support service activities,2340.0,25-35
CIV,2025,male,27,Services,Administrative and support service activities,2243.0,25-35
CIV,2025,male,28,Services,Administrative and support service activities,2154.0,25-35
CIV,2025,male,29,Services,Administrative and support service activities,2069.0,25-35
CIV,2025,male,30,Services,Administrative and support service activities,1986.0,25-35
CIV,2025,male,31,Services,Administrative and support service activities,1907.0,25-35
CIV,2025,male,32,Services,Administrative and support service activities,1829.0,25-35
CIV,2025,male,33,Services,Administrative and support service activities,1755.0,25-35
CIV,2025,male,34,Services,Administrative and support service activities,1683.0,25-35
CIV,2025,male,35,Services,Administrative and support service activities,1615.0,25-35
CIV,2015,male,25,Agriculture,Agriculture; forestry and fishing,76743.0,25-35
CIV,2015,male,26,Agriculture,Agriculture; forestry and fishing,73206.0,25-35
CIV,2015,male,27,Agriculture,Agriculture; forestry and fishing,69986.0,25-35
CIV,2015,male,28,Agriculture,Agriculture; forestry and fishing,67114.0,25-35
CIV,2015,male,29,Agriculture,Agriculture; forestry and fishing,64577.0,25-35
CIV,2015,male,30,Agriculture,Agriculture; forestry and fishing,62223.0,25-35
CIV,2015,male,31,Agriculture,Agriculture; forestry and fishing,59948.0,25-35
CIV,2015,male,32,Agriculture,Agriculture; forestry and fishing,58349.0,25-35
CIV,2015,male,33,Agriculture,Agriculture; forestry and fishing,57669.0,25-35
CIV,2015,male,34,Agriculture,Agriculture; forestry and fishing,57558.0,25-35
CIV,2015,male,35,Agriculture,Agriculture; forestry and fishing,57474.0,25-35
CIV,2016,male,25,Agriculture,Agriculture; forestry and fishing,85003.0,25-35
CIV,2016,male,26,Agriculture,Agriculture; forestry and fishing,81094.0,25-35
CIV,2016,male,27,Agriculture,Agriculture; forestry and fishing,77500.0,25-35
CIV,2016,male,28,Agriculture,Agriculture; forestry and fishing,74255.0,25-35
CIV,2016,male,29,Agriculture,Agriculture; forestry and fishing,71357.0,25-35
CIV,2016,male,30,Agriculture,Agriculture; forestry and fishing,68646.0,25-35
CIV,2016,male,31,Agriculture,Agriculture; forestry and fishing,66011.0,25-35
CIV,2016,male,32,Agriculture,Agriculture; forestry and fishing,64134.0,25-35
CIV,2016,male,33,Agriculture,Agriculture; forestry and fishing,63294.0,25-35
CIV,2016,male,34,Agriculture,Agriculture; forestry and fishing,63105.0,25-35
CIV,2016,male,35,Agriculture,Agriculture; forestry and fishing,62939.0,25-35
CIV,2017,male,25,Agriculture,Agriculture; forestry and fishing,87736.0,25-35
CIV,2017,male,26,Agriculture,Agriculture; forestry and fishing,83740.0,25-35
CIV,2017,male,27,Agriculture,Agriculture; forestry and fishing,80033.0,25-35
CIV,2017,male,28,Agriculture,Agriculture; forestry and fishing,76657.0,25-35
CIV,2017,male,29,Agriculture,Agriculture; forestry and fishing,73613.0,25-35
CIV,2017,male,30,Agriculture,Agriculture; forestry and fishing,70746.0,25-35
CIV,2017,male,31,Agriculture,Agriculture; forestry and fishing,67949.0,25-35
CIV,2017,male,32,Agriculture,Agriculture; forestry and fishing,65913.0,25-35
CIV,2017,male,33,Agriculture,Agriculture; forestry and fishing,64923.0,25-35
CIV,2017,male,34,Agriculture,Agriculture; forestry and fishing,64597.0,25-35
CIV,2017,male,35,Agriculture,Agriculture; forestry and fishing,64290.0,25-35
CIV,2018,male,25,Agriculture,Agriculture; forestry and fishing,88882.0,25-35
CIV,2018,male,26,Agriculture,Agriculture; forestry and fishing,84920.0,25-35
CIV,2018,male,27,Agriculture,Agriculture; forestry and fishing,81210.0,25-35
CIV,2018,male,28,Agriculture,Agriculture; forestry and fishing,77796.0,25-35
CIV,2018,male,29,Agriculture,Agriculture; forestry and fishing,74685.0,25-35
CIV,2018,male,30,Agriculture,Agriculture; forestry and fishing,71738.0,25-35
CIV,2018,male,31,Agriculture,Agriculture; forestry and fishing,68853.0,25-35
CIV,2018,male,32,Agriculture,Agriculture; forestry and fishing,66701.0,25-35
CIV,2018,male,33,Agriculture,Agriculture; forestry and fishing,65563.0,25-35
CIV,2018,male,34,Agriculture,Agriculture; forestry and fishing,65073.0,25-35
CIV,2018,male,35,Agriculture,Agriculture; forestry and fishing,64599.0,25-35
CIV,2019,male,25,Agriculture,Agriculture; forestry and fishing,89203.0,25-35
CIV,2019,male,26,Agriculture,Agriculture; forestry and fishing,85373.0,25-35
CIV,2019,male,27,Agriculture,Agriculture; forestry and fishing,81746.0,25-35
CIV,2019,male,28,Agriculture,Agriculture; forestry and fishing,78354.0,25-35
CIV,2019,male,29,Agriculture,Agriculture; forestry and fishing,75219.0,25-35
CIV,2019,male,30,Agriculture,Agriculture; forestry and fishing,72233.0,25-35
CIV,2019,male,31,Agriculture,Agriculture; forestry and fishing,69305.0,25-35
CIV,2019,male,32,Agriculture,Agriculture; forestry and fishing,67069.0,25-35
CIV,2019,male,33,Agriculture,Agriculture; forestry and fishing,65796.0,25-35
CIV,2019,male,34,Agriculture,Agriculture; forestry and fishing,65146.0,25-35
CIV,2019,male,35,Agriculture,Agriculture; forestry and fishing,64508.0,25-35
CIV,2020,male,25,Agriculture,Agriculture; forestry and fishing,95352.0,25-35
CIV,2020,male,26,Agriculture,Agriculture; forestry and fishing,91494.0,25-35
CIV,2020,male,27,Agriculture,Agriculture; forestry and fishing,87782.0,25-35
CIV,2020,male,28,Agriculture,Agriculture; forestry and fishing,84218.0,25-35
CIV,2020,male,29,Agriculture,Agriculture; forestry and fishing,80856.0,25-35
CIV,2020,male,30,Agriculture,Agriculture; forestry and fishing,77647.0,25-35
CIV,2020,male,31,Agriculture,Agriculture; forestry and fishing,74486.0,25-35
CIV,2020,male,32,Agriculture,Agriculture; forestry and fishing,72028.0,25-35
CIV,2020,male,33,Agriculture,Agriculture; forestry and fishing,70554.0,25-35
CIV,2020,male,34,Agriculture,Agriculture; forestry and fishing,69719.0,25-35
CIV,2020,male,35,Agriculture,Agriculture; forestry and fishing,68890.0,25-35
CIV,2021,male,25,Agriculture,Agriculture; forestry and fishing,102277.0,25-35
CIV,2021,male,26,Agriculture,Agriculture; forestry and fishing,97821.0,25-35
CIV,2021,male,27,Agriculture,Agriculture; forestry and fishing,93632.0,25-35
CIV,2021,male,28,Agriculture,Agriculture; forestry and fishing,89816.0,25-35
CIV,2021,male,29,Agriculture,Agriculture; forestry and fishing,86331.0,25-35
CIV,2021,male,30,Agriculture,Agriculture; forestry and fishing,82977.0,25-35
CIV,2021,male,31,Agriculture,Agriculture; forestry and fishing,79738.0,25-35
CIV,2021,male,32,Agriculture,Agriculture; forestry and fishing,76987.0,25-35
CIV,2021,male,33,Agriculture,Agriculture; forestry and fishing,74871.0,25-35
CIV,2021,male,34,Agriculture,Agriculture; forestry and fishing,73212.0,25-35
CIV,2021,male,35,Agriculture,Agriculture; forestry and fishing,71622.0,25-35
CIV,2022,male,25,Agriculture,Agriculture; forestry and fishing,107435.0,25-35
CIV,2022,male,26,Agriculture,Agriculture; forestry and fishing,102621.0,25-35
CIV,2022,male,27,Agriculture,Agriculture; forestry and fishing,98130.0,25-35
CIV,2022,male,28,Agriculture,Agriculture; forestry and fishing,94128.0,25-35
CIV,2022,male,29,Agriculture,Agriculture; forestry and fishing,90519.0,25-35
CIV,2022,male,30,Agriculture,Agriculture; forestry and fishing,87022.0,25-35
CIV,2022,male,31,Agriculture,Agriculture; forestry and fishing,83681.0,25-35
CIV,2022,male,32,Agriculture,Agriculture; forestry and fishing,80661.0,25-35
CIV,2022,male,33,Agriculture,Agriculture; forestry and fishing,78014.0,25-35
CIV,2022,male,34,Agriculture,Agriculture; forestry and fishing,75685.0,25-35
CIV,2022,male,35,Agriculture,Agriculture; forestry and fishing,73472.0,25-35
CIV,2023,male,25,Agriculture,Agriculture; forestry and fishing,99461.0,25-35
CIV,2023,male,26,Agriculture,Agriculture; forestry and fishing,95026.0,25-35
CIV,2023,male,27,Agriculture,Agriculture; forestry and fishing,90878.0,25-35
CIV,2023,male,28,Agriculture,Agriculture; forestry and fishing,87182.0,25-35
CIV,2023,male,29,Agriculture,Agriculture; forestry and fishing,83837.0,25-35
CIV,2023,male,30,Agriculture,Agriculture; forestry and fishing,80579.0,25-35
CIV,2023,male,31,Agriculture,Agriculture; forestry and fishing,77473.0,25-35
CIV,2023,male,32,Agriculture,Agriculture; forestry and fishing,74556.0,25-35
CIV,2023,male,33,Agriculture,Agriculture; forestry and fishing,71821.0,25-35
CIV,2023,male,34,Agriculture,Agriculture; forestry and fishing,69288.0,25-35
CIV,2023,male,35,Agriculture,Agriculture; forestry and fishing,66888.0,25-35
CIV,2024,male,25,Agriculture,Agriculture; forestry and fishing,100690.0,25-35
CIV,2024,male,26,Agriculture,Agriculture; forestry and fishing,96335.0,25-35
CIV,2024,male,27,Agriculture,Agriculture; forestry and fishing,92217.0,25-35
CIV,2024,male,28,Agriculture,Agriculture; forestry and fishing,88491.0,25-35
CIV,2024,male,29,Agriculture,Agriculture; forestry and fishing,85065.0,25-35
CIV,2024,male,30,Agriculture,Agriculture; forestry and fishing,81715.0,25-35
CIV,2024,male,31,Agriculture,Agriculture; forestry and fishing,78513.0,25-35
CIV,2024,male,32,Agriculture,Agriculture; forestry and fishing,75440.0,25-35
CIV,2024,male,33,Agriculture,Agriculture; forestry and fishing,72474.0,25-35
CIV,2024,male,34,Agriculture,Agriculture; forestry and fishing,69667.0,25-35
CIV,2024,male,35,Agriculture,Agriculture; forestry and fishing,67002.0,25-35
CIV,2025,male,25,Agriculture,Agriculture; forestry and fishing,102492.0,25-35
CIV,2025,male,26,Agriculture,Agriculture; forestry and fishing,98277.0,25-35
CIV,2025,male,27,Agriculture,Agriculture; forestry and fishing,94225.0,25-35
CIV,2025,male,28,Agriculture,Agriculture; forestry and fishing,90455.0,25-35
CIV,2025,male,29,Agriculture,Agriculture; forestry and fishing,86908.0,25-35
CIV,2025,male,30,Agriculture,Agriculture; forestry and fishing,83429.0,25-35
CIV,2025,male,31,Agriculture,Agriculture; forestry and fishing,80079.0,25-35
CIV,2025,male,32,Agriculture,Agriculture; forestry and fishing,76840.0,25-35
CIV,2025,male,33,Agriculture,Agriculture; forestry and fishing,73696.0,25-35
CIV,2025,male,34,Agriculture,Agriculture; forestry and fishing,70703.0,25-35
CIV,2025,male,35,Agriculture,Agriculture; forestry and fishing,67850.0,25-35
CIV,2015,male,25,Services,"Arts, entertainment and recreation",705.0,25-35
CIV,2015,male,26,Services,"Arts, entertainment and recreation",672.0,25-35
CIV,2015,male,27,Services,"Arts, entertainment and recreation",643.0,25-35
CIV,2015,male,28,Services,"Arts, entertainment and recreation",616.0,25-35
CIV,2015,male,29,Services,"Arts, entertainment and recreation",593.0,25-35
CIV,2015,male,30,Services,"Arts, entertainment and recreation",571.0,25-35
CIV,2015,male,31,Services,"Arts, entertainment and recreation",551.0,25-35
CIV,2015,male,32,Services,"Arts, entertainment and recreation",536.0,25-35
CIV,2015,male,33,Services,"Arts, entertainment and recreation",530.0,25-35
CIV,2015,male,34,Services,"Arts, entertainment and recreation",529.0,25-35
CIV,2015,male,35,Services,"Arts, entertainment and recreation",528.0,25-35
CIV,2016,male,25,Services,"Arts, entertainment and recreation",645.0,25-35
CIV,2016,male,26,Services,"Arts, entertainment and recreation",615.0,25-35
CIV,2016,male,27,Services,"Arts, entertainment and recreation",588.0,25-35
CIV,2016,male,28,Services,"Arts, entertainment and recreation",563.0,25-35
CIV,2016,male,29,Services,"Arts, entertainment and recreation",541.0,25-35
CIV,2016,male,30,Services,"Arts, entertainment and recreation",520.0,25-35
CIV,2016,male,31,Services,"Arts, entertainment and recreation",501.0,25-35
CIV,2016,male,32,Services,"Arts, entertainment and recreation",486.0,25-35
CIV,2016,male,33,Services,"Arts, entertainment and recreation",480.0,25-35
CIV,2016,male,34,Services,"Arts, entertainment and recreation",478.0,25-35
CIV,2016,male,35,Services,"Arts, entertainment and recreation",477.0,25-35
CIV,2017,male,25,Services,"Arts, entertainment and recreation",759.0,25-35
CIV,2017,male,26,Services,"Arts, entertainment and recreation",724.0,25-35
CIV,2017,male,27,Services,"Arts, entertainment and recreation",692.0,25-35
CIV,2017,male,28,Services,"Arts, entertainment and recreation",663.0,25-35
CIV,2017,male,29,Services,"Arts, entertainment and recreation",637.0,25-35
CIV,2017,male,30,Services,"Arts, entertainment and recreation",612.0,25-35
CIV,2017,male,31,Services,"Arts, entertainment and recreation",588.0,25-35
CIV,2017,male,32,Services,"Arts, entertainment and recreation",570.0,25-35
CIV,2017,male,33,Services,"Arts, entertainment and recreation",561.0,25-35
CIV,2017,male,34,Services,"Arts, entertainment and recreation",559.0,25-35
CIV,2017,male,35,Services,"Arts, entertainment and recreation",556.0,25-35
CIV,2018,male,25,Services,"Arts, entertainment and recreation",747.0,25-35
CIV,2018,male,26,Services,"Arts, entertainment and recreation",714.0,25-35
CIV,2018,male,27,Services,"Arts, entertainment and recreation",682.0,25-35
CIV,2018,male,28,Services,"Arts, entertainment and recreation",654.0,25-35
CIV,2018,male,29,Services,"Arts, entertainment and recreation",628.0,25-35
CIV,2018,male,30,Services,"Arts, entertainment and recreation",603.0,25-35
CIV,2018,male,31,Services,"Arts, entertainment and recreation",579.0,25-35
CIV,2018,male,32,Services,"Arts, entertainment and recreation",561.0,25-35
CIV,2018,male,33,Services,"Arts, entertainment and recreation",551.0,25-35
CIV,2018,male,34,Services,"Arts, entertainment and recreation",547.0,25-35
CIV,2018,male,35,Services,"Arts, entertainment and recreation",543.0,25-35
CIV,2019,male,25,Services,"Arts, entertainment and recreation",646.0,25-35
CIV,2019,male,26,Services,"Arts, entertainment and recreation",618.0,25-35
CIV,2019,male,27,Services,"Arts, entertainment and recreation",592.0,25-35
CIV,2019,male,28,Services,"Arts, entertainment and recreation",567.0,25-35
CIV,2019,male,29,Services,"Arts, entertainment and recreation",544.0,25-35
CIV,2019,male,30,Services,"Arts, entertainment and recreation",523.0,25-35
CIV,2019,male,31,Services,"Arts, entertainment and recreation",502.0,25-35
CIV,2019,male,32,Services,"Arts, entertainment and recreation",485.0,25-35
CIV,2019,male,33,Services,"Arts, entertainment and recreation",476.0,25-35
CIV,2019,male,34,Services,"Arts, entertainment and recreation",471.0,25-35
CIV,2019,male,35,Services,"Arts, entertainment and recreation",467.0,25-35
CIV,2020,male,25,Services,"Arts, entertainment and recreation",772.0,25-35
CIV,2020,male,26,Services,"Arts, entertainment and recreation",740.0,25-35
CIV,2020,male,27,Services,"Arts, entertainment and recreation",710.0,25-35
CIV,2020,male,28,Services,"Arts, entertainment and recreation",682.0,25-35
CIV,2020,male,29,Services,"Arts, entertainment and recreation",654.0,25-35
CIV,2020,male,30,Services,"Arts, entertainment and recreation",628.0,25-35
CIV,2020,male,31,Services,"Arts, entertainment and recreation",603.0,25-35
CIV,2020,male,32,Services,"Arts, entertainment and recreation",583.0,25-35
CIV,2020,male,33,Services,"Arts, entertainment and recreation",571.0,25-35
CIV,2020,male,34,Services,"Arts, entertainment and recreation",564.0,25-35
CIV,2020,male,35,Services,"Arts, entertainment and recreation",557.0,25-35
CIV,2021,male,25,Services,"Arts, entertainment and recreation",921.0,25-35
CIV,2021,male,26,Services,"Arts, entertainment and recreation",881.0,25-35
CIV,2021,male,27,Services,"Arts, entertainment and recreation",843.0,25-35
CIV,2021,male,28,Services,"Arts, entertainment and recreation",809.0,25-35
CIV,2021,male,29,Services,"Arts, entertainment and recreation",778.0,25-35
CIV,2021,male,30,Services,"Arts, entertainment and recreation",747.0,25-35
CIV,2021,male,31,Services,"Arts, entertainment and recreation",718.0,25-35
CIV,2021,male,32,Services,"Arts, entertainment and recreation",693.0,25-35
CIV,2021,male,33,Services,"Arts, entertainment and recreation",674.0,25-35
CIV,2021,male,34,Services,"Arts, entertainment and recreation",659.0,25-35
CIV,2021,male,35,Services,"Arts, entertainment and recreation",645.0,25-35
CIV,2022,male,25,Services,"Arts, entertainment and recreation",1288.0,25-35
CIV,2022,male,26,Services,"Arts, entertainment and recreation",1230.0,25-35
CIV,2022,male,27,Services,"Arts, entertainment and recreation",1176.0,25-35
CIV,2022,male,28,Services,"Arts, entertainment and recreation",1128.0,25-35
CIV,2022,male,29,Services,"Arts, entertainment and recreation",1085.0,25-35
CIV,2022,male,30,Services,"Arts, entertainment and recreation",1043.0,25-35
CIV,2022,male,31,Services,"Arts, entertainment and recreation",1003.0,25-35
CIV,2022,male,32,Services,"Arts, entertainment and recreation",967.0,25-35
CIV,2022,male,33,Services,"Arts, entertainment and recreation",935.0,25-35
CIV,2022,male,34,Services,"Arts, entertainment and recreation",907.0,25-35
CIV,2022,male,35,Services,"Arts, entertainment and recreation",881.0,25-35
CIV,2023,male,25,Services,"Arts, entertainment and recreation",1340.0,25-35
CIV,2023,male,26,Services,"Arts, entertainment and recreation",1280.0,25-35
CIV,2023,male,27,Services,"Arts, entertainment and recreation",1224.0,25-35
CIV,2023,male,28,Services,"Arts, entertainment and recreation",1174.0,25-35
CIV,2023,male,29,Services,"Arts, entertainment and recreation",1129.0,25-35
CIV,2023,male,30,Services,"Arts, entertainment and recreation",1085.0,25-35
CIV,2023,male,31,Services,"Arts, entertainment and recreation",1044.0,25-35
CIV,2023,male,32,Services,"Arts, entertainment and recreation",1004.0,25-35
CIV,2023,male,33,Services,"Arts, entertainment and recreation",967.0,25-35
CIV,2023,male,34,Services,"Arts, entertainment and recreation",933.0,25-35
CIV,2023,male,35,Services,"Arts, entertainment and recreation",901.0,25-35
CIV,2024,male,25,Services,"Arts, entertainment and recreation",1601.0,25-35
CIV,2024,male,26,Services,"Arts, entertainment and recreation",1532.0,25-35
CIV,2024,male,27,Services,"Arts, entertainment and recreation",1467.0,25-35
CIV,2024,male,28,Services,"Arts, entertainment and recreation",1407.0,25-35
CIV,2024,male,29,Services,"Arts, entertainment and recreation",1353.0,25-35
CIV,2024,male,30,Services,"Arts, entertainment and recreation",1300.0,25-35
CIV,2024,male,31,Services,"Arts, entertainment and recreation",1249.0,25-35
CIV,2024,male,32,Services,"Arts, entertainment and recreation",1200.0,25-35
CIV,2024,male,33,Services,"Arts, entertainment and recreation",1153.0,25-35
CIV,2024,male,34,Services,"Arts, entertainment and recreation",1108.0,25-35
CIV,2024,male,35,Services,"Arts, entertainment and recreation",1066.0,25-35
CIV,2025,male,25,Services,"Arts, entertainment and recreation",1683.0,25-35
CIV,2025,male,26,Services,"Arts, entertainment and recreation",1614.0,25-35
CIV,2025,male,27,Services,"Arts, entertainment and recreation",1547.0,25-35
CIV,2025,male,28,Services,"Arts, entertainment and recreation",1486.0,25-35
CIV,2025,male,29,Services,"Arts, entertainment and recreation",1427.0,25-35
CIV,2025,male,30,Services,"Arts, entertainment and recreation",1370.0,25-35
CIV,2025,male,31,Services,"Arts, entertainment and recreation",1315.0,25-35
CIV,2025,male,32,Services,"Arts, entertainment and recreation",1262.0,25-35
CIV,2025,male,33,Services,"Arts, entertainment and recreation",1210.0,25-35
CIV,2025,male,34,Services,"Arts, entertainment and recreation",1161.0,25-35
CIV,2025,male,35,Services,"Arts, entertainment and recreation",1114.0,25-35
CIV,2015,male,25,Industry,Construction,5719.0,25-35
CIV,2015,male,26,Industry,Construction,5455.0,25-35
CIV,2015,male,27,Industry,Construction,5215.0,25-35
CIV,2015,male,28,Industry,Construction,5001.0,25-35
CIV,2015,male,29,Industry,Construction,4812.0,25-35
CIV,2015,male,30,Industry,Construction,4637.0,25-35
CIV,2015,male,31,Industry,Construction,4467.0,25-35
CIV,2015,male,32,Industry,Construction,4348.0,25-35
CIV,2015,male,33,Industry,Construction,4297.0,25-35
CIV,2015,male,34,Industry,Construction,4289.0,25-35
CIV,2015,male,35,Industry,Construction,4283.0,25-35
CIV,2016,male,25,Industry,Construction,5507.0,25-35
CIV,2016,male,26,Industry,Construction,5254.0,25-35
CIV,2016,male,27,Industry,Construction,5021.0,25-35
CIV,2016,male,28,Industry,Construction,4811.0,25-35
CIV,2016,male,29,Industry,Construction,4623.0,25-35
CIV,2016,male,30,Industry,Construction,4447.0,25-35
CIV,2016,male,31,Industry,Construction,4276.0,25-35
CIV,2016,male,32,Industry,Construction,4155.0,25-35
CIV,2016,male,33,Industry,Construction,4100.0,25-35
CIV,2016,male,34,Industry,Construction,4088.0,25-35
CIV,2016,male,35,Industry,Construction,4078.0,25-35
CIV,2017,male,25,Industry,Construction,6380.0,25-35
CIV,2017,male,26,Industry,Construction,6090.0,25-35
CIV,2017,male,27,Industry,Construction,5820.0,25-35
CIV,2017,male,28,Industry,Construction,5575.0,25-35
CIV,2017,male,29,Industry,Construction,5353.0,25-35
CIV,2017,male,30,Industry,Construction,5145.0,25-35
CIV,2017,male,31,Industry,Construction,4941.0,25-35
CIV,2017,male,32,Industry,Construction,4793.0,25-35
CIV,2017,male,33,Industry,Construction,4721.0,25-35
CIV,2017,male,34,Industry,Construction,4698.0,25-35
CIV,2017,male,35,Industry,Construction,4675.0,25-35
CIV,2018,male,25,Industry,Construction,7059.0,25-35
CIV,2018,male,26,Industry,Construction,6744.0,25-35
CIV,2018,male,27,Industry,Construction,6449.0,25-35
CIV,2018,male,28,Industry,Construction,6178.0,25-35
CIV,2018,male,29,Industry,Construction,5931.0,25-35
CIV,2018,male,30,Industry,Construction,5697.0,25-35
CIV,2018,male,31,Industry,Construction,5468.0,25-35
CIV,2018,male,32,Industry,Construction,5297.0,25-35
CIV,2018,male,33,Industry,Construction,5207.0,25-35
CIV,2018,male,34,Industry,Construction,5168.0,25-35
CIV,2018,male,35,Industry,Construction,5130.0,25-35
CIV,2019,male,25,Industry,Construction,7927.0,25-35
CIV,2019,male,26,Industry,Construction,7587.0,25-35
CIV,2019,male,27,Industry,Construction,7265.0,25-35
CIV,2019,male,28,Industry,Construction,6963.0,25-35
CIV,2019,male,29,Industry,Construction,6685.0,25-35
CIV,2019,male,30,Industry,Construction,6419.0,25-35
CIV,2019,male,31,Industry,Construction,6159.0,25-35
CIV,2019,male,32,Industry,Construction,5960.0,25-35
CIV,2019,male,33,Industry,Construction,5847.0,25-35
CIV,2019,male,34,Industry,Construction,5789.0,25-35
CIV,2019,male,35,Industry,Construction,5733.0,25-35
CIV,2020,male,25,Industry,Construction,8592.0,25-35
CIV,2020,male,26,Industry,Construction,8244.0,25-35
CIV,2020,male,27,Industry,Construction,7910.0,25-35
CIV,2020,male,28,Industry,Construction,7589.0,25-35
CIV,2020,male,29,Industry,Construction,7286.0,25-35
CIV,2020,male,30,Industry,Construction,6997.0,25-35
CIV,2020,male,31,Industry,Construction,6712.0,25-35
CIV,2020,male,32,Industry,Construction,6490.0,25-35
CIV,2020,male,33,Industry,Construction,6358.0,25-35
CIV,2020,male,34,Industry,Construction,6282.0,25-35
CIV,2020,male,35,Industry,Construction,6208.0,25-35
CIV,2021,male,25,Industry,Construction,10203.0,25-35
CIV,2021,male,26,Industry,Construction,9759.0,25-35
CIV,2021,male,27,Industry,Construction,9341.0,25-35
CIV,2021,male,28,Industry,Construction,8960.0,25-35
CIV,2021,male,29,Industry,Construction,8612.0,25-35
CIV,2021,male,30,Industry,Construction,8278.0,25-35
CIV,2021,male,31,Industry,Construction,7955.0,25-35
CIV,2021,male,32,Industry,Construction,7680.0,25-35
CIV,2021,male,33,Industry,Construction,7469.0,25-35
CIV,2021,male,34,Industry,Construction,7303.0,25-35
CIV,2021,male,35,Industry,Construction,7145.0,25-35
CIV,2022,male,25,Industry,Construction,11564.0,25-35
CIV,2022,male,26,Industry,Construction,11046.0,25-35
CIV,2022,male,27,Industry,Construction,10563.0,25-35
CIV,2022,male,28,Industry,Construction,10132.0,25-35
CIV,2022,male,29,Industry,Construction,9743.0,25-35
CIV,2022,male,30,Industry,Construction,9367.0,25-35
CIV,2022,male,31,Industry,Construction,9007.0,25-35
CIV,2022,male,32,Industry,Construction,8682.0,25-35
CIV,2022,male,33,Industry,Construction,8397.0,25-35
CIV,2022,male,34,Industry,Construction,8147.0,25-35
CIV,2022,male,35,Industry,Construction,7909.0,25-35
CIV,2023,male,25,Industry,Construction,14425.0,25-35
CIV,2023,male,26,Industry,Construction,13781.0,25-35
CIV,2023,male,27,Industry,Construction,13180.0,25-35
CIV,2023,male,28,Industry,Construction,12644.0,25-35
CIV,2023,male,29,Industry,Construction,12159.0,25-35
CIV,2023,male,30,Industry,Construction,11686.0,25-35
CIV,2023,male,31,Industry,Construction,11236.0,25-35
CIV,2023,male,32,Industry,Construction,10813.0,25-35
CIV,2023,male,33,Industry,Construction,10416.0,25-35
CIV,2023,male,34,Industry,Construction,10049.0,25-35
CIV,2023,male,35,Industry,Construction,9701.0,25-35
CIV,2024,male,25,Industry,Construction,15386.0,25-35
CIV,2024,male,26,Industry,Construction,14720.0,25-35
CIV,2024,male,27,Industry,Construction,14091.0,25-35
CIV,2024,male,28,Industry,Construction,13522.0,25-35
CIV,2024,male,29,Industry,Construction,12998.0,25-35
CIV,2024,male,30,Industry,Construction,12486.0,25-35
CIV,2024,male,31,Industry,Construction,11997.0,25-35
CIV,2024,male,32,Industry,Construction,11528.0,25-35
CIV,2024,male,33,Industry,Construction,11074.0,25-35
CIV,2024,male,34,Industry,Construction,10645.0,25-35
CIV,2024,male,35,Industry,Construction,10238.0,25-35
CIV,2025,male,25,Industry,Construction,16500.0,25-35
CIV,2025,male,26,Industry,Construction,15821.0,25-35
CIV,2025,male,27,Industry,Construction,15169.0,25-35
CIV,2025,male,28,Industry,Construction,14562.0,25-35
CIV,2025,male,29,Industry,Construction,13991.0,25-35
CIV,2025,male,30,Industry,Construction,13431.0,25-35
CIV,2025,male,31,Industry,Construction,12892.0,25-35
CIV,2025,male,32,Industry,Construction,12370.0,25-35
CIV,2025,male,33,Industry,Construction,11864.0,25-35
CIV,2025,male,34,Industry,Construction,11382.0,25-35
CIV,2025,male,35,Industry,Construction,10923.0,25-35
CIV,2015,male,25,Services,Education,3176.0,25-35
CIV,2015,male,26,Services,Education,3030.0,25-35
CIV,2015,male,27,Services,Education,2896.0,25-35
CIV,2015,male,28,Services,Education,2777.0,25-35
CIV,2015,male,29,Services,Education,2672.0,25-35
CIV,2015,male,30,Services,Education,2575.0,25-35
CIV,2015,male,31,Services,Education,2481.0,25-35
CIV,2015,male,32,Services,Education,2415.0,25-35
CIV,2015,male,33,Services,Education,2387.0,25-35
CIV,2015,male,34,Services,Education,2382.0,25-35
CIV,2015,male,35,Services,Education,2378.0,25-35
CIV,2016,male,25,Services,Education,3316.0,25-35
CIV,2016,male,26,Services,Education,3163.0,25-35
CIV,2016,male,27,Services,Education,3023.0,25-35
CIV,2016,male,28,Services,Education,2896.0,25-35
CIV,2016,male,29,Services,Education,2783.0,25-35
CIV,2016,male,30,Services,Education,2678.0,25-35
CIV,2016,male,31,Services,Education,2575.0,25-35
CIV,2016,male,32,Services,Education,2502.0,25-35
CIV,2016,male,33,Services,Education,2469.0,25-35
CIV,2016,male,34,Services,Education,2461.0,25-35
CIV,2016,male,35,Services,Education,2455.0,25-35
CIV,2017,male,25,Services,Education,3159.0,25-35
CIV,2017,male,26,Services,Education,3015.0,25-35
CIV,2017,male,27,Services,Education,2881.0,25-35
CIV,2017,male,28,Services,Education,2760.0,25-35
CIV,2017,male,29,Services,Education,2650.0,25-35
CIV,2017,male,30,Services,Education,2547.0,25-35
CIV,2017,male,31,Services,Education,2446.0,25-35
CIV,2017,male,32,Services,Education,2373.0,25-35
CIV,2017,male,33,Services,Education,2337.0,25-35
CIV,2017,male,34,Services,Education,2326.0,25-35
CIV,2017,male,35,Services,Education,2315.0,25-35
CIV,2018,male,25,Services,Education,3958.0,25-35
CIV,2018,male,26,Services,Education,3782.0,25-35
CIV,2018,male,27,Services,Education,3616.0,25-35
CIV,2018,male,28,Services,Education,3464.0,25-35
CIV,2018,male,29,Services,Education,3326.0,25-35
CIV,2018,male,30,Services,Education,3195.0,25-35
CIV,2018,male,31,Services,Education,3066.0,25-35
CIV,2018,male,32,Services,Education,2970.0,25-35
CIV,2018,male,33,Services,Education,2920.0,25-35
CIV,2018,male,34,Services,Education,2898.0,25-35
CIV,2018,male,35,Services,Education,2877.0,25-35
CIV,2019,male,25,Services,Education,4942.0,25-35
CIV,2019,male,26,Services,Education,4730.0,25-35
CIV,2019,male,27,Services,Education,4529.0,25-35
CIV,2019,male,28,Services,Education,4341.0,25-35
CIV,2019,male,29,Services,Education,4167.0,25-35
CIV,2019,male,30,Services,Education,4002.0,25-35
CIV,2019,male,31,Services,Education,3839.0,25-35
CIV,2019,male,32,Services,Education,3716.0,25-35
CIV,2019,male,33,Services,Education,3645.0,25-35
CIV,2019,male,34,Services,Education,3609.0,25-35
CIV,2019,male,35,Services,Education,3574.0,25-35
CIV,2020,male,25,Services,Education,5960.0,25-35
CIV,2020,male,26,Services,Education,5719.0,25-35
CIV,2020,male,27,Services,Education,5487.0,25-35
CIV,2020,male,28,Services,Education,5264.0,25-35
CIV,2020,male,29,Services,Education,5054.0,25-35
CIV,2020,male,30,Services,Education,4853.0,25-35
CIV,2020,male,31,Services,Education,4656.0,25-35
CIV,2020,male,32,Services,Education,4502.0,25-35
CIV,2020,male,33,Services,Education,4410.0,25-35
CIV,2020,male,34,Services,Education,4358.0,25-35
CIV,2020,male,35,Services,Education,4306.0,25-35
CIV,2021,male,25,Services,Education,7384.0,25-35
CIV,2021,male,26,Services,Education,7063.0,25-35
CIV,2021,male,27,Services,Education,6760.0,25-35
CIV,2021,male,28,Services,Education,6485.0,25-35
CIV,2021,male,29,Services,Education,6233.0,25-35
CIV,2021,male,30,Services,Education,5991.0,25-35
CIV,2021,male,31,Services,Education,5757.0,25-35
CIV,2021,male,32,Services,Education,5559.0,25-35
CIV,2021,male,33,Services,Education,5406.0,25-35
CIV,2021,male,34,Services,Education,5286.0,25-35
CIV,2021,male,35,Services,Education,5171.0,25-35
CIV,2022,male,25,Services,Education,8998.0,25-35
CIV,2022,male,26,Services,Education,8594.0,25-35
CIV,2022,male,27,Services,Education,8218.0,25-35
CIV,2022,male,28,Services,Education,7883.0,25-35
CIV,2022,male,29,Services,Education,7581.0,25-35
CIV,2022,male,30,Services,Education,7288.0,25-35
CIV,2022,male,31,Services,Education,7008.0,25-35
CIV,2022,male,32,Services,Education,6755.0,25-35
CIV,2022,male,33,Services,Education,6534.0,25-35
CIV,2022,male,34,Services,Education,6339.0,25-35
CIV,2022,male,35,Services,Education,6153.0,25-35
CIV,2023,male,25,Services,Education,9330.0,25-35
CIV,2023,male,26,Services,Education,8914.0,25-35
CIV,2023,male,27,Services,Education,8525.0,25-35
CIV,2023,male,28,Services,Education,8178.0,25-35
CIV,2023,male,29,Services,Education,7864.0,25-35
CIV,2023,male,30,Services,Education,7559.0,25-35
CIV,2023,male,31,Services,Education,7267.0,25-35
CIV,2023,male,32,Services,Education,6994.0,25-35
CIV,2023,male,33,Services,Education,6737.0,25-35
CIV,2023,male,34,Services,Education,6499.0,25-35
CIV,2023,male,35,Services,Education,6274.0,25-35
CIV,2024,male,25,Services,Education,9817.0,25-35
CIV,2024,male,26,Services,Education,9392.0,25-35
CIV,2024,male,27,Services,Education,8990.0,25-35
CIV,2024,male,28,Services,Education,8627.0,25-35
CIV,2024,male,29,Services,Education,8293.0,25-35
CIV,2024,male,30,Services,Education,7967.0,25-35
CIV,2024,male,31,Services,Education,7654.0,25-35
CIV,2024,male,32,Services,Education,7355.0,25-35
CIV,2024,male,33,Services,Education,7066.0,25-35
CIV,2024,male,34,Services,Education,6792.0,25-35
CIV,2024,male,35,Services,Education,6532.0,25-35
CIV,2025,male,25,Services,Education,10350.0,25-35
CIV,2025,male,26,Services,Education,9924.0,25-35
CIV,2025,male,27,Services,Education,9515.0,25-35
CIV,2025,male,28,Services,Education,9134.0,25-35
CIV,2025,male,29,Services,Education,8776.0,25-35
CIV,2025,male,30,Services,Education,8425.0,25-35
CIV,2025,male,31,Services,Education,8087.0,25-35
CIV,2025,male,32,Services,Education,7759.0,25-35
CIV,2025,male,33,Services,Education,7442.0,25-35
CIV,2025,male,34,Services,Education,7140.0,25-35
CIV,2025,male,35,Services,Education,6852.0,25-35
CIV,2015,male,25,Industry,"Electricity; gas, steam and air conditioning supply",295.0,25-35
CIV,2015,male,26,Industry,"Electricity; gas, steam and air conditioning supply",282.0,25-35
CIV,2015,male,27,Industry,"Electricity; gas, steam and air conditioning supply",269.0,25-35
CIV,2015,male,28,Industry,"Electricity; gas, steam and air conditioning supply",258.0,25-35
CIV,2015,male,29,Industry,"Electricity; gas, steam and air conditioning supply",249.0,25-35
CIV,2015,male,30,Industry,"Electricity; gas, steam and air conditioning supply",240.0,25-35
CIV,2015,male,31,Industry,"Electricity; gas, steam and air conditioning supply",231.0,25-35
CIV,2015,male,32,Industry,"Electricity; gas, steam and air conditioning supply",225.0,25-35
CIV,2015,male,33,Industry,"Electricity; gas, steam and air conditioning supply",222.0,25-35
CIV,2015,male,34,Industry,"Electricity; gas, steam and air conditioning supply",222.0,25-35
CIV,2015,male,35,Industry,"Electricity; gas, steam and air conditioning supply",221.0,25-35
CIV,2016,male,25,Industry,"Electricity; gas, steam and air conditioning supply",115.0,25-35
CIV,2016,male,26,Industry,"Electricity; gas, steam and air conditioning supply",109.0,25-35
CIV,2016,male,27,Industry,"Electricity; gas, steam and air conditioning supply",105.0,25-35
CIV,2016,male,28,Industry,"Electricity; gas, steam and air conditioning supply",100.0,25-35
CIV,2016,male,29,Industry,"Electricity; gas, steam and air conditioning supply",96.0,25-35
CIV,2016,male,30,Industry,"Electricity; gas, steam and air conditioning supply",93.0,25-35
CIV,2016,male,31,Industry,"Electricity; gas, steam and air conditioning supply",89.0,25-35
CIV,2016,male,32,Industry,"Electricity; gas, steam and air conditioning supply",87.0,25-35
CIV,2016,male,33,Industry,"Electricity; gas, steam and air conditioning supply",85.0,25-35
CIV,2016,male,34,Industry,"Electricity; gas, steam and air conditioning supply",85.0,25-35
CIV,2016,male,35,Industry,"Electricity; gas, steam and air conditioning supply",85.0,25-35
CIV,2017,male,25,Industry,"Electricity; gas, steam and air conditioning supply",122.0,25-35
CIV,2017,male,26,Industry,"Electricity; gas, steam and air conditioning supply",117.0,25-35
CIV,2017,male,27,Industry,"Electricity; gas, steam and air conditioning supply",112.0,25-35
CIV,2017,male,28,Industry,"Electricity; gas, steam and air conditioning supply",107.0,25-35
CIV,2017,male,29,Industry,"Electricity; gas, steam and air conditioning supply",103.0,25-35
CIV,2017,male,30,Industry,"Electricity; gas, steam and air conditioning supply",99.0,25-35
CIV,2017,male,31,Industry,"Electricity; gas, steam and air conditioning supply",95.0,25-35
CIV,2017,male,32,Industry,"Electricity; gas, steam and air conditioning supply",92.0,25-35
CIV,2017,male,33,Industry,"Electricity; gas, steam and air conditioning supply",91.0,25-35
CIV,2017,male,34,Industry,"Electricity; gas, steam and air conditioning supply",90.0,25-35
CIV,2017,male,35,Industry,"Electricity; gas, steam and air conditioning supply",90.0,25-35
CIV,2018,male,25,Industry,"Electricity; gas, steam and air conditioning supply",253.0,25-35
CIV,2018,male,26,Industry,"Electricity; gas, steam and air conditioning supply",242.0,25-35
CIV,2018,male,27,Industry,"Electricity; gas, steam and air conditioning supply",231.0,25-35
CIV,2018,male,28,Industry,"Electricity; gas, steam and air conditioning supply",221.0,25-35
CIV,2018,male,29,Industry,"Electricity; gas, steam and air conditioning supply",212.0,25-35
CIV,2018,male,30,Industry,"Electricity; gas, steam and air conditioning supply",204.0,25-35
CIV,2018,male,31,Industry,"Electricity; gas, steam and air conditioning supply",196.0,25-35
CIV,2018,male,32,Industry,"Electricity; gas, steam and air conditioning supply",190.0,25-35
CIV,2018,male,33,Industry,"Electricity; gas, steam and air conditioning supply",187.0,25-35
CIV,2018,male,34,Industry,"Electricity; gas, steam and air conditioning supply",185.0,25-35
CIV,2018,male,35,Industry,"Electricity; gas, steam and air conditioning supply",184.0,25-35
CIV,2019,male,25,Industry,"Electricity; gas, steam and air conditioning supply",396.0,25-35
CIV,2019,male,26,Industry,"Electricity; gas, steam and air conditioning supply",379.0,25-35
CIV,2019,male,27,Industry,"Electricity; gas, steam and air conditioning supply",363.0,25-35
CIV,2019,male,28,Industry,"Electricity; gas, steam and air conditioning supply",348.0,25-35
CIV,2019,male,29,Industry,"Electricity; gas, steam and air conditioning supply",334.0,25-35
CIV,2019,male,30,Industry,"Electricity; gas, steam and air conditioning supply",321.0,25-35
CIV,2019,male,31,Industry,"Electricity; gas, steam and air conditioning supply",308.0,25-35
CIV,2019,male,32,Industry,"Electricity; gas, steam and air conditioning supply",298.0,25-35
CIV,2019,male,33,Industry,"Electricity; gas, steam and air conditioning supply",292.0,25-35
CIV,2019,male,34,Industry,"Electricity; gas, steam and air conditioning supply",289.0,25-35
CIV,2019,male,35,Industry,"Electricity; gas, steam and air conditioning supply",287.0,25-35
CIV,2020,male,25,Industry,"Electricity; gas, steam and air conditioning supply",390.0,25-35
CIV,2020,male,26,Industry,"Electricity; gas, steam and air conditioning supply",375.0,25-35
CIV,2020,male,27,Industry,"Electricity; gas, steam and air conditioning supply",359.0,25-35
CIV,2020,male,28,Industry,"Electricity; gas, steam and air conditioning supply",345.0,25-35
CIV,2020,male,29,Industry,"Electricity; gas, steam and air conditioning supply",331.0,25-35
CIV,2020,male,30,Industry,"Electricity; gas, steam and air conditioning supply",318.0,25-35
CIV,2020,male,31,Industry,"Electricity; gas, steam and air conditioning supply",305.0,25-35
CIV,2020,male,32,Industry,"Electricity; gas, steam and air conditioning supply",295.0,25-35
CIV,2020,male,33,Industry,"Electricity; gas, steam and air conditioning supply",289.0,25-35
CIV,2020,male,34,Industry,"Electricity; gas, steam and air conditioning supply",285.0,25-35
CIV,2020,male,35,Industry,"Electricity; gas, steam and air conditioning supply",282.0,25-35
CIV,2021,male,25,Industry,"Electricity; gas, steam and air conditioning supply",444.0,25-35
CIV,2021,male,26,Industry,"Electricity; gas, steam and air conditioning supply",424.0,25-35
CIV,2021,male,27,Industry,"Electricity; gas, steam and air conditioning supply",406.0,25-35
CIV,2021,male,28,Industry,"Electricity; gas, steam and air conditioning supply",390.0,25-35
CIV,2021,male,29,Industry,"Electricity; gas, steam and air conditioning supply",374.0,25-35
CIV,2021,male,30,Industry,"Electricity; gas, steam and air conditioning supply",360.0,25-35
CIV,2021,male,31,Industry,"Electricity; gas, steam and air conditioning supply",346.0,25-35
CIV,2021,male,32,Industry,"Electricity; gas, steam and air conditioning supply",334.0,25-35
CIV,2021,male,33,Industry,"Electricity; gas, steam and air conditioning supply",325.0,25-35
CIV,2021,male,34,Industry,"Electricity; gas, steam and air conditioning supply",318.0,25-35
CIV,2021,male,35,Industry,"Electricity; gas, steam and air conditioning supply",311.0,25-35
CIV,2022,male,25,Industry,"Electricity; gas, steam and air conditioning supply",493.0,25-35
CIV,2022,male,26,Industry,"Electricity; gas, steam and air conditioning supply",471.0,25-35
CIV,2022,male,27,Industry,"Electricity; gas, steam and air conditioning supply",450.0,25-35
CIV,2022,male,28,Industry,"Electricity; gas, steam and air conditioning supply",432.0,25-35
CIV,2022,male,29,Industry,"Electricity; gas, steam and air conditioning supply",415.0,25-35
CIV,2022,male,30,Industry,"Electricity; gas, steam and air conditioning supply",399.0,25-35
CIV,2022,male,31,Industry,"Electricity; gas, steam and air conditioning supply",384.0,25-35
CIV,2022,male,32,Industry,"Electricity; gas, steam and air conditioning supply",370.0,25-35
CIV,2022,male,33,Industry,"Electricity; gas, steam and air conditioning supply",358.0,25-35
CIV,2022,male,34,Industry,"Electricity; gas, steam and air conditioning supply",347.0,25-35
CIV,2022,male,35,Industry,"Electricity; gas, steam and air conditioning supply",337.0,25-35
CIV,2023,male,25,Industry,"Electricity; gas, steam and air conditioning supply",540.0,25-35
CIV,2023,male,26,Industry,"Electricity; gas, steam and air conditioning supply",516.0,25-35
CIV,2023,male,27,Industry,"Electricity; gas, steam and air conditioning supply",493.0,25-35
CIV,2023,male,28,Industry,"Electricity; gas, steam and air conditioning supply",473.0,25-35
CIV,2023,male,29,Industry,"Electricity; gas, steam and air conditioning supply",455.0,25-35
CIV,2023,male,30,Industry,"Electricity; gas, steam and air conditioning supply",437.0,25-35
CIV,2023,male,31,Industry,"Electricity; gas, steam and air conditioning supply",420.0,25-35
CIV,2023,male,32,Industry,"Electricity; gas, steam and air conditioning supply",405.0,25-35
CIV,2023,male,33,Industry,"Electricity; gas, steam and air conditioning supply",390.0,25-35
CIV,2023,male,34,Industry,"Electricity; gas, steam and air conditioning supply",376.0,25-35
CIV,2023,male,35,Industry,"Electricity; gas, steam and air conditioning supply",363.0,25-35
CIV,2024,male,25,Industry,"Electricity; gas, steam and air conditioning supply",572.0,25-35
CIV,2024,male,26,Industry,"Electricity; gas, steam and air conditioning supply",547.0,25-35
CIV,2024,male,27,Industry,"Electricity; gas, steam and air conditioning supply",524.0,25-35
CIV,2024,male,28,Industry,"Electricity; gas, steam and air conditioning supply",503.0,25-35
CIV,2024,male,29,Industry,"Electricity; gas, steam and air conditioning supply",483.0,25-35
CIV,2024,male,30,Industry,"Electricity; gas, steam and air conditioning supply",464.0,25-35
CIV,2024,male,31,Industry,"Electricity; gas, steam and air conditioning supply",446.0,25-35
CIV,2024,male,32,Industry,"Electricity; gas, steam and air conditioning supply",429.0,25-35
CIV,2024,male,33,Industry,"Electricity; gas, steam and air conditioning supply",412.0,25-35
CIV,2024,male,34,Industry,"Electricity; gas, steam and air conditioning supply",396.0,25-35
CIV,2024,male,35,Industry,"Electricity; gas, steam and air conditioning supply",381.0,25-35
CIV,2025,male,25,Industry,"Electricity; gas, steam and air conditioning supply",597.0,25-35
CIV,2025,male,26,Industry,"Electricity; gas, steam and air conditioning supply",572.0,25-35
CIV,2025,male,27,Industry,"Electricity; gas, steam and air conditioning supply",549.0,25-35
CIV,2025,male,28,Industry,"Electricity; gas, steam and air conditioning supply",527.0,25-35
CIV,2025,male,29,Industry,"Electricity; gas, steam and air conditioning supply",506.0,25-35
CIV,2025,male,30,Industry,"Electricity; gas, steam and air conditioning supply",486.0,25-35
CIV,2025,male,31,Industry,"Electricity; gas, steam and air conditioning supply",466.0,25-35
CIV,2025,male,32,Industry,"Electricity; gas, steam and air conditioning supply",447.0,25-35
CIV,2025,male,33,Industry,"Electricity; gas, steam and air conditioning supply",429.0,25-35
CIV,2025,male,34,Industry,"Electricity; gas, steam and air conditioning supply",412.0,25-35
CIV,2025,male,35,Industry,"Electricity; gas, steam and air conditioning supply",395.0,25-35
CIV,2015,male,25,Services,Financial and insurance activities,247.0,25-35
CIV,2015,male,26,Services,Financial and insurance activities,236.0,25-35
CIV,2015,male,27,Services,Financial and insurance activities,225.0,25-35
CIV,2015,male,28,Services,Financial and insurance activities,216.0,25-35
CIV,2015,male,29,Services,Financial and insurance activities,208.0,25-35
CIV,2015,male,30,Services,Financial and insurance activities,200.0,25-35
CIV,2015,male,31,Services,Financial and insurance activities,193.0,25-35
CIV,2015,male,32,Services,Financial and insurance activities,188.0,25-35
CIV,2015,male,33,Services,Financial and insurance activities,186.0,25-35
CIV,2015,male,34,Services,Financial and insurance activities,185.0,25-35
CIV,2015,male,35,Services,Financial and insurance activities,185.0,25-35
CIV,2016,male,25,Services,Financial and insurance activities,235.0,25-35
CIV,2016,male,26,Services,Financial and insurance activities,224.0,25-35
CIV,2016,male,27,Services,Financial and insurance activities,214.0,25-35
CIV,2016,male,28,Services,Financial and insurance activities,205.0,25-35
CIV,2016,male,29,Services,Financial and insurance activities,197.0,25-35
CIV,2016,male,30,Services,Financial and insurance activities,190.0,25-35
CIV,2016,male,31,Services,Financial and insurance activities,182.0,25-35
CIV,2016,male,32,Services,Financial and insurance activities,177.0,25-35
CIV,2016,male,33,Services,Financial and insurance activities,175.0,25-35
CIV,2016,male,34,Services,Financial and insurance activities,174.0,25-35
CIV,2016,male,35,Services,Financial and insurance activities,174.0,25-35
CIV,2017,male,25,Services,Financial and insurance activities,344.0,25-35
CIV,2017,male,26,Services,Financial and insurance activities,329.0,25-35
CIV,2017,male,27,Services,Financial and insurance activities,314.0,25-35
CIV,2017,male,28,Services,Financial and insurance activities,301.0,25-35
CIV,2017,male,29,Services,Financial and insurance activities,289.0,25-35
CIV,2017,male,30,Services,Financial and insurance activities,278.0,25-35
CIV,2017,male,31,Services,Financial and insurance activities,267.0,25-35
CIV,2017,male,32,Services,Financial and insurance activities,259.0,25-35
CIV,2017,male,33,Services,Financial and insurance activities,255.0,25-35
CIV,2017,male,34,Services,Financial and insurance activities,253.0,25-35
CIV,2017,male,35,Services,Financial and insurance activities,252.0,25-35
CIV,2018,male,25,Services,Financial and insurance activities,539.0,25-35
CIV,2018,male,26,Services,Financial and insurance activities,515.0,25-35
CIV,2018,male,27,Services,Financial and insurance activities,492.0,25-35
CIV,2018,male,28,Services,Financial and insurance activities,471.0,25-35
CIV,2018,male,29,Services,Financial and insurance activities,453.0,25-35
CIV,2018,male,30,Services,Financial and insurance activities,435.0,25-35
CIV,2018,male,31,Services,Financial and insurance activities,417.0,25-35
CIV,2018,male,32,Services,Financial and insurance activities,404.0,25-35
CIV,2018,male,33,Services,Financial and insurance activities,397.0,25-35
CIV,2018,male,34,Services,Financial and insurance activities,394.0,25-35
CIV,2018,male,35,Services,Financial and insurance activities,391.0,25-35
CIV,2019,male,25,Services,Financial and insurance activities,849.0,25-35
CIV,2019,male,26,Services,Financial and insurance activities,812.0,25-35
CIV,2019,male,27,Services,Financial and insurance activities,778.0,25-35
CIV,2019,male,28,Services,Financial and insurance activities,745.0,25-35
CIV,2019,male,29,Services,Financial and insurance activities,716.0,25-35
CIV,2019,male,30,Services,Financial and insurance activities,687.0,25-35
CIV,2019,male,31,Services,Financial and insurance activities,659.0,25-35
CIV,2019,male,32,Services,Financial and insurance activities,638.0,25-35
CIV,2019,male,33,Services,Financial and insurance activities,626.0,25-35
CIV,2019,male,34,Services,Financial and insurance activities,620.0,25-35
CIV,2019,male,35,Services,Financial and insurance activities,614.0,25-35
CIV,2020,male,25,Services,Financial and insurance activities,1001.0,25-35
CIV,2020,male,26,Services,Financial and insurance activities,961.0,25-35
CIV,2020,male,27,Services,Financial and insurance activities,922.0,25-35
CIV,2020,male,28,Services,Financial and insurance activities,884.0,25-35
CIV,2020,male,29,Services,Financial and insurance activities,849.0,25-35
CIV,2020,male,30,Services,Financial and insurance activities,815.0,25-35
CIV,2020,male,31,Services,Financial and insurance activities,782.0,25-35
CIV,2020,male,32,Services,Financial and insurance activities,756.0,25-35
CIV,2020,male,33,Services,Financial and insurance activities,741.0,25-35
CIV,2020,male,34,Services,Financial and insurance activities,732.0,25-35
CIV,2020,male,35,Services,Financial and insurance activities,723.0,25-35
CIV,2021,male,25,Services,Financial and insurance activities,1329.0,25-35
CIV,2021,male,26,Services,Financial and insurance activities,1272.0,25-35
CIV,2021,male,27,Services,Financial and insurance activities,1217.0,25-35
CIV,2021,male,28,Services,Financial and insurance activities,1167.0,25-35
CIV,2021,male,29,Services,Financial and insurance activities,1122.0,25-35
CIV,2021,male,30,Services,Financial and insurance activities,1079.0,25-35
CIV,2021,male,31,Services,Financial and insurance activities,1036.0,25-35
CIV,2021,male,32,Services,Financial and insurance activities,1001.0,25-35
CIV,2021,male,33,Services,Financial and insurance activities,973.0,25-35
CIV,2021,male,34,Services,Financial and insurance activities,952.0,25-35
CIV,2021,male,35,Services,Financial and insurance activities,931.0,25-35
CIV,2022,male,25,Services,Financial and insurance activities,1836.0,25-35
CIV,2022,male,26,Services,Financial and insurance activities,1753.0,25-35
CIV,2022,male,27,Services,Financial and insurance activities,1677.0,25-35
CIV,2022,male,28,Services,Financial and insurance activities,1608.0,25-35
CIV,2022,male,29,Services,Financial and insurance activities,1547.0,25-35
CIV,2022,male,30,Services,Financial and insurance activities,1487.0,25-35
CIV,2022,male,31,Services,Financial and insurance activities,1430.0,25-35
CIV,2022,male,32,Services,Financial and insurance activities,1378.0,25-35
CIV,2022,male,33,Services,Financial and insurance activities,1333.0,25-35
CIV,2022,male,34,Services,Financial and insurance activities,1293.0,25-35
CIV,2022,male,35,Services,Financial and insurance activities,1255.0,25-35
CIV,2023,male,25,Services,Financial and insurance activities,2122.0,25-35
CIV,2023,male,26,Services,Financial and insurance activities,2027.0,25-35
CIV,2023,male,27,Services,Financial and insurance activities,1939.0,25-35
CIV,2023,male,28,Services,Financial and insurance activities,1860.0,25-35
CIV,2023,male,29,Services,Financial and insurance activities,1789.0,25-35
CIV,2023,male,30,Services,Financial and insurance activities,1719.0,25-35
CIV,2023,male,31,Services,Financial and insurance activities,1653.0,25-35
CIV,2023,male,32,Services,Financial and insurance activities,1591.0,25-35
CIV,2023,male,33,Services,Financial and insurance activities,1532.0,25-35
CIV,2023,male,34,Services,Financial and insurance activities,1478.0,25-35
CIV,2023,male,35,Services,Financial and insurance activities,1427.0,25-35
CIV,2024,male,25,Services,Financial and insurance activities,2241.0,25-35
CIV,2024,male,26,Services,Financial and insurance activities,2144.0,25-35
CIV,2024,male,27,Services,Financial and insurance activities,2052.0,25-35
CIV,2024,male,28,Services,Financial and insurance activities,1969.0,25-35
CIV,2024,male,29,Services,Financial and insurance activities,1893.0,25-35
CIV,2024,male,30,Services,Financial and insurance activities,1819.0,25-35
CIV,2024,male,31,Services,Financial and insurance activities,1747.0,25-35
CIV,2024,male,32,Services,Financial and insurance activities,1679.0,25-35
CIV,2024,male,33,Services,Financial and insurance activities,1613.0,25-35
CIV,2024,male,34,Services,Financial and insurance activities,1550.0,25-35
CIV,2024,male,35,Services,Financial and insurance activities,1491.0,25-35
CIV,2025,male,25,Services,Financial and insurance activities,2377.0,25-35
CIV,2025,male,26,Services,Financial and insurance activities,2280.0,25-35
CIV,2025,male,27,Services,Financial and insurance activities,2186.0,25-35
CIV,2025,male,28,Services,Financial and insurance activities,2098.0,25-35
CIV,2025,male,29,Services,Financial and insurance activities,2016.0,25-35
CIV,2025,male,30,Services,Financial and insurance activities,1935.0,25-35
CIV,2025,male,31,Services,Financial and insurance activities,1858.0,25-35
CIV,2025,male,32,Services,Financial and insurance activities,1782.0,25-35
CIV,2025,male,33,Services,Financial and insurance activities,1709.0,25-35
CIV,2025,male,34,Services,Financial and insurance activities,1640.0,25-35
CIV,2025,male,35,Services,Financial and insurance activities,1574.0,25-35
CIV,2015,male,25,Services,Human health and social work activities,1621.0,25-35
CIV,2015,male,26,Services,Human health and social work activities,1546.0,25-35
CIV,2015,male,27,Services,Human health and social work activities,1478.0,25-35
CIV,2015,male,28,Services,Human health and social work activities,1418.0,25-35
CIV,2015,male,29,Services,Human health and social work activities,1364.0,25-35
CIV,2015,male,30,Services,Human health and social work activities,1314.0,25-35
CIV,2015,male,31,Services,Human health and social work activities,1266.0,25-35
CIV,2015,male,32,Services,Human health and social work activities,1233.0,25-35
CIV,2015,male,33,Services,Human health and social work activities,1218.0,25-35
CIV,2015,male,34,Services,Human health and social work activities,1216.0,25-35
CIV,2015,male,35,Services,Human health and social work activities,1214.0,25-35
CIV,2016,male,25,Services,Human health and social work activities,1632.0,25-35
CIV,2016,male,26,Services,Human health and social work activities,1557.0,25-35
CIV,2016,male,27,Services,Human health and social work activities,1488.0,25-35
CIV,2016,male,28,Services,Human health and social work activities,1425.0,25-35
CIV,2016,male,29,Services,Human health and social work activities,1370.0,25-35
CIV,2016,male,30,Services,Human health and social work activities,1318.0,25-35
CIV,2016,male,31,Services,Human health and social work activities,1267.0,25-35
CIV,2016,male,32,Services,Human health and social work activities,1231.0,25-35
CIV,2016,male,33,Services,Human health and social work activities,1215.0,25-35
CIV,2016,male,34,Services,Human health and social work activities,1211.0,25-35
CIV,2016,male,35,Services,Human health and social work activities,1208.0,25-35
CIV,2017,male,25,Services,Human health and social work activities,1728.0,25-35
CIV,2017,male,26,Services,Human health and social work activities,1650.0,25-35
CIV,2017,male,27,Services,Human health and social work activities,1577.0,25-35
CIV,2017,male,28,Services,Human health and social work activities,1510.0,25-35
CIV,2017,male,29,Services,Human health and social work activities,1450.0,25-35
CIV,2017,male,30,Services,Human health and social work activities,1394.0,25-35
CIV,2017,male,31,Services,Human health and social work activities,1339.0,25-35
CIV,2017,male,32,Services,Human health and social work activities,1298.0,25-35
CIV,2017,male,33,Services,Human health and social work activities,1279.0,25-35
CIV,2017,male,34,Services,Human health and social work activities,1273.0,25-35
CIV,2017,male,35,Services,Human health and social work activities,1267.0,25-35
CIV,2018,male,25,Services,Human health and social work activities,2092.0,25-35
CIV,2018,male,26,Services,Human health and social work activities,1999.0,25-35
CIV,2018,male,27,Services,Human health and social work activities,1912.0,25-35
CIV,2018,male,28,Services,Human health and social work activities,1831.0,25-35
CIV,2018,male,29,Services,Human health and social work activities,1758.0,25-35
CIV,2018,male,30,Services,Human health and social work activities,1689.0,25-35
CIV,2018,male,31,Services,Human health and social work activities,1621.0,25-35
CIV,2018,male,32,Services,Human health and social work activities,1570.0,25-35
CIV,2018,male,33,Services,Human health and social work activities,1543.0,25-35
CIV,2018,male,34,Services,Human health and social work activities,1532.0,25-35
CIV,2018,male,35,Services,Human health and social work activities,1521.0,25-35
CIV,2019,male,25,Services,Human health and social work activities,2451.0,25-35
CIV,2019,male,26,Services,Human health and social work activities,2346.0,25-35
CIV,2019,male,27,Services,Human health and social work activities,2246.0,25-35
CIV,2019,male,28,Services,Human health and social work activities,2153.0,25-35
CIV,2019,male,29,Services,Human health and social work activities,2067.0,25-35
CIV,2019,male,30,Services,Human health and social work activities,1985.0,25-35
CIV,2019,male,31,Services,Human health and social work activities,1904.0,25-35
CIV,2019,male,32,Services,Human health and social work activities,1843.0,25-35
CIV,2019,male,33,Services,Human health and social work activities,1808.0,25-35
CIV,2019,male,34,Services,Human health and social work activities,1790.0,25-35
CIV,2019,male,35,Services,Human health and social work activities,1773.0,25-35
CIV,2020,male,25,Services,Human health and social work activities,2751.0,25-35
CIV,2020,male,26,Services,Human health and social work activities,2640.0,25-35
CIV,2020,male,27,Services,Human health and social work activities,2533.0,25-35
CIV,2020,male,28,Services,Human health and social work activities,2430.0,25-35
CIV,2020,male,29,Services,Human health and social work activities,2333.0,25-35
CIV,2020,male,30,Services,Human health and social work activities,2240.0,25-35
CIV,2020,male,31,Services,Human health and social work activities,2149.0,25-35
CIV,2020,male,32,Services,Human health and social work activities,2078.0,25-35
CIV,2020,male,33,Services,Human health and social work activities,2035.0,25-35
CIV,2020,male,34,Services,Human health and social work activities,2011.0,25-35
CIV,2020,male,35,Services,Human health and social work activities,1987.0,25-35
CIV,2021,male,25,Services,Human health and social work activities,3189.0,25-35
CIV,2021,male,26,Services,Human health and social work activities,3050.0,25-35
CIV,2021,male,27,Services,Human health and social work activities,2919.0,25-35
CIV,2021,male,28,Services,Human health and social work activities,2800.0,25-35
CIV,2021,male,29,Services,Human health and social work activities,2692.0,25-35
CIV,2021,male,30,Services,Human health and social work activities,2587.0,25-35
CIV,2021,male,31,Services,Human health and social work activities,2486.0,25-35
CIV,2021,male,32,Services,Human health and social work activities,2400.0,25-35
CIV,2021,male,33,Services,Human health and social work activities,2334.0,25-35
CIV,2021,male,34,Services,Human health and social work activities,2283.0,25-35
CIV,2021,male,35,Services,Human health and social work activities,2233.0,25-35
CIV,2022,male,25,Services,Human health and social work activities,3789.0,25-35
CIV,2022,male,26,Services,Human health and social work activities,3620.0,25-35
CIV,2022,male,27,Services,Human health and social work activities,3461.0,25-35
CIV,2022,male,28,Services,Human health and social work activities,3320.0,25-35
CIV,2022,male,29,Services,Human health and social work activities,3193.0,25-35
CIV,2022,male,30,Services,Human health and social work activities,3069.0,25-35
CIV,2022,male,31,Services,Human health and social work activities,2952.0,25-35
CIV,2022,male,32,Services,Human health and social work activities,2845.0,25-35
CIV,2022,male,33,Services,Human health and social work activities,2752.0,25-35
CIV,2022,male,34,Services,Human health and social work activities,2670.0,25-35
CIV,2022,male,35,Services,Human health and social work activities,2591.0,25-35
CIV,2023,male,25,Services,Human health and social work activities,4519.0,25-35
CIV,2023,male,26,Services,Human health and social work activities,4317.0,25-35
CIV,2023,male,27,Services,Human health and social work activities,4129.0,25-35
CIV,2023,male,28,Services,Human health and social work activities,3961.0,25-35
CIV,2023,male,29,Services,Human health and social work activities,3809.0,25-35
CIV,2023,male,30,Services,Human health and social work activities,3661.0,25-35
CIV,2023,male,31,Services,Human health and social work activities,3520.0,25-35
CIV,2023,male,32,Services,Human health and social work activities,3387.0,25-35
CIV,2023,male,33,Services,Human health and social work activities,3263.0,25-35
CIV,2023,male,34,Services,Human health and social work activities,3148.0,25-35
CIV,2023,male,35,Services,Human health and social work activities,3039.0,25-35
CIV,2024,male,25,Services,Human health and social work activities,4901.0,25-35
CIV,2024,male,26,Services,Human health and social work activities,4689.0,25-35
CIV,2024,male,27,Services,Human health and social work activities,4489.0,25-35
CIV,2024,male,28,Services,Human health and social work activities,4307.0,25-35
CIV,2024,male,29,Services,Human health and social work activities,4141.0,25-35
CIV,2024,male,30,Services,Human health and social work activities,3978.0,25-35
CIV,2024,male,31,Services,Human health and social work activities,3822.0,25-35
CIV,2024,male,32,Services,Human health and social work activities,3672.0,25-35
CIV,2024,male,33,Services,Human health and social work activities,3528.0,25-35
CIV,2024,male,34,Services,Human health and social work activities,3391.0,25-35
CIV,2024,male,35,Services,Human health and social work activities,3261.0,25-35
CIV,2025,male,25,Services,Human health and social work activities,5144.0,25-35
CIV,2025,male,26,Services,Human health and social work activities,4933.0,25-35
CIV,2025,male,27,Services,Human health and social work activities,4729.0,25-35
CIV,2025,male,28,Services,Human health and social work activities,4540.0,25-35
CIV,2025,male,29,Services,Human health and social work activities,4362.0,25-35
CIV,2025,male,30,Services,Human health and social work activities,4187.0,25-35
CIV,2025,male,31,Services,Human health and social work activities,4019.0,25-35
CIV,2025,male,32,Services,Human health and social work activities,3857.0,25-35
CIV,2025,male,33,Services,Human health and social work activities,3699.0,25-35
CIV,2025,male,34,Services,Human health and social work activities,3549.0,25-35
CIV,2025,male,35,Services,Human health and social work activities,3406.0,25-35
CIV,2015,male,25,Services,Information and communication,2091.0,25-35
CIV,2015,male,26,Services,Information and communication,1995.0,25-35
CIV,2015,male,27,Services,Information and communication,1907.0,25-35
CIV,2015,male,28,Services,Information and communication,1829.0,25-35
CIV,2015,male,29,Services,Information and communication,1760.0,25-35
CIV,2015,male,30,Services,Information and communication,1695.0,25-35
CIV,2015,male,31,Services,Information and communication,1633.0,25-35
CIV,2015,male,32,Services,Information and communication,1590.0,25-35
CIV,2015,male,33,Services,Information and communication,1571.0,25-35
CIV,2015,male,34,Services,Information and communication,1568.0,25-35
CIV,2015,male,35,Services,Information and communication,1566.0,25-35
CIV,2016,male,25,Services,Information and communication,2151.0,25-35
CIV,2016,male,26,Services,Information and communication,2052.0,25-35
CIV,2016,male,27,Services,Information and communication,1961.0,25-35
CIV,2016,male,28,Services,Information and communication,1879.0,25-35
CIV,2016,male,29,Services,Information and communication,1806.0,25-35
CIV,2016,male,30,Services,Information and communication,1737.0,25-35
CIV,2016,male,31,Services,Information and communication,1671.0,25-35
CIV,2016,male,32,Services,Information and communication,1623.0,25-35
CIV,2016,male,33,Services,Information and communication,1602.0,25-35
CIV,2016,male,34,Services,Information and communication,1597.0,25-35
CIV,2016,male,35,Services,Information and communication,1593.0,25-35
CIV,2017,male,25,Services,Information and communication,2406.0,25-35
CIV,2017,male,26,Services,Information and communication,2296.0,25-35
CIV,2017,male,27,Services,Information and communication,2194.0,25-35
CIV,2017,male,28,Services,Information and communication,2102.0,25-35
CIV,2017,male,29,Services,Information and communication,2018.0,25-35
CIV,2017,male,30,Services,Information and communication,1940.0,25-35
CIV,2017,male,31,Services,Information and communication,1863.0,25-35
CIV,2017,male,32,Services,Information and communication,1807.0,25-35
CIV,2017,male,33,Services,Information and communication,1780.0,25-35
CIV,2017,male,34,Services,Information and communication,1771.0,25-35
CIV,2017,male,35,Services,Information and communication,1763.0,25-35
CIV,2018,male,25,Services,Information and communication,2068.0,25-35
CIV,2018,male,26,Services,Information and communication,1976.0,25-35
CIV,2018,male,27,Services,Information and communication,1890.0,25-35
CIV,2018,male,28,Services,Information and communication,1810.0,25-35
CIV,2018,male,29,Services,Information and communication,1738.0,25-35
CIV,2018,male,30,Services,Information and communication,1669.0,25-35
CIV,2018,male,31,Services,Information and communication,1602.0,25-35
CIV,2018,male,32,Services,Information and communication,1552.0,25-35
CIV,2018,male,33,Services,Information and communication,1526.0,25-35
CIV,2018,male,34,Services,Information and communication,1514.0,25-35
CIV,2018,male,35,Services,Information and communication,1503.0,25-35
CIV,2019,male,25,Services,Information and communication,1792.0,25-35
CIV,2019,male,26,Services,Information and communication,1715.0,25-35
CIV,2019,male,27,Services,Information and communication,1642.0,25-35
CIV,2019,male,28,Services,Information and communication,1574.0,25-35
CIV,2019,male,29,Services,Information and communication,1511.0,25-35
CIV,2019,male,30,Services,Information and communication,1451.0,25-35
CIV,2019,male,31,Services,Information and communication,1392.0,25-35
CIV,2019,male,32,Services,Information and communication,1347.0,25-35
CIV,2019,male,33,Services,Information and communication,1321.0,25-35
CIV,2019,male,34,Services,Information and communication,1308.0,25-35
CIV,2019,male,35,Services,Information and communication,1296.0,25-35
CIV,2020,male,25,Services,Information and communication,2666.0,25-35
CIV,2020,male,26,Services,Information and communication,2558.0,25-35
CIV,2020,male,27,Services,Information and communication,2455.0,25-35
CIV,2020,male,28,Services,Information and communication,2355.0,25-35
CIV,2020,male,29,Services,Information and communication,2261.0,25-35
CIV,2020,male,30,Services,Information and communication,2171.0,25-35
CIV,2020,male,31,Services,Information and communication,2083.0,25-35
CIV,2020,male,32,Services,Information and communication,2014.0,25-35
CIV,2020,male,33,Services,Information and communication,1973.0,25-35
CIV,2020,male,34,Services,Information and communication,1950.0,25-35
CIV,2020,male,35,Services,Information and communication,1926.0,25-35
CIV,2021,male,25,Services,Information and communication,2612.0,25-35
CIV,2021,male,26,Services,Information and communication,2498.0,25-35
CIV,2021,male,27,Services,Information and communication,2391.0,25-35
CIV,2021,male,28,Services,Information and communication,2294.0,25-35
CIV,2021,male,29,Services,Information and communication,2205.0,25-35
CIV,2021,male,30,Services,Information and communication,2119.0,25-35
CIV,2021,male,31,Services,Information and communication,2036.0,25-35
CIV,2021,male,32,Services,Information and communication,1966.0,25-35
CIV,2021,male,33,Services,Information and communication,1912.0,25-35
CIV,2021,male,34,Services,Information and communication,1870.0,25-35
CIV,2021,male,35,Services,Information and communication,1829.0,25-35
CIV,2022,male,25,Services,Information and communication,2236.0,25-35
CIV,2022,male,26,Services,Information and communication,2136.0,25-35
CIV,2022,male,27,Services,Information and communication,2043.0,25-35
CIV,2022,male,28,Services,Information and communication,1959.0,25-35
CIV,2022,male,29,Services,Information and communication,1884.0,25-35
CIV,2022,male,30,Services,Information and communication,1811.0,25-35
CIV,2022,male,31,Services,Information and communication,1742.0,25-35
CIV,2022,male,32,Services,Information and communication,1679.0,25-35
CIV,2022,male,33,Services,Information and communication,1624.0,25-35
CIV,2022,male,34,Services,Information and communication,1575.0,25-35
CIV,2022,male,35,Services,Information and communication,1529.0,25-35
CIV,2023,male,25,Services,Information and communication,2926.0,25-35
CIV,2023,male,26,Services,Information and communication,2796.0,25-35
CIV,2023,male,27,Services,Information and communication,2674.0,25-35
CIV,2023,male,28,Services,Information and communication,2565.0,25-35
CIV,2023,male,29,Services,Information and communication,2467.0,25-35
CIV,2023,male,30,Services,Information and communication,2371.0,25-35
CIV,2023,male,31,Services,Information and communication,2279.0,25-35
CIV,2023,male,32,Services,Information and communication,2194.0,25-35
CIV,2023,male,33,Services,Information and communication,2113.0,25-35
CIV,2023,male,34,Services,Information and communication,2039.0,25-35
CIV,2023,male,35,Services,Information and communication,1968.0,25-35
CIV,2024,male,25,Services,Information and communication,3073.0,25-35
CIV,2024,male,26,Services,Information and communication,2940.0,25-35
CIV,2024,male,27,Services,Information and communication,2815.0,25-35
CIV,2024,male,28,Services,Information and communication,2701.0,25-35
CIV,2024,male,29,Services,Information and communication,2596.0,25-35
CIV,2024,male,30,Services,Information and communication,2494.0,25-35
CIV,2024,male,31,Services,Information and communication,2396.0,25-35
CIV,2024,male,32,Services,Information and communication,2303.0,25-35
CIV,2024,male,33,Services,Information and communication,2212.0,25-35
CIV,2024,male,34,Services,Information and communication,2126.0,25-35
CIV,2024,male,35,Services,Information and communication,2045.0,25-35
CIV,2025,male,25,Services,Information and communication,3240.0,25-35
CIV,2025,male,26,Services,Information and communication,3107.0,25-35
CIV,2025,male,27,Services,Information and communication,2979.0,25-35
CIV,2025,male,28,Services,Information and communication,2860.0,25-35
CIV,2025,male,29,Services,Information and communication,2748.0,25-35
CIV,2025,male,30,Services,Information and communication,2638.0,25-35
CIV,2025,male,31,Services,Information and communication,2532.0,25-35
CIV,2025,male,32,Services,Information and communication,2429.0,25-35
CIV,2025,male,33,Services,Information and communication,2330.0,25-35
CIV,2025,male,34,Services,Information and communication,2235.0,25-35
CIV,2025,male,35,Services,Information and communication,2145.0,25-35
CIV,2015,male,25,Industry,Manufacturing,12465.0,25-35
CIV,2015,male,26,Industry,Manufacturing,11890.0,25-35
CIV,2015,male,27,Industry,Manufacturing,11368.0,25-35
CIV,2015,male,28,Industry,Manufacturing,10901.0,25-35
CIV,2015,male,29,Industry,Manufacturing,10489.0,25-35
CIV,2015,male,30,Industry,Manufacturing,10107.0,25-35
CIV,2015,male,31,Industry,Manufacturing,9737.0,25-35
CIV,2015,male,32,Industry,Manufacturing,9477.0,25-35
CIV,2015,male,33,Industry,Manufacturing,9367.0,25-35
CIV,2015,male,34,Industry,Manufacturing,9349.0,25-35
CIV,2015,male,35,Industry,Manufacturing,9335.0,25-35
CIV,2016,male,25,Industry,Manufacturing,12434.0,25-35
CIV,2016,male,26,Industry,Manufacturing,11862.0,25-35
CIV,2016,male,27,Industry,Manufacturing,11337.0,25-35
CIV,2016,male,28,Industry,Manufacturing,10862.0,25-35
CIV,2016,male,29,Industry,Manufacturing,10438.0,25-35
CIV,2016,male,30,Industry,Manufacturing,10041.0,25-35
CIV,2016,male,31,Industry,Manufacturing,9656.0,25-35
CIV,2016,male,32,Industry,Manufacturing,9381.0,25-35
CIV,2016,male,33,Industry,Manufacturing,9259.0,25-35
CIV,2016,male,34,Industry,Manufacturing,9231.0,25-35
CIV,2016,male,35,Industry,Manufacturing,9207.0,25-35
CIV,2017,male,25,Industry,Manufacturing,13298.0,25-35
CIV,2017,male,26,Industry,Manufacturing,12692.0,25-35
CIV,2017,male,27,Industry,Manufacturing,12131.0,25-35
CIV,2017,male,28,Industry,Manufacturing,11619.0,25-35
CIV,2017,male,29,Industry,Manufacturing,11157.0,25-35
CIV,2017,male,30,Industry,Manufacturing,10723.0,25-35
CIV,2017,male,31,Industry,Manufacturing,10299.0,25-35
CIV,2017,male,32,Industry,Manufacturing,9990.0,25-35
CIV,2017,male,33,Industry,Manufacturing,9840.0,25-35
CIV,2017,male,34,Industry,Manufacturing,9791.0,25-35
CIV,2017,male,35,Industry,Manufacturing,9744.0,25-35
CIV,2018,male,25,Industry,Manufacturing,14482.0,25-35
CIV,2018,male,26,Industry,Manufacturing,13836.0,25-35
CIV,2018,male,27,Industry,Manufacturing,13232.0,25-35
CIV,2018,male,28,Industry,Manufacturing,12676.0,25-35
CIV,2018,male,29,Industry,Manufacturing,12169.0,25-35
CIV,2018,male,30,Industry,Manufacturing,11689.0,25-35
CIV,2018,male,31,Industry,Manufacturing,11219.0,25-35
CIV,2018,male,32,Industry,Manufacturing,10868.0,25-35
CIV,2018,male,33,Industry,Manufacturing,10682.0,25-35
CIV,2018,male,34,Industry,Manufacturing,10603.0,25-35
CIV,2018,male,35,Industry,Manufacturing,10525.0,25-35
CIV,2019,male,25,Industry,Manufacturing,15772.0,25-35
CIV,2019,male,26,Industry,Manufacturing,15095.0,25-35
CIV,2019,male,27,Industry,Manufacturing,14454.0,25-35
CIV,2019,male,28,Industry,Manufacturing,13854.0,25-35
CIV,2019,male,29,Industry,Manufacturing,13300.0,25-35
CIV,2019,male,30,Industry,Manufacturing,12772.0,25-35
CIV,2019,male,31,Industry,Manufacturing,12254.0,25-35
CIV,2019,male,32,Industry,Manufacturing,11859.0,25-35
CIV,2019,male,33,Industry,Manufacturing,11634.0,25-35
CIV,2019,male,34,Industry,Manufacturing,11519.0,25-35
CIV,2019,male,35,Industry,Manufacturing,11406.0,25-35
CIV,2020,male,25,Industry,Manufacturing,16733.0,25-35
CIV,2020,male,26,Industry,Manufacturing,16056.0,25-35
CIV,2020,male,27,Industry,Manufacturing,15404.0,25-35
CIV,2020,male,28,Industry,Manufacturing,14779.0,25-35
CIV,2020,male,29,Industry,Manufacturing,14189.0,25-35
CIV,2020,male,30,Industry,Manufacturing,13626.0,25-35
CIV,2020,male,31,Industry,Manufacturing,13071.0,25-35
CIV,2020,male,32,Industry,Manufacturing,12640.0,25-35
CIV,2020,male,33,Industry,Manufacturing,12381.0,25-35
CIV,2020,male,34,Industry,Manufacturing,12234.0,25-35
CIV,2020,male,35,Industry,Manufacturing,12089.0,25-35
CIV,2021,male,25,Industry,Manufacturing,17862.0,25-35
CIV,2021,male,26,Industry,Manufacturing,17084.0,25-35
CIV,2021,male,27,Industry,Manufacturing,16352.0,25-35
CIV,2021,male,28,Industry,Manufacturing,15686.0,25-35
CIV,2021,male,29,Industry,Manufacturing,15077.0,25-35
CIV,2021,male,30,Industry,Manufacturing,14491.0,25-35
CIV,2021,male,31,Industry,Manufacturing,13926.0,25-35
CIV,2021,male,32,Industry,Manufacturing,13445.0,25-35
CIV,2021,male,33,Industry,Manufacturing,13076.0,25-35
CIV,2021,male,34,Industry,Manufacturing,12786.0,25-35
CIV,2021,male,35,Industry,Manufacturing,12508.0,25-35
CIV,2022,male,25,Industry,Manufacturing,18391.0,25-35
CIV,2022,male,26,Industry,Manufacturing,17567.0,25-35
CIV,2022,male,27,Industry,Manufacturing,16798.0,25-35
CIV,2022,male,28,Industry,Manufacturing,16113.0,25-35
CIV,2022,male,29,Industry,Manufacturing,15495.0,25-35
CIV,2022,male,30,Industry,Manufacturing,14897.0,25-35
CIV,2022,male,31,Industry,Manufacturing,14325.0,25-35
CIV,2022,male,32,Industry,Manufacturing,13808.0,25-35
CIV,2022,male,33,Industry,Manufacturing,13355.0,25-35
CIV,2022,male,34,Industry,Manufacturing,12956.0,25-35
CIV,2022,male,35,Industry,Manufacturing,12577.0,25-35
CIV,2023,male,25,Industry,Manufacturing,20810.0,25-35
CIV,2023,male,26,Industry,Manufacturing,19882.0,25-35
CIV,2023,male,27,Industry,Manufacturing,19014.0,25-35
CIV,2023,male,28,Industry,Manufacturing,18241.0,25-35
CIV,2023,male,29,Industry,Manufacturing,17541.0,25-35
CIV,2023,male,30,Industry,Manufacturing,16859.0,25-35
CIV,2023,male,31,Industry,Manufacturing,16209.0,25-35
CIV,2023,male,32,Industry,Manufacturing,15599.0,25-35
CIV,2023,male,33,Industry,Manufacturing,15027.0,25-35
CIV,2023,male,34,Industry,Manufacturing,14497.0,25-35
CIV,2023,male,35,Industry,Manufacturing,13995.0,25-35
CIV,2024,male,25,Industry,Manufacturing,20846.0,25-35
CIV,2024,male,26,Industry,Manufacturing,19944.0,25-35
CIV,2024,male,27,Industry,Manufacturing,19092.0,25-35
CIV,2024,male,28,Industry,Manufacturing,18320.0,25-35
CIV,2024,male,29,Industry,Manufacturing,17611.0,25-35
CIV,2024,male,30,Industry,Manufacturing,16918.0,25-35
CIV,2024,male,31,Industry,Manufacturing,16254.0,25-35
CIV,2024,male,32,Industry,Manufacturing,15618.0,25-35
CIV,2024,male,33,Industry,Manufacturing,15004.0,25-35
CIV,2024,male,34,Industry,Manufacturing,14423.0,25-35
CIV,2024,male,35,Industry,Manufacturing,13871.0,25-35
CIV,2025,male,25,Industry,Manufacturing,21883.0,25-35
CIV,2025,male,26,Industry,Manufacturing,20983.0,25-35
CIV,2025,male,27,Industry,Manufacturing,20118.0,25-35
CIV,2025,male,28,Industry,Manufacturing,19313.0,25-35
CIV,2025,male,29,Industry,Manufacturing,18556.0,25-35
CIV,2025,male,30,Industry,Manufacturing,17813.0,25-35
CIV,2025,male,31,Industry,Manufacturing,17098.0,25-35
CIV,2025,male,32,Industry,Manufacturing,16406.0,25-35
CIV,2025,male,33,Industry,Manufacturing,15735.0,25-35
CIV,2025,male,34,Industry,Manufacturing,15096.0,25-35
CIV,2025,male,35,Industry,Manufacturing,14487.0,25-35
CIV,2015,male,25,Industry,Mining and quarrying,593.0,25-35
CIV,2015,male,26,Industry,Mining and quarrying,566.0,25-35
CIV,2015,male,27,Industry,Mining and quarrying,541.0,25-35
CIV,2015,male,28,Industry,Mining and quarrying,519.0,25-35
CIV,2015,male,29,Industry,Mining and quarrying,499.0,25-35
CIV,2015,male,30,Industry,Mining and quarrying,481.0,25-35
CIV,2015,male,31,Industry,Mining and quarrying,463.0,25-35
CIV,2015,male,32,Industry,Mining and quarrying,451.0,25-35
CIV,2015,male,33,Industry,Mining and quarrying,446.0,25-35
CIV,2015,male,34,Industry,Mining and quarrying,445.0,25-35
CIV,2015,male,35,Industry,Mining and quarrying,444.0,25-35
CIV,2016,male,25,Industry,Mining and quarrying,490.0,25-35
CIV,2016,male,26,Industry,Mining and quarrying,468.0,25-35
CIV,2016,male,27,Industry,Mining and quarrying,447.0,25-35
CIV,2016,male,28,Industry,Mining and quarrying,428.0,25-35
CIV,2016,male,29,Industry,Mining and quarrying,412.0,25-35
CIV,2016,male,30,Industry,Mining and quarrying,396.0,25-35
CIV,2016,male,31,Industry,Mining and quarrying,381.0,25-35
CIV,2016,male,32,Industry,Mining and quarrying,370.0,25-35
CIV,2016,male,33,Industry,Mining and quarrying,365.0,25-35
CIV,2016,male,34,Industry,Mining and quarrying,364.0,25-35
CIV,2016,male,35,Industry,Mining and quarrying,363.0,25-35
CIV,2017,male,25,Industry,Mining and quarrying,623.0,25-35
CIV,2017,male,26,Industry,Mining and quarrying,595.0,25-35
CIV,2017,male,27,Industry,Mining and quarrying,568.0,25-35
CIV,2017,male,28,Industry,Mining and quarrying,544.0,25-35
CIV,2017,male,29,Industry,Mining and quarrying,523.0,25-35
CIV,2017,male,30,Industry,Mining and quarrying,503.0,25-35
CIV,2017,male,31,Industry,Mining and quarrying,483.0,25-35
CIV,2017,male,32,Industry,Mining and quarrying,468.0,25-35
CIV,2017,male,33,Industry,Mining and quarrying,461.0,25-35
CIV,2017,male,34,Industry,Mining and quarrying,459.0,25-35
CIV,2017,male,35,Industry,Mining and quarrying,457.0,25-35
CIV,2018,male,25,Industry,Mining and quarrying,972.0,25-35
CIV,2018,male,26,Industry,Mining and quarrying,929.0,25-35
CIV,2018,male,27,Industry,Mining and quarrying,888.0,25-35
CIV,2018,male,28,Industry,Mining and quarrying,851.0,25-35
CIV,2018,male,29,Industry,Mining and quarrying,817.0,25-35
CIV,2018,male,30,Industry,Mining and quarrying,785.0,25-35
CIV,2018,male,31,Industry,Mining and quarrying,753.0,25-35
CIV,2018,male,32,Industry,Mining and quarrying,730.0,25-35
CIV,2018,male,33,Industry,Mining and quarrying,717.0,25-35
CIV,2018,male,34,Industry,Mining and quarrying,712.0,25-35
CIV,2018,male,35,Industry,Mining and quarrying,707.0,25-35
CIV,2019,male,25,Industry,Mining and quarrying,1506.0,25-35
CIV,2019,male,26,Industry,Mining and quarrying,1441.0,25-35
CIV,2019,male,27,Industry,Mining and quarrying,1380.0,25-35
CIV,2019,male,28,Industry,Mining and quarrying,1323.0,25-35
CIV,2019,male,29,Industry,Mining and quarrying,1270.0,25-35
CIV,2019,male,30,Industry,Mining and quarrying,1219.0,25-35
CIV,2019,male,31,Industry,Mining and quarrying,1170.0,25-35
CIV,2019,male,32,Industry,Mining and quarrying,1132.0,25-35
CIV,2019,male,33,Industry,Mining and quarrying,1111.0,25-35
CIV,2019,male,34,Industry,Mining and quarrying,1100.0,25-35
CIV,2019,male,35,Industry,Mining and quarrying,1089.0,25-35
CIV,2020,male,25,Industry,Mining and quarrying,1780.0,25-35
CIV,2020,male,26,Industry,Mining and quarrying,1708.0,25-35
CIV,2020,male,27,Industry,Mining and quarrying,1639.0,25-35
CIV,2020,male,28,Industry,Mining and quarrying,1572.0,25-35
CIV,2020,male,29,Industry,Mining and quarrying,1509.0,25-35
CIV,2020,male,30,Industry,Mining and quarrying,1449.0,25-35
CIV,2020,male,31,Industry,Mining and quarrying,1390.0,25-35
CIV,2020,male,32,Industry,Mining and quarrying,1345.0,25-35
CIV,2020,male,33,Industry,Mining and quarrying,1317.0,25-35
CIV,2020,male,34,Industry,Mining and quarrying,1301.0,25-35
CIV,2020,male,35,Industry,Mining and quarrying,1286.0,25-35
CIV,2021,male,25,Industry,Mining and quarrying,1972.0,25-35
CIV,2021,male,26,Industry,Mining and quarrying,1886.0,25-35
CIV,2021,male,27,Industry,Mining and quarrying,1805.0,25-35
CIV,2021,male,28,Industry,Mining and quarrying,1732.0,25-35
CIV,2021,male,29,Industry,Mining and quarrying,1665.0,25-35
CIV,2021,male,30,Industry,Mining and quarrying,1600.0,25-35
CIV,2021,male,31,Industry,Mining and quarrying,1538.0,25-35
CIV,2021,male,32,Industry,Mining and quarrying,1485.0,25-35
CIV,2021,male,33,Industry,Mining and quarrying,1444.0,25-35
CIV,2021,male,34,Industry,Mining and quarrying,1412.0,25-35
CIV,2021,male,35,Industry,Mining and quarrying,1381.0,25-35
CIV,2022,male,25,Industry,Mining and quarrying,2296.0,25-35
CIV,2022,male,26,Industry,Mining and quarrying,2193.0,25-35
CIV,2022,male,27,Industry,Mining and quarrying,2097.0,25-35
CIV,2022,male,28,Industry,Mining and quarrying,2012.0,25-35
CIV,2022,male,29,Industry,Mining and quarrying,1935.0,25-35
CIV,2022,male,30,Industry,Mining and quarrying,1860.0,25-35
CIV,2022,male,31,Industry,Mining and quarrying,1789.0,25-35
CIV,2022,male,32,Industry,Mining and quarrying,1724.0,25-35
CIV,2022,male,33,Industry,Mining and quarrying,1667.0,25-35
CIV,2022,male,34,Industry,Mining and quarrying,1618.0,25-35
CIV,2022,male,35,Industry,Mining and quarrying,1570.0,25-35
CIV,2023,male,25,Industry,Mining and quarrying,2410.0,25-35
CIV,2023,male,26,Industry,Mining and quarrying,2302.0,25-35
CIV,2023,male,27,Industry,Mining and quarrying,2202.0,25-35
CIV,2023,male,28,Industry,Mining and quarrying,2112.0,25-35
CIV,2023,male,29,Industry,Mining and quarrying,2031.0,25-35
CIV,2023,male,30,Industry,Mining and quarrying,1952.0,25-35
CIV,2023,male,31,Industry,Mining and quarrying,1877.0,25-35
CIV,2023,male,32,Industry,Mining and quarrying,1806.0,25-35
CIV,2023,male,33,Industry,Mining and quarrying,1740.0,25-35
CIV,2023,male,34,Industry,Mining and quarrying,1679.0,25-35
CIV,2023,male,35,Industry,Mining and quarrying,1621.0,25-35
CIV,2024,male,25,Industry,Mining and quarrying,2626.0,25-35
CIV,2024,male,26,Industry,Mining and quarrying,2512.0,25-35
CIV,2024,male,27,Industry,Mining and quarrying,2405.0,25-35
CIV,2024,male,28,Industry,Mining and quarrying,2308.0,25-35
CIV,2024,male,29,Industry,Mining and quarrying,2218.0,25-35
CIV,2024,male,30,Industry,Mining and quarrying,2131.0,25-35
CIV,2024,male,31,Industry,Mining and quarrying,2048.0,25-35
CIV,2024,male,32,Industry,Mining and quarrying,1967.0,25-35
CIV,2024,male,33,Industry,Mining and quarrying,1890.0,25-35
CIV,2024,male,34,Industry,Mining and quarrying,1817.0,25-35
CIV,2024,male,35,Industry,Mining and quarrying,1747.0,25-35
CIV,2025,male,25,Industry,Mining and quarrying,2746.0,25-35
CIV,2025,male,26,Industry,Mining and quarrying,2633.0,25-35
CIV,2025,male,27,Industry,Mining and quarrying,2524.0,25-35
CIV,2025,male,28,Industry,Mining and quarrying,2423.0,25-35
CIV,2025,male,29,Industry,Mining and quarrying,2328.0,25-35
CIV,2025,male,30,Industry,Mining and quarrying,2235.0,25-35
CIV,2025,male,31,Industry,Mining and quarrying,2145.0,25-35
CIV,2025,male,32,Industry,Mining and quarrying,2058.0,25-35
CIV,2025,male,33,Industry,Mining and quarrying,1974.0,25-35
CIV,2025,male,34,Industry,Mining and quarrying,1894.0,25-35
CIV,2025,male,35,Industry,Mining and quarrying,1818.0,25-35
CIV,2015,male,25,Services,Other service activities,4776.0,25-35
CIV,2015,male,26,Services,Other service activities,4556.0,25-35
CIV,2015,male,27,Services,Other service activities,4356.0,25-35
CIV,2015,male,28,Services,Other service activities,4177.0,25-35
CIV,2015,male,29,Services,Other service activities,4019.0,25-35
CIV,2015,male,30,Services,Other service activities,3873.0,25-35
CIV,2015,male,31,Services,Other service activities,3731.0,25-35
CIV,2015,male,32,Services,Other service activities,3632.0,25-35
CIV,2015,male,33,Services,Other service activities,3589.0,25-35
CIV,2015,male,34,Services,Other service activities,3582.0,25-35
CIV,2015,male,35,Services,Other service activities,3577.0,25-35
CIV,2016,male,25,Services,Other service activities,4054.0,25-35
CIV,2016,male,26,Services,Other service activities,3868.0,25-35
CIV,2016,male,27,Services,Other service activities,3696.0,25-35
CIV,2016,male,28,Services,Other service activities,3542.0,25-35
CIV,2016,male,29,Services,Other service activities,3403.0,25-35
CIV,2016,male,30,Services,Other service activities,3274.0,25-35
CIV,2016,male,31,Services,Other service activities,3148.0,25-35
CIV,2016,male,32,Services,Other service activities,3059.0,25-35
CIV,2016,male,33,Services,Other service activities,3019.0,25-35
CIV,2016,male,34,Services,Other service activities,3010.0,25-35
CIV,2016,male,35,Services,Other service activities,3002.0,25-35
CIV,2017,male,25,Services,Other service activities,4524.0,25-35
CIV,2017,male,26,Services,Other service activities,4318.0,25-35
CIV,2017,male,27,Services,Other service activities,4126.0,25-35
CIV,2017,male,28,Services,Other service activities,3952.0,25-35
CIV,2017,male,29,Services,Other service activities,3795.0,25-35
CIV,2017,male,30,Services,Other service activities,3648.0,25-35
CIV,2017,male,31,Services,Other service activities,3503.0,25-35
CIV,2017,male,32,Services,Other service activities,3398.0,25-35
CIV,2017,male,33,Services,Other service activities,3347.0,25-35
CIV,2017,male,34,Services,Other service activities,3331.0,25-35
CIV,2017,male,35,Services,Other service activities,3315.0,25-35
CIV,2018,male,25,Services,Other service activities,4898.0,25-35
CIV,2018,male,26,Services,Other service activities,4680.0,25-35
CIV,2018,male,27,Services,Other service activities,4476.0,25-35
CIV,2018,male,28,Services,Other service activities,4287.0,25-35
CIV,2018,male,29,Services,Other service activities,4116.0,25-35
CIV,2018,male,30,Services,Other service activities,3954.0,25-35
CIV,2018,male,31,Services,Other service activities,3795.0,25-35
CIV,2018,male,32,Services,Other service activities,3676.0,25-35
CIV,2018,male,33,Services,Other service activities,3613.0,25-35
CIV,2018,male,34,Services,Other service activities,3586.0,25-35
CIV,2018,male,35,Services,Other service activities,3560.0,25-35
CIV,2019,male,25,Services,Other service activities,4614.0,25-35
CIV,2019,male,26,Services,Other service activities,4415.0,25-35
CIV,2019,male,27,Services,Other service activities,4228.0,25-35
CIV,2019,male,28,Services,Other service activities,4052.0,25-35
CIV,2019,male,29,Services,Other service activities,3890.0,25-35
CIV,2019,male,30,Services,Other service activities,3736.0,25-35
CIV,2019,male,31,Services,Other service activities,3584.0,25-35
CIV,2019,male,32,Services,Other service activities,3469.0,25-35
CIV,2019,male,33,Services,Other service activities,3403.0,25-35
CIV,2019,male,34,Services,Other service activities,3369.0,25-35
CIV,2019,male,35,Services,Other service activities,3336.0,25-35
CIV,2020,male,25,Services,Other service activities,5498.0,25-35
CIV,2020,male,26,Services,Other service activities,5275.0,25-35
CIV,2020,male,27,Services,Other service activities,5061.0,25-35
CIV,2020,male,28,Services,Other service activities,4856.0,25-35
CIV,2020,male,29,Services,Other service activities,4662.0,25-35
CIV,2020,male,30,Services,Other service activities,4477.0,25-35
CIV,2020,male,31,Services,Other service activities,4295.0,25-35
CIV,2020,male,32,Services,Other service activities,4153.0,25-35
CIV,2020,male,33,Services,Other service activities,4068.0,25-35
CIV,2020,male,34,Services,Other service activities,4020.0,25-35
CIV,2020,male,35,Services,Other service activities,3972.0,25-35
CIV,2021,male,25,Services,Other service activities,6576.0,25-35
CIV,2021,male,26,Services,Other service activities,6290.0,25-35
CIV,2021,male,27,Services,Other service activities,6020.0,25-35
CIV,2021,male,28,Services,Other service activities,5775.0,25-35
CIV,2021,male,29,Services,Other service activities,5551.0,25-35
CIV,2021,male,30,Services,Other service activities,5335.0,25-35
CIV,2021,male,31,Services,Other service activities,5127.0,25-35
CIV,2021,male,32,Services,Other service activities,4950.0,25-35
CIV,2021,male,33,Services,Other service activities,4814.0,25-35
CIV,2021,male,34,Services,Other service activities,4707.0,25-35
CIV,2021,male,35,Services,Other service activities,4605.0,25-35
CIV,2022,male,25,Services,Other service activities,8177.0,25-35
CIV,2022,male,26,Services,Other service activities,7811.0,25-35
CIV,2022,male,27,Services,Other service activities,7469.0,25-35
CIV,2022,male,28,Services,Other service activities,7164.0,25-35
CIV,2022,male,29,Services,Other service activities,6889.0,25-35
CIV,2022,male,30,Services,Other service activities,6623.0,25-35
CIV,2022,male,31,Services,Other service activities,6369.0,25-35
CIV,2022,male,32,Services,Other service activities,6139.0,25-35
CIV,2022,male,33,Services,Other service activities,5938.0,25-35
CIV,2022,male,34,Services,Other service activities,5760.0,25-35
CIV,2022,male,35,Services,Other service activities,5592.0,25-35
CIV,2023,male,25,Services,Other service activities,8488.0,25-35
CIV,2023,male,26,Services,Other service activities,8109.0,25-35
CIV,2023,male,27,Services,Other service activities,7755.0,25-35
CIV,2023,male,28,Services,Other service activities,7440.0,25-35
CIV,2023,male,29,Services,Other service activities,7154.0,25-35
CIV,2023,male,30,Services,Other service activities,6876.0,25-35
CIV,2023,male,31,Services,Other service activities,6611.0,25-35
CIV,2023,male,32,Services,Other service activities,6362.0,25-35
CIV,2023,male,33,Services,Other service activities,6129.0,25-35
CIV,2023,male,34,Services,Other service activities,5913.0,25-35
CIV,2023,male,35,Services,Other service activities,5708.0,25-35
CIV,2024,male,25,Services,Other service activities,8907.0,25-35
CIV,2024,male,26,Services,Other service activities,8522.0,25-35
CIV,2024,male,27,Services,Other service activities,8158.0,25-35
CIV,2024,male,28,Services,Other service activities,7828.0,25-35
CIV,2024,male,29,Services,Other service activities,7525.0,25-35
CIV,2024,male,30,Services,Other service activities,7229.0,25-35
CIV,2024,male,31,Services,Other service activities,6945.0,25-35
CIV,2024,male,32,Services,Other service activities,6674.0,25-35
CIV,2024,male,33,Services,Other service activities,6411.0,25-35
CIV,2024,male,34,Services,Other service activities,6163.0,25-35
CIV,2024,male,35,Services,Other service activities,5927.0,25-35
CIV,2025,male,25,Services,Other service activities,9363.0,25-35
CIV,2025,male,26,Services,Other service activities,8978.0,25-35
CIV,2025,male,27,Services,Other service activities,8608.0,25-35
CIV,2025,male,28,Services,Other service activities,8263.0,25-35
CIV,2025,male,29,Services,Other service activities,7939.0,25-35
CIV,2025,male,30,Services,Other service activities,7621.0,25-35
CIV,2025,male,31,Services,Other service activities,7315.0,25-35
CIV,2025,male,32,Services,Other service activities,7019.0,25-35
CIV,2025,male,33,Services,Other service activities,6732.0,25-35
CIV,2025,male,34,Services,Other service activities,6459.0,25-35
CIV,2025,male,35,Services,Other service activities,6198.0,25-35
CIV,2015,male,25,Services,"Professional, scientific and technical activities",1480.0,25-35
CIV,2015,male,26,Services,"Professional, scientific and technical activities",1412.0,25-35
CIV,2015,male,27,Services,"Professional, scientific and technical activities",1350.0,25-35
CIV,2015,male,28,Services,"Professional, scientific and technical activities",1295.0,25-35
CIV,2015,male,29,Services,"Professional, scientific and technical activities",1246.0,25-35
CIV,2015,male,30,Services,"Professional, scientific and technical activities",1200.0,25-35
CIV,2015,male,31,Services,"Professional, scientific and technical activities",1156.0,25-35
CIV,2015,male,32,Services,"Professional, scientific and technical activities",1125.0,25-35
CIV,2015,male,33,Services,"Professional, scientific and technical activities",1112.0,25-35
CIV,2015,male,34,Services,"Professional, scientific and technical activities",1110.0,25-35
CIV,2015,male,35,Services,"Professional, scientific and technical activities",1109.0,25-35
CIV,2016,male,25,Services,"Professional, scientific and technical activities",1325.0,25-35
CIV,2016,male,26,Services,"Professional, scientific and technical activities",1264.0,25-35
CIV,2016,male,27,Services,"Professional, scientific and technical activities",1208.0,25-35
CIV,2016,male,28,Services,"Professional, scientific and technical activities",1158.0,25-35
CIV,2016,male,29,Services,"Professional, scientific and technical activities",1112.0,25-35
CIV,2016,male,30,Services,"Professional, scientific and technical activities",1070.0,25-35
CIV,2016,male,31,Services,"Professional, scientific and technical activities",1029.0,25-35
CIV,2016,male,32,Services,"Professional, scientific and technical activities",1000.0,25-35
CIV,2016,male,33,Services,"Professional, scientific and technical activities",987.0,25-35
CIV,2016,male,34,Services,"Professional, scientific and technical activities",984.0,25-35
CIV,2016,male,35,Services,"Professional, scientific and technical activities",981.0,25-35
CIV,2017,male,25,Services,"Professional, scientific and technical activities",746.0,25-35
CIV,2017,male,26,Services,"Professional, scientific and technical activities",712.0,25-35
CIV,2017,male,27,Services,"Professional, scientific and technical activities",681.0,25-35
CIV,2017,male,28,Services,"Professional, scientific and technical activities",652.0,25-35
CIV,2017,male,29,Services,"Professional, scientific and technical activities",626.0,25-35
CIV,2017,male,30,Services,"Professional, scientific and technical activities",602.0,25-35
CIV,2017,male,31,Services,"Professional, scientific and technical activities",578.0,25-35
CIV,2017,male,32,Services,"Professional, scientific and technical activities",561.0,25-35
CIV,2017,male,33,Services,"Professional, scientific and technical activities",552.0,25-35
CIV,2017,male,34,Services,"Professional, scientific and technical activities",549.0,25-35
CIV,2017,male,35,Services,"Professional, scientific and technical activities",547.0,25-35
CIV,2018,male,25,Services,"Professional, scientific and technical activities",1024.0,25-35
CIV,2018,male,26,Services,"Professional, scientific and technical activities",978.0,25-35
CIV,2018,male,27,Services,"Professional, scientific and technical activities",935.0,25-35
CIV,2018,male,28,Services,"Professional, scientific and technical activities",896.0,25-35
CIV,2018,male,29,Services,"Professional, scientific and technical activities",860.0,25-35
CIV,2018,male,30,Services,"Professional, scientific and technical activities",826.0,25-35
CIV,2018,male,31,Services,"Professional, scientific and technical activities",793.0,25-35
CIV,2018,male,32,Services,"Professional, scientific and technical activities",768.0,25-35
CIV,2018,male,33,Services,"Professional, scientific and technical activities",755.0,25-35
CIV,2018,male,34,Services,"Professional, scientific and technical activities",749.0,25-35
CIV,2018,male,35,Services,"Professional, scientific and technical activities",744.0,25-35
CIV,2019,male,25,Services,"Professional, scientific and technical activities",1305.0,25-35
CIV,2019,male,26,Services,"Professional, scientific and technical activities",1249.0,25-35
CIV,2019,male,27,Services,"Professional, scientific and technical activities",1196.0,25-35
CIV,2019,male,28,Services,"Professional, scientific and technical activities",1147.0,25-35
CIV,2019,male,29,Services,"Professional, scientific and technical activities",1101.0,25-35
CIV,2019,male,30,Services,"Professional, scientific and technical activities",1057.0,25-35
CIV,2019,male,31,Services,"Professional, scientific and technical activities",1014.0,25-35
CIV,2019,male,32,Services,"Professional, scientific and technical activities",981.0,25-35
CIV,2019,male,33,Services,"Professional, scientific and technical activities",963.0,25-35
CIV,2019,male,34,Services,"Professional, scientific and technical activities",953.0,25-35
CIV,2019,male,35,Services,"Professional, scientific and technical activities",944.0,25-35
CIV,2020,male,25,Services,"Professional, scientific and technical activities",991.0,25-35
CIV,2020,male,26,Services,"Professional, scientific and technical activities",951.0,25-35
CIV,2020,male,27,Services,"Professional, scientific and technical activities",913.0,25-35
CIV,2020,male,28,Services,"Professional, scientific and technical activities",876.0,25-35
CIV,2020,male,29,Services,"Professional, scientific and technical activities",841.0,25-35
CIV,2020,male,30,Services,"Professional, scientific and technical activities",807.0,25-35
CIV,2020,male,31,Services,"Professional, scientific and technical activities",774.0,25-35
CIV,2020,male,32,Services,"Professional, scientific and technical activities",749.0,25-35
CIV,2020,male,33,Services,"Professional, scientific and technical activities",733.0,25-35
CIV,2020,male,34,Services,"Professional, scientific and technical activities",725.0,25-35
CIV,2020,male,35,Services,"Professional, scientific and technical activities",716.0,25-35
CIV,2021,male,25,Services,"Professional, scientific and technical activities",970.0,25-35
CIV,2021,male,26,Services,"Professional, scientific and technical activities",928.0,25-35
CIV,2021,male,27,Services,"Professional, scientific and technical activities",888.0,25-35
CIV,2021,male,28,Services,"Professional, scientific and technical activities",852.0,25-35
CIV,2021,male,29,Services,"Professional, scientific and technical activities",819.0,25-35
CIV,2021,male,30,Services,"Professional, scientific and technical activities",787.0,25-35
CIV,2021,male,31,Services,"Professional, scientific and technical activities",756.0,25-35
CIV,2021,male,32,Services,"Professional, scientific and technical activities",730.0,25-35
CIV,2021,male,33,Services,"Professional, scientific and technical activities",710.0,25-35
CIV,2021,male,34,Services,"Professional, scientific and technical activities",694.0,25-35
CIV,2021,male,35,Services,"Professional, scientific and technical activities",679.0,25-35
CIV,2022,male,25,Services,"Professional, scientific and technical activities",499.0,25-35
CIV,2022,male,26,Services,"Professional, scientific and technical activities",477.0,25-35
CIV,2022,male,27,Services,"Professional, scientific and technical activities",456.0,25-35
CIV,2022,male,28,Services,"Professional, scientific and technical activities",437.0,25-35
CIV,2022,male,29,Services,"Professional, scientific and technical activities",421.0,25-35
CIV,2022,male,30,Services,"Professional, scientific and technical activities",404.0,25-35
CIV,2022,male,31,Services,"Professional, scientific and technical activities",389.0,25-35
CIV,2022,male,32,Services,"Professional, scientific and technical activities",375.0,25-35
CIV,2022,male,33,Services,"Professional, scientific and technical activities",363.0,25-35
CIV,2022,male,34,Services,"Professional, scientific and technical activities",352.0,25-35
CIV,2022,male,35,Services,"Professional, scientific and technical activities",341.0,25-35
CIV,2023,male,25,Services,"Professional, scientific and technical activities",1039.0,25-35
CIV,2023,male,26,Services,"Professional, scientific and technical activities",993.0,25-35
CIV,2023,male,27,Services,"Professional, scientific and technical activities",950.0,25-35
CIV,2023,male,28,Services,"Professional, scientific and technical activities",911.0,25-35
CIV,2023,male,29,Services,"Professional, scientific and technical activities",876.0,25-35
CIV,2023,male,30,Services,"Professional, scientific and technical activities",842.0,25-35
CIV,2023,male,31,Services,"Professional, scientific and technical activities",809.0,25-35
CIV,2023,male,32,Services,"Professional, scientific and technical activities",779.0,25-35
CIV,2023,male,33,Services,"Professional, scientific and technical activities",750.0,25-35
CIV,2023,male,34,Services,"Professional, scientific and technical activities",724.0,25-35
CIV,2023,male,35,Services,"Professional, scientific and technical activities",699.0,25-35
CIV,2024,male,25,Services,"Professional, scientific and technical activities",1092.0,25-35
CIV,2024,male,26,Services,"Professional, scientific and technical activities",1045.0,25-35
CIV,2024,male,27,Services,"Professional, scientific and technical activities",1000.0,25-35
CIV,2024,male,28,Services,"Professional, scientific and technical activities",960.0,25-35
CIV,2024,male,29,Services,"Professional, scientific and technical activities",923.0,25-35
CIV,2024,male,30,Services,"Professional, scientific and technical activities",886.0,25-35
CIV,2024,male,31,Services,"Professional, scientific and technical activities",851.0,25-35
CIV,2024,male,32,Services,"Professional, scientific and technical activities",818.0,25-35
CIV,2024,male,33,Services,"Professional, scientific and technical activities",786.0,25-35
CIV,2024,male,34,Services,"Professional, scientific and technical activities",756.0,25-35
CIV,2024,male,35,Services,"Professional, scientific and technical activities",727.0,25-35
CIV,2025,male,25,Services,"Professional, scientific and technical activities",1159.0,25-35
CIV,2025,male,26,Services,"Professional, scientific and technical activities",1111.0,25-35
CIV,2025,male,27,Services,"Professional, scientific and technical activities",1065.0,25-35
CIV,2025,male,28,Services,"Professional, scientific and technical activities",1022.0,25-35
CIV,2025,male,29,Services,"Professional, scientific and technical activities",982.0,25-35
CIV,2025,male,30,Services,"Professional, scientific and technical activities",943.0,25-35
CIV,2025,male,31,Services,"Professional, scientific and technical activities",905.0,25-35
CIV,2025,male,32,Services,"Professional, scientific and technical activities",869.0,25-35
CIV,2025,male,33,Services,"Professional, scientific and technical activities",833.0,25-35
CIV,2025,male,34,Services,"Professional, scientific and technical activities",799.0,25-35
CIV,2025,male,35,Services,"Professional, scientific and technical activities",767.0,25-35
CIV,2015,male,25,Services,Public administration and defence; compulsory social security,5237.0,25-35
CIV,2015,male,26,Services,Public administration and defence; compulsory social security,4996.0,25-35
CIV,2015,male,27,Services,Public administration and defence; compulsory social security,4776.0,25-35
CIV,2015,male,28,Services,Public administration and defence; compulsory social security,4580.0,25-35
CIV,2015,male,29,Services,Public administration and defence; compulsory social security,4407.0,25-35
CIV,2015,male,30,Services,Public administration and defence; compulsory social security,4246.0,25-35
CIV,2015,male,31,Services,Public administration and defence; compulsory social security,4091.0,25-35
CIV,2015,male,32,Services,Public administration and defence; compulsory social security,3982.0,25-35
CIV,2015,male,33,Services,Public administration and defence; compulsory social security,3935.0,25-35
CIV,2015,male,34,Services,Public administration and defence; compulsory social security,3928.0,25-35
CIV,2015,male,35,Services,Public administration and defence; compulsory social security,3922.0,25-35
CIV,2016,male,25,Services,Public administration and defence; compulsory social security,4852.0,25-35
CIV,2016,male,26,Services,Public administration and defence; compulsory social security,4629.0,25-35
CIV,2016,male,27,Services,Public administration and defence; compulsory social security,4424.0,25-35
CIV,2016,male,28,Services,Public administration and defence; compulsory social security,4239.0,25-35
CIV,2016,male,29,Services,Public administration and defence; compulsory social security,4073.0,25-35
CIV,2016,male,30,Services,Public administration and defence; compulsory social security,3919.0,25-35
CIV,2016,male,31,Services,Public administration and defence; compulsory social security,3768.0,25-35
CIV,2016,male,32,Services,Public administration and defence; compulsory social security,3661.0,25-35
CIV,2016,male,33,Services,Public administration and defence; compulsory social security,3613.0,25-35
CIV,2016,male,34,Services,Public administration and defence; compulsory social security,3602.0,25-35
CIV,2016,male,35,Services,Public administration and defence; compulsory social security,3593.0,25-35
CIV,2017,male,25,Services,Public administration and defence; compulsory social security,4162.0,25-35
CIV,2017,male,26,Services,Public administration and defence; compulsory social security,3972.0,25-35
CIV,2017,male,27,Services,Public administration and defence; compulsory social security,3796.0,25-35
CIV,2017,male,28,Services,Public administration and defence; compulsory social security,3636.0,25-35
CIV,2017,male,29,Services,Public administration and defence; compulsory social security,3492.0,25-35
CIV,2017,male,30,Services,Public administration and defence; compulsory social security,3356.0,25-35
CIV,2017,male,31,Services,Public administration and defence; compulsory social security,3223.0,25-35
CIV,2017,male,32,Services,Public administration and defence; compulsory social security,3126.0,25-35
CIV,2017,male,33,Services,Public administration and defence; compulsory social security,3080.0,25-35
CIV,2017,male,34,Services,Public administration and defence; compulsory social security,3064.0,25-35
CIV,2017,male,35,Services,Public administration and defence; compulsory social security,3050.0,25-35
CIV,2018,male,25,Services,Public administration and defence; compulsory social security,4114.0,25-35
CIV,2018,male,26,Services,Public administration and defence; compulsory social security,3930.0,25-35
CIV,2018,male,27,Services,Public administration and defence; compulsory social security,3758.0,25-35
CIV,2018,male,28,Services,Public administration and defence; compulsory social security,3600.0,25-35
CIV,2018,male,29,Services,Public administration and defence; compulsory social security,3457.0,25-35
CIV,2018,male,30,Services,Public administration and defence; compulsory social security,3320.0,25-35
CIV,2018,male,31,Services,Public administration and defence; compulsory social security,3187.0,25-35
CIV,2018,male,32,Services,Public administration and defence; compulsory social security,3087.0,25-35
CIV,2018,male,33,Services,Public administration and defence; compulsory social security,3034.0,25-35
CIV,2018,male,34,Services,Public administration and defence; compulsory social security,3012.0,25-35
CIV,2018,male,35,Services,Public administration and defence; compulsory social security,2990.0,25-35
CIV,2019,male,25,Services,Public administration and defence; compulsory social security,4019.0,25-35
CIV,2019,male,26,Services,Public administration and defence; compulsory social security,3847.0,25-35
CIV,2019,male,27,Services,Public administration and defence; compulsory social security,3683.0,25-35
CIV,2019,male,28,Services,Public administration and defence; compulsory social security,3530.0,25-35
CIV,2019,male,29,Services,Public administration and defence; compulsory social security,3389.0,25-35
CIV,2019,male,30,Services,Public administration and defence; compulsory social security,3255.0,25-35
CIV,2019,male,31,Services,Public administration and defence; compulsory social security,3123.0,25-35
CIV,2019,male,32,Services,Public administration and defence; compulsory social security,3022.0,25-35
CIV,2019,male,33,Services,Public administration and defence; compulsory social security,2964.0,25-35
CIV,2019,male,34,Services,Public administration and defence; compulsory social security,2935.0,25-35
CIV,2019,male,35,Services,Public administration and defence; compulsory social security,2906.0,25-35
CIV,2020,male,25,Services,Public administration and defence; compulsory social security,4875.0,25-35
CIV,2020,male,26,Services,Public administration and defence; compulsory social security,4678.0,25-35
CIV,2020,male,27,Services,Public administration and defence; compulsory social security,4488.0,25-35
CIV,2020,male,28,Services,Public administration and defence; compulsory social security,4306.0,25-35
CIV,2020,male,29,Services,Public administration and defence; compulsory social security,4134.0,25-35
CIV,2020,male,30,Services,Public administration and defence; compulsory social security,3970.0,25-35
CIV,2020,male,31,Services,Public administration and defence; compulsory social security,3808.0,25-35
CIV,2020,male,32,Services,Public administration and defence; compulsory social security,3682.0,25-35
CIV,2020,male,33,Services,Public administration and defence; compulsory social security,3607.0,25-35
CIV,2020,male,34,Services,Public administration and defence; compulsory social security,3564.0,25-35
CIV,2020,male,35,Services,Public administration and defence; compulsory social security,3522.0,25-35
CIV,2021,male,25,Services,Public administration and defence; compulsory social security,5891.0,25-35
CIV,2021,male,26,Services,Public administration and defence; compulsory social security,5634.0,25-35
CIV,2021,male,27,Services,Public administration and defence; compulsory social security,5393.0,25-35
CIV,2021,male,28,Services,Public administration and defence; compulsory social security,5173.0,25-35
CIV,2021,male,29,Services,Public administration and defence; compulsory social security,4972.0,25-35
CIV,2021,male,30,Services,Public administration and defence; compulsory social security,4779.0,25-35
CIV,2021,male,31,Services,Public administration and defence; compulsory social security,4592.0,25-35
CIV,2021,male,32,Services,Public administration and defence; compulsory social security,4434.0,25-35
CIV,2021,male,33,Services,Public administration and defence; compulsory social security,4312.0,25-35
CIV,2021,male,34,Services,Public administration and defence; compulsory social security,4217.0,25-35
CIV,2021,male,35,Services,Public administration and defence; compulsory social security,4125.0,25-35
CIV,2022,male,25,Services,Public administration and defence; compulsory social security,6873.0,25-35
CIV,2022,male,26,Services,Public administration and defence; compulsory social security,6565.0,25-35
CIV,2022,male,27,Services,Public administration and defence; compulsory social security,6278.0,25-35
CIV,2022,male,28,Services,Public administration and defence; compulsory social security,6022.0,25-35
CIV,2022,male,29,Services,Public administration and defence; compulsory social security,5791.0,25-35
CIV,2022,male,30,Services,Public administration and defence; compulsory social security,5567.0,25-35
CIV,2022,male,31,Services,Public administration and defence; compulsory social security,5354.0,25-35
CIV,2022,male,32,Services,Public administration and defence; compulsory social security,5160.0,25-35
CIV,2022,male,33,Services,Public administration and defence; compulsory social security,4991.0,25-35
CIV,2022,male,34,Services,Public administration and defence; compulsory social security,4842.0,25-35
CIV,2022,male,35,Services,Public administration and defence; compulsory social security,4700.0,25-35
CIV,2023,male,25,Services,Public administration and defence; compulsory social security,7536.0,25-35
CIV,2023,male,26,Services,Public administration and defence; compulsory social security,7200.0,25-35
CIV,2023,male,27,Services,Public administration and defence; compulsory social security,6886.0,25-35
CIV,2023,male,28,Services,Public administration and defence; compulsory social security,6606.0,25-35
CIV,2023,male,29,Services,Public administration and defence; compulsory social security,6352.0,25-35
CIV,2023,male,30,Services,Public administration and defence; compulsory social security,6106.0,25-35
CIV,2023,male,31,Services,Public administration and defence; compulsory social security,5870.0,25-35
CIV,2023,male,32,Services,Public administration and defence; compulsory social security,5649.0,25-35
CIV,2023,male,33,Services,Public administration and defence; compulsory social security,5442.0,25-35
CIV,2023,male,34,Services,Public administration and defence; compulsory social security,5250.0,25-35
CIV,2023,male,35,Services,Public administration and defence; compulsory social security,5068.0,25-35
CIV,2024,male,25,Services,Public administration and defence; compulsory social security,7821.0,25-35
CIV,2024,male,26,Services,Public administration and defence; compulsory social security,7483.0,25-35
CIV,2024,male,27,Services,Public administration and defence; compulsory social security,7163.0,25-35
CIV,2024,male,28,Services,Public administration and defence; compulsory social security,6874.0,25-35
CIV,2024,male,29,Services,Public administration and defence; compulsory social security,6608.0,25-35
CIV,2024,male,30,Services,Public administration and defence; compulsory social security,6348.0,25-35
CIV,2024,male,31,Services,Public administration and defence; compulsory social security,6099.0,25-35
CIV,2024,male,32,Services,Public administration and defence; compulsory social security,5860.0,25-35
CIV,2024,male,33,Services,Public administration and defence; compulsory social security,5630.0,25-35
CIV,2024,male,34,Services,Public administration and defence; compulsory social security,5412.0,25-35
CIV,2024,male,35,Services,Public administration and defence; compulsory social security,5205.0,25-35
CIV,2025,male,25,Services,Public administration and defence; compulsory social security,8072.0,25-35
CIV,2025,male,26,Services,Public administration and defence; compulsory social security,7740.0,25-35
CIV,2025,male,27,Services,Public administration and defence; compulsory social security,7421.0,25-35
CIV,2025,male,28,Services,Public administration and defence; compulsory social security,7124.0,25-35
CIV,2025,male,29,Services,Public administration and defence; compulsory social security,6845.0,25-35
CIV,2025,male,30,Services,Public administration and defence; compulsory social security,6571.0,25-35
CIV,2025,male,31,Services,Public administration and defence; compulsory social security,6307.0,25-35
CIV,2025,male,32,Services,Public administration and defence; compulsory social security,6052.0,25-35
CIV,2025,male,33,Services,Public administration and defence; compulsory social security,5804.0,25-35
CIV,2025,male,34,Services,Public administration and defence; compulsory social security,5568.0,25-35
CIV,2025,male,35,Services,Public administration and defence; compulsory social security,5344.0,25-35
CIV,2015,male,25,Services,Real estate activities,475.0,25-35
CIV,2015,male,26,Services,Real estate activities,453.0,25-35
CIV,2015,male,27,Services,Real estate activities,433.0,25-35
CIV,2015,male,28,Services,Real estate activities,415.0,25-35
CIV,2015,male,29,Services,Real estate activities,399.0,25-35
CIV,2015,male,30,Services,Real estate activities,385.0,25-35
CIV,2015,male,31,Services,Real estate activities,371.0,25-35
CIV,2015,male,32,Services,Real estate activities,361.0,25-35
CIV,2015,male,33,Services,Real estate activities,357.0,25-35
CIV,2015,male,34,Services,Real estate activities,356.0,25-35
CIV,2015,male,35,Services,Real estate activities,355.0,25-35
CIV,2016,male,25,Services,Real estate activities,437.0,25-35
CIV,2016,male,26,Services,Real estate activities,417.0,25-35
CIV,2016,male,27,Services,Real estate activities,399.0,25-35
CIV,2016,male,28,Services,Real estate activities,382.0,25-35
CIV,2016,male,29,Services,Real estate activities,367.0,25-35
CIV,2016,male,30,Services,Real estate activities,353.0,25-35
CIV,2016,male,31,Services,Real estate activities,340.0,25-35
CIV,2016,male,32,Services,Real estate activities,330.0,25-35
CIV,2016,male,33,Services,Real estate activities,326.0,25-35
CIV,2016,male,34,Services,Real estate activities,325.0,25-35
CIV,2016,male,35,Services,Real estate activities,324.0,25-35
CIV,2017,male,25,Services,Real estate activities,372.0,25-35
CIV,2017,male,26,Services,Real estate activities,355.0,25-35
CIV,2017,male,27,Services,Real estate activities,339.0,25-35
CIV,2017,male,28,Services,Real estate activities,325.0,25-35
CIV,2017,male,29,Services,Real estate activities,312.0,25-35
CIV,2017,male,30,Services,Real estate activities,300.0,25-35
CIV,2017,male,31,Services,Real estate activities,288.0,25-35
CIV,2017,male,32,Services,Real estate activities,279.0,25-35
CIV,2017,male,33,Services,Real estate activities,275.0,25-35
CIV,2017,male,34,Services,Real estate activities,274.0,25-35
CIV,2017,male,35,Services,Real estate activities,272.0,25-35
CIV,2018,male,25,Services,Real estate activities,339.0,25-35
CIV,2018,male,26,Services,Real estate activities,324.0,25-35
CIV,2018,male,27,Services,Real estate activities,310.0,25-35
CIV,2018,male,28,Services,Real estate activities,297.0,25-35
CIV,2018,male,29,Services,Real estate activities,285.0,25-35
CIV,2018,male,30,Services,Real estate activities,274.0,25-35
CIV,2018,male,31,Services,Real estate activities,263.0,25-35
CIV,2018,male,32,Services,Real estate activities,254.0,25-35
CIV,2018,male,33,Services,Real estate activities,250.0,25-35
CIV,2018,male,34,Services,Real estate activities,248.0,25-35
CIV,2018,male,35,Services,Real estate activities,246.0,25-35
CIV,2019,male,25,Services,Real estate activities,253.0,25-35
CIV,2019,male,26,Services,Real estate activities,242.0,25-35
CIV,2019,male,27,Services,Real estate activities,232.0,25-35
CIV,2019,male,28,Services,Real estate activities,222.0,25-35
CIV,2019,male,29,Services,Real estate activities,214.0,25-35
CIV,2019,male,30,Services,Real estate activities,205.0,25-35
CIV,2019,male,31,Services,Real estate activities,197.0,25-35
CIV,2019,male,32,Services,Real estate activities,190.0,25-35
CIV,2019,male,33,Services,Real estate activities,187.0,25-35
CIV,2019,male,34,Services,Real estate activities,185.0,25-35
CIV,2019,male,35,Services,Real estate activities,183.0,25-35
CIV,2020,male,25,Services,Real estate activities,301.0,25-35
CIV,2020,male,26,Services,Real estate activities,289.0,25-35
CIV,2020,male,27,Services,Real estate activities,278.0,25-35
CIV,2020,male,28,Services,Real estate activities,266.0,25-35
CIV,2020,male,29,Services,Real estate activities,256.0,25-35
CIV,2020,male,30,Services,Real estate activities,245.0,25-35
CIV,2020,male,31,Services,Real estate activities,235.0,25-35
CIV,2020,male,32,Services,Real estate activities,228.0,25-35
CIV,2020,male,33,Services,Real estate activities,223.0,25-35
CIV,2020,male,34,Services,Real estate activities,220.0,25-35
CIV,2020,male,35,Services,Real estate activities,218.0,25-35
CIV,2021,male,25,Services,Real estate activities,285.0,25-35
CIV,2021,male,26,Services,Real estate activities,273.0,25-35
CIV,2021,male,27,Services,Real estate activities,261.0,25-35
CIV,2021,male,28,Services,Real estate activities,250.0,25-35
CIV,2021,male,29,Services,Real estate activities,241.0,25-35
CIV,2021,male,30,Services,Real estate activities,231.0,25-35
CIV,2021,male,31,Services,Real estate activities,222.0,25-35
CIV,2021,male,32,Services,Real estate activities,215.0,25-35
CIV,2021,male,33,Services,Real estate activities,209.0,25-35
CIV,2021,male,34,Services,Real estate activities,204.0,25-35
CIV,2021,male,35,Services,Real estate activities,200.0,25-35
CIV,2022,male,25,Services,Real estate activities,1701.0,25-35
CIV,2022,male,26,Services,Real estate activities,1625.0,25-35
CIV,2022,male,27,Services,Real estate activities,1554.0,25-35
CIV,2022,male,28,Services,Real estate activities,1490.0,25-35
CIV,2022,male,29,Services,Real estate activities,1433.0,25-35
CIV,2022,male,30,Services,Real estate activities,1378.0,25-35
CIV,2022,male,31,Services,Real estate activities,1325.0,25-35
CIV,2022,male,32,Services,Real estate activities,1277.0,25-35
CIV,2022,male,33,Services,Real estate activities,1235.0,25-35
CIV,2022,male,34,Services,Real estate activities,1198.0,25-35
CIV,2022,male,35,Services,Real estate activities,1163.0,25-35
CIV,2023,male,25,Services,Real estate activities,308.0,25-35
CIV,2023,male,26,Services,Real estate activities,294.0,25-35
CIV,2023,male,27,Services,Real estate activities,281.0,25-35
CIV,2023,male,28,Services,Real estate activities,270.0,25-35
CIV,2023,male,29,Services,Real estate activities,259.0,25-35
CIV,2023,male,30,Services,Real estate activities,249.0,25-35
CIV,2023,male,31,Services,Real estate activities,240.0,25-35
CIV,2023,male,32,Services,Real estate activities,231.0,25-35
CIV,2023,male,33,Services,Real estate activities,222.0,25-35
CIV,2023,male,34,Services,Real estate activities,214.0,25-35
CIV,2023,male,35,Services,Real estate activities,207.0,25-35
CIV,2024,male,25,Services,Real estate activities,321.0,25-35
CIV,2024,male,26,Services,Real estate activities,308.0,25-35
CIV,2024,male,27,Services,Real estate activities,294.0,25-35
CIV,2024,male,28,Services,Real estate activities,282.0,25-35
CIV,2024,male,29,Services,Real estate activities,272.0,25-35
CIV,2024,male,30,Services,Real estate activities,261.0,25-35
CIV,2024,male,31,Services,Real estate activities,251.0,25-35
CIV,2024,male,32,Services,Real estate activities,241.0,25-35
CIV,2024,male,33,Services,Real estate activities,231.0,25-35
CIV,2024,male,34,Services,Real estate activities,222.0,25-35
CIV,2024,male,35,Services,Real estate activities,214.0,25-35
CIV,2025,male,25,Services,Real estate activities,341.0,25-35
CIV,2025,male,26,Services,Real estate activities,327.0,25-35
CIV,2025,male,27,Services,Real estate activities,314.0,25-35
CIV,2025,male,28,Services,Real estate activities,301.0,25-35
CIV,2025,male,29,Services,Real estate activities,289.0,25-35
CIV,2025,male,30,Services,Real estate activities,278.0,25-35
CIV,2025,male,31,Services,Real estate activities,266.0,25-35
CIV,2025,male,32,Services,Real estate activities,256.0,25-35
CIV,2025,male,33,Services,Real estate activities,245.0,25-35
CIV,2025,male,34,Services,Real estate activities,235.0,25-35
CIV,2025,male,35,Services,Real estate activities,226.0,25-35
CIV,2015,male,25,Services,Transportation and storage,10629.0,25-35
CIV,2015,male,26,Services,Transportation and storage,10139.0,25-35
CIV,2015,male,27,Services,Transportation and storage,9693.0,25-35
CIV,2015,male,28,Services,Transportation and storage,9295.0,25-35
CIV,2015,male,29,Services,Transportation and storage,8944.0,25-35
CIV,2015,male,30,Services,Transportation and storage,8618.0,25-35
CIV,2015,male,31,Services,Transportation and storage,8303.0,25-35
CIV,2015,male,32,Services,Transportation and storage,8081.0,25-35
CIV,2015,male,33,Services,Transportation and storage,7987.0,25-35
CIV,2015,male,34,Services,Transportation and storage,7972.0,25-35
CIV,2015,male,35,Services,Transportation and storage,7960.0,25-35
CIV,2016,male,25,Services,Transportation and storage,11076.0,25-35
CIV,2016,male,26,Services,Transportation and storage,10566.0,25-35
CIV,2016,male,27,Services,Transportation and storage,10098.0,25-35
CIV,2016,male,28,Services,Transportation and storage,9675.0,25-35
CIV,2016,male,29,Services,Transportation and storage,9298.0,25-35
CIV,2016,male,30,Services,Transportation and storage,8945.0,25-35
CIV,2016,male,31,Services,Transportation and storage,8601.0,25-35
CIV,2016,male,32,Services,Transportation and storage,8357.0,25-35
CIV,2016,male,33,Services,Transportation and storage,8247.0,25-35
CIV,2016,male,34,Services,Transportation and storage,8223.0,25-35
CIV,2016,male,35,Services,Transportation and storage,8201.0,25-35
CIV,2017,male,25,Services,Transportation and storage,11585.0,25-35
CIV,2017,male,26,Services,Transportation and storage,11057.0,25-35
CIV,2017,male,27,Services,Transportation and storage,10568.0,25-35
CIV,2017,male,28,Services,Transportation and storage,10122.0,25-35
CIV,2017,male,29,Services,Transportation and storage,9720.0,25-35
CIV,2017,male,30,Services,Transportation and storage,9341.0,25-35
CIV,2017,male,31,Services,Transportation and storage,8972.0,25-35
CIV,2017,male,32,Services,Transportation and storage,8703.0,25-35
CIV,2017,male,33,Services,Transportation and storage,8573.0,25-35
CIV,2017,male,34,Services,Transportation and storage,8529.0,25-35
CIV,2017,male,35,Services,Transportation and storage,8489.0,25-35
CIV,2018,male,25,Services,Transportation and storage,13625.0,25-35
CIV,2018,male,26,Services,Transportation and storage,13017.0,25-35
CIV,2018,male,27,Services,Transportation and storage,12449.0,25-35
CIV,2018,male,28,Services,Transportation and storage,11925.0,25-35
CIV,2018,male,29,Services,Transportation and storage,11448.0,25-35
CIV,2018,male,30,Services,Transportation and storage,10997.0,25-35
CIV,2018,male,31,Services,Transportation and storage,10554.0,25-35
CIV,2018,male,32,Services,Transportation and storage,10224.0,25-35
CIV,2018,male,33,Services,Transportation and storage,10050.0,25-35
CIV,2018,male,34,Services,Transportation and storage,9975.0,25-35
CIV,2018,male,35,Services,Transportation and storage,9902.0,25-35
CIV,2019,male,25,Services,Transportation and storage,15966.0,25-35
CIV,2019,male,26,Services,Transportation and storage,15280.0,25-35
CIV,2019,male,27,Services,Transportation and storage,14631.0,25-35
CIV,2019,male,28,Services,Transportation and storage,14024.0,25-35
CIV,2019,male,29,Services,Transportation and storage,13463.0,25-35
CIV,2019,male,30,Services,Transportation and storage,12929.0,25-35
CIV,2019,male,31,Services,Transportation and storage,12404.0,25-35
CIV,2019,male,32,Services,Transportation and storage,12004.0,25-35
CIV,2019,male,33,Services,Transportation and storage,11776.0,25-35
CIV,2019,male,34,Services,Transportation and storage,11660.0,25-35
CIV,2019,male,35,Services,Transportation and storage,11546.0,25-35
CIV,2020,male,25,Services,Transportation and storage,14743.0,25-35
CIV,2020,male,26,Services,Transportation and storage,14146.0,25-35
CIV,2020,male,27,Services,Transportation and storage,13573.0,25-35
CIV,2020,male,28,Services,Transportation and storage,13021.0,25-35
CIV,2020,male,29,Services,Transportation and storage,12502.0,25-35
CIV,2020,male,30,Services,Transportation and storage,12005.0,25-35
CIV,2020,male,31,Services,Transportation and storage,11517.0,25-35
CIV,2020,male,32,Services,Transportation and storage,11137.0,25-35
CIV,2020,male,33,Services,Transportation and storage,10909.0,25-35
CIV,2020,male,34,Services,Transportation and storage,10780.0,25-35
CIV,2020,male,35,Services,Transportation and storage,10651.0,25-35
CIV,2021,male,25,Services,Transportation and storage,14065.0,25-35
CIV,2021,male,26,Services,Transportation and storage,13452.0,25-35
CIV,2021,male,27,Services,Transportation and storage,12876.0,25-35
CIV,2021,male,28,Services,Transportation and storage,12351.0,25-35
CIV,2021,male,29,Services,Transportation and storage,11872.0,25-35
CIV,2021,male,30,Services,Transportation and storage,11411.0,25-35
CIV,2021,male,31,Services,Transportation and storage,10965.0,25-35
CIV,2021,male,32,Services,Transportation and storage,10587.0,25-35
CIV,2021,male,33,Services,Transportation and storage,10296.0,25-35
CIV,2021,male,34,Services,Transportation and storage,10068.0,25-35
CIV,2021,male,35,Services,Transportation and storage,9849.0,25-35
CIV,2022,male,25,Services,Transportation and storage,13372.0,25-35
CIV,2022,male,26,Services,Transportation and storage,12773.0,25-35
CIV,2022,male,27,Services,Transportation and storage,12214.0,25-35
CIV,2022,male,28,Services,Transportation and storage,11716.0,25-35
CIV,2022,male,29,Services,Transportation and storage,11267.0,25-35
CIV,2022,male,30,Services,Transportation and storage,10831.0,25-35
CIV,2022,male,31,Services,Transportation and storage,10416.0,25-35
CIV,2022,male,32,Services,Transportation and storage,10040.0,25-35
CIV,2022,male,33,Services,Transportation and storage,9710.0,25-35
CIV,2022,male,34,Services,Transportation and storage,9420.0,25-35
CIV,2022,male,35,Services,Transportation and storage,9145.0,25-35
CIV,2023,male,25,Services,Transportation and storage,15078.0,25-35
CIV,2023,male,26,Services,Transportation and storage,14406.0,25-35
CIV,2023,male,27,Services,Transportation and storage,13777.0,25-35
CIV,2023,male,28,Services,Transportation and storage,13217.0,25-35
CIV,2023,male,29,Services,Transportation and storage,12710.0,25-35
CIV,2023,male,30,Services,Transportation and storage,12216.0,25-35
CIV,2023,male,31,Services,Transportation and storage,11745.0,25-35
CIV,2023,male,32,Services,Transportation and storage,11303.0,25-35
CIV,2023,male,33,Services,Transportation and storage,10888.0,25-35
CIV,2023,male,34,Services,Transportation and storage,10504.0,25-35
CIV,2023,male,35,Services,Transportation and storage,10140.0,25-35
CIV,2024,male,25,Services,Transportation and storage,15915.0,25-35
CIV,2024,male,26,Services,Transportation and storage,15226.0,25-35
CIV,2024,male,27,Services,Transportation and storage,14575.0,25-35
CIV,2024,male,28,Services,Transportation and storage,13987.0,25-35
CIV,2024,male,29,Services,Transportation and storage,13445.0,25-35
CIV,2024,male,30,Services,Transportation and storage,12916.0,25-35
CIV,2024,male,31,Services,Transportation and storage,12410.0,25-35
CIV,2024,male,32,Services,Transportation and storage,11924.0,25-35
CIV,2024,male,33,Services,Transportation and storage,11455.0,25-35
CIV,2024,male,34,Services,Transportation and storage,11011.0,25-35
CIV,2024,male,35,Services,Transportation and storage,10590.0,25-35
CIV,2025,male,25,Services,Transportation and storage,16780.0,25-35
CIV,2025,male,26,Services,Transportation and storage,16090.0,25-35
CIV,2025,male,27,Services,Transportation and storage,15427.0,25-35
CIV,2025,male,28,Services,Transportation and storage,14810.0,25-35
CIV,2025,male,29,Services,Transportation and storage,14229.0,25-35
CIV,2025,male,30,Services,Transportation and storage,13659.0,25-35
CIV,2025,male,31,Services,Transportation and storage,13111.0,25-35
CIV,2025,male,32,Services,Transportation and storage,12581.0,25-35
CIV,2025,male,33,Services,Transportation and storage,12066.0,25-35
CIV,2025,male,34,Services,Transportation and storage,11576.0,25-35
CIV,2025,male,35,Services,Transportation and storage,11109.0,25-35
CIV,2015,male,25,Industry,"Water supply; sewerage, waste management and remediation activities",142.0,25-35
CIV,2015,male,26,Industry,"Water supply; sewerage, waste management and remediation activities",135.0,25-35
CIV,2015,male,27,Industry,"Water supply; sewerage, waste management and remediation activities",129.0,25-35
CIV,2015,male,28,Industry,"Water supply; sewerage, waste management and remediation activities",124.0,25-35
CIV,2015,male,29,Industry,"Water supply; sewerage, waste management and remediation activities",119.0,25-35
CIV,2015,male,30,Industry,"Water supply; sewerage, waste management and remediation activities",115.0,25-35
CIV,2015,male,31,Industry,"Water supply; sewerage, waste management and remediation activities",111.0,25-35
CIV,2015,male,32,Industry,"Water supply; sewerage, waste management and remediation activities",108.0,25-35
CIV,2015,male,33,Industry,"Water supply; sewerage, waste management and remediation activities",107.0,25-35
CIV,2015,male,34,Industry,"Water supply; sewerage, waste management and remediation activities",106.0,25-35
CIV,2015,male,35,Industry,"Water supply; sewerage, waste management and remediation activities",106.0,25-35
CIV,2016,male,25,Industry,"Water supply; sewerage, waste management and remediation activities",58.0,25-35
CIV,2016,male,26,Industry,"Water supply; sewerage, waste management and remediation activities",55.0,25-35
CIV,2016,male,27,Industry,"Water supply; sewerage, waste management and remediation activities",53.0,25-35
CIV,2016,male,28,Industry,"Water supply; sewerage, waste management and remediation activities",51.0,25-35
CIV,2016,male,29,Industry,"Water supply; sewerage, waste management and remediation activities",49.0,25-35
CIV,2016,male,30,Industry,"Water supply; sewerage, waste management and remediation activities",47.0,25-35
CIV,2016,male,31,Industry,"Water supply; sewerage, waste management and remediation activities",45.0,25-35
CIV,2016,male,32,Industry,"Water supply; sewerage, waste management and remediation activities",44.0,25-35
CIV,2016,male,33,Industry,"Water supply; sewerage, waste management and remediation activities",43.0,25-35
CIV,2016,male,34,Industry,"Water supply; sewerage, waste management and remediation activities",43.0,25-35
CIV,2016,male,35,Industry,"Water supply; sewerage, waste management and remediation activities",43.0,25-35
CIV,2017,male,25,Industry,"Water supply; sewerage, waste management and remediation activities",115.0,25-35
CIV,2017,male,26,Industry,"Water supply; sewerage, waste management and remediation activities",110.0,25-35
CIV,2017,male,27,Industry,"Water supply; sewerage, waste management and remediation activities",105.0,25-35
CIV,2017,male,28,Industry,"Water supply; sewerage, waste management and remediation activities",101.0,25-35
CIV,2017,male,29,Industry,"Water supply; sewerage, waste management and remediation activities",97.0,25-35
CIV,2017,male,30,Industry,"Water supply; sewerage, waste management and remediation activities",93.0,25-35
CIV,2017,male,31,Industry,"Water supply; sewerage, waste management and remediation activities",89.0,25-35
CIV,2017,male,32,Industry,"Water supply; sewerage, waste management and remediation activities",87.0,25-35
CIV,2017,male,33,Industry,"Water supply; sewerage, waste management and remediation activities",85.0,25-35
CIV,2017,male,34,Industry,"Water supply; sewerage, waste management and remediation activities",85.0,25-35
CIV,2017,male,35,Industry,"Water supply; sewerage, waste management and remediation activities",85.0,25-35
CIV,2018,male,25,Industry,"Water supply; sewerage, waste management and remediation activities",122.0,25-35
CIV,2018,male,26,Industry,"Water supply; sewerage, waste management and remediation activities",116.0,25-35
CIV,2018,male,27,Industry,"Water supply; sewerage, waste management and remediation activities",111.0,25-35
CIV,2018,male,28,Industry,"Water supply; sewerage, waste management and remediation activities",107.0,25-35
CIV,2018,male,29,Industry,"Water supply; sewerage, waste management and remediation activities",102.0,25-35
CIV,2018,male,30,Industry,"Water supply; sewerage, waste management and remediation activities",98.0,25-35
CIV,2018,male,31,Industry,"Water supply; sewerage, waste management and remediation activities",94.0,25-35
CIV,2018,male,32,Industry,"Water supply; sewerage, waste management and remediation activities",91.0,25-35
CIV,2018,male,33,Industry,"Water supply; sewerage, waste management and remediation activities",90.0,25-35
CIV,2018,male,34,Industry,"Water supply; sewerage, waste management and remediation activities",89.0,25-35
CIV,2018,male,35,Industry,"Water supply; sewerage, waste management and remediation activities",89.0,25-35
CIV,2019,male,25,Industry,"Water supply; sewerage, waste management and remediation activities",177.0,25-35
CIV,2019,male,26,Industry,"Water supply; sewerage, waste management and remediation activities",169.0,25-35
CIV,2019,male,27,Industry,"Water supply; sewerage, waste management and remediation activities",162.0,25-35
CIV,2019,male,28,Industry,"Water supply; sewerage, waste management and remediation activities",155.0,25-35
CIV,2019,male,29,Industry,"Water supply; sewerage, waste management and remediation activities",149.0,25-35
CIV,2019,male,30,Industry,"Water supply; sewerage, waste management and remediation activities",143.0,25-35
CIV,2019,male,31,Industry,"Water supply; sewerage, waste management and remediation activities",138.0,25-35
CIV,2019,male,32,Industry,"Water supply; sewerage, waste management and remediation activities",133.0,25-35
CIV,2019,male,33,Industry,"Water supply; sewerage, waste management and remediation activities",131.0,25-35
CIV,2019,male,34,Industry,"Water supply; sewerage, waste management and remediation activities",129.0,25-35
CIV,2019,male,35,Industry,"Water supply; sewerage, waste management and remediation activities",128.0,25-35
CIV,2020,male,25,Industry,"Water supply; sewerage, waste management and remediation activities",182.0,25-35
CIV,2020,male,26,Industry,"Water supply; sewerage, waste management and remediation activities",174.0,25-35
CIV,2020,male,27,Industry,"Water supply; sewerage, waste management and remediation activities",167.0,25-35
CIV,2020,male,28,Industry,"Water supply; sewerage, waste management and remediation activities",160.0,25-35
CIV,2020,male,29,Industry,"Water supply; sewerage, waste management and remediation activities",154.0,25-35
CIV,2020,male,30,Industry,"Water supply; sewerage, waste management and remediation activities",148.0,25-35
CIV,2020,male,31,Industry,"Water supply; sewerage, waste management and remediation activities",142.0,25-35
CIV,2020,male,32,Industry,"Water supply; sewerage, waste management and remediation activities",137.0,25-35
CIV,2020,male,33,Industry,"Water supply; sewerage, waste management and remediation activities",134.0,25-35
CIV,2020,male,34,Industry,"Water supply; sewerage, waste management and remediation activities",133.0,25-35
CIV,2020,male,35,Industry,"Water supply; sewerage, waste management and remediation activities",131.0,25-35
CIV,2021,male,25,Industry,"Water supply; sewerage, waste management and remediation activities",215.0,25-35
CIV,2021,male,26,Industry,"Water supply; sewerage, waste management and remediation activities",205.0,25-35
CIV,2021,male,27,Industry,"Water supply; sewerage, waste management and remediation activities",196.0,25-35
CIV,2021,male,28,Industry,"Water supply; sewerage, waste management and remediation activities",188.0,25-35
CIV,2021,male,29,Industry,"Water supply; sewerage, waste management and remediation activities",181.0,25-35
CIV,2021,male,30,Industry,"Water supply; sewerage, waste management and remediation activities",174.0,25-35
CIV,2021,male,31,Industry,"Water supply; sewerage, waste management and remediation activities",167.0,25-35
CIV,2021,male,32,Industry,"Water supply; sewerage, waste management and remediation activities",162.0,25-35
CIV,2021,male,33,Industry,"Water supply; sewerage, waste management and remediation activities",157.0,25-35
CIV,2021,male,34,Industry,"Water supply; sewerage, waste management and remediation activities",154.0,25-35
CIV,2021,male,35,Industry,"Water supply; sewerage, waste management and remediation activities",150.0,25-35
CIV,2022,male,25,Industry,"Water supply; sewerage, waste management and remediation activities",252.0,25-35
CIV,2022,male,26,Industry,"Water supply; sewerage, waste management and remediation activities",241.0,25-35
CIV,2022,male,27,Industry,"Water supply; sewerage, waste management and remediation activities",231.0,25-35
CIV,2022,male,28,Industry,"Water supply; sewerage, waste management and remediation activities",221.0,25-35
CIV,2022,male,29,Industry,"Water supply; sewerage, waste management and remediation activities",213.0,25-35
CIV,2022,male,30,Industry,"Water supply; sewerage, waste management and remediation activities",204.0,25-35
CIV,2022,male,31,Industry,"Water supply; sewerage, waste management and remediation activities",197.0,25-35
CIV,2022,male,32,Industry,"Water supply; sewerage, waste management and remediation activities",189.0,25-35
CIV,2022,male,33,Industry,"Water supply; sewerage, waste management and remediation activities",183.0,25-35
CIV,2022,male,34,Industry,"Water supply; sewerage, waste management and remediation activities",178.0,25-35
CIV,2022,male,35,Industry,"Water supply; sewerage, waste management and remediation activities",173.0,25-35
CIV,2023,male,25,Industry,"Water supply; sewerage, waste management and remediation activities",264.0,25-35
CIV,2023,male,26,Industry,"Water supply; sewerage, waste management and remediation activities",253.0,25-35
CIV,2023,male,27,Industry,"Water supply; sewerage, waste management and remediation activities",241.0,25-35
CIV,2023,male,28,Industry,"Water supply; sewerage, waste management and remediation activities",232.0,25-35
CIV,2023,male,29,Industry,"Water supply; sewerage, waste management and remediation activities",223.0,25-35
CIV,2023,male,30,Industry,"Water supply; sewerage, waste management and remediation activities",214.0,25-35
CIV,2023,male,31,Industry,"Water supply; sewerage, waste management and remediation activities",206.0,25-35
CIV,2023,male,32,Industry,"Water supply; sewerage, waste management and remediation activities",198.0,25-35
CIV,2023,male,33,Industry,"Water supply; sewerage, waste management and remediation activities",191.0,25-35
CIV,2023,male,34,Industry,"Water supply; sewerage, waste management and remediation activities",184.0,25-35
CIV,2023,male,35,Industry,"Water supply; sewerage, waste management and remediation activities",178.0,25-35
CIV,2024,male,25,Industry,"Water supply; sewerage, waste management and remediation activities",295.0,25-35
CIV,2024,male,26,Industry,"Water supply; sewerage, waste management and remediation activities",282.0,25-35
CIV,2024,male,27,Industry,"Water supply; sewerage, waste management and remediation activities",270.0,25-35
CIV,2024,male,28,Industry,"Water supply; sewerage, waste management and remediation activities",259.0,25-35
CIV,2024,male,29,Industry,"Water supply; sewerage, waste management and remediation activities",249.0,25-35
CIV,2024,male,30,Industry,"Water supply; sewerage, waste management and remediation activities",239.0,25-35
CIV,2024,male,31,Industry,"Water supply; sewerage, waste management and remediation activities",230.0,25-35
CIV,2024,male,32,Industry,"Water supply; sewerage, waste management and remediation activities",221.0,25-35
CIV,2024,male,33,Industry,"Water supply; sewerage, waste management and remediation activities",212.0,25-35
CIV,2024,male,34,Industry,"Water supply; sewerage, waste management and remediation activities",204.0,25-35
CIV,2024,male,35,Industry,"Water supply; sewerage, waste management and remediation activities",196.0,25-35
CIV,2025,male,25,Industry,"Water supply; sewerage, waste management and remediation activities",308.0,25-35
CIV,2025,male,26,Industry,"Water supply; sewerage, waste management and remediation activities",295.0,25-35
CIV,2025,male,27,Industry,"Water supply; sewerage, waste management and remediation activities",283.0,25-35
CIV,2025,male,28,Industry,"Water supply; sewerage, waste management and remediation activities",272.0,25-35
CIV,2025,male,29,Industry,"Water supply; sewerage, waste management and remediation activities",261.0,25-35
CIV,2025,male,30,Industry,"Water supply; sewerage, waste management and remediation activities",251.0,25-35
CIV,2025,male,31,Industry,"Water supply; sewerage, waste management and remediation activities",241.0,25-35
CIV,2025,male,32,Industry,"Water supply; sewerage, waste management and remediation activities",231.0,25-35
CIV,2025,male,33,Industry,"Water supply; sewerage, waste management and remediation activities",221.0,25-35
CIV,2025,male,34,Industry,"Water supply; sewerage, waste management and remediation activities",212.0,25-35
CIV,2025,male,35,Industry,"Water supply; sewerage, waste management and remediation activities",204.0,25-35
CIV,2015,male,25,Services,Wholesale and retail trade; repair of motor vehicles and motorcycles,24227.0,25-35
CIV,2015,male,26,Services,Wholesale and retail trade; repair of motor vehicles and motorcycles,23110.0,25-35
CIV,2015,male,27,Services,Wholesale and retail trade; repair of motor vehicles and motorcycles,22094.0,25-35
CIV,2015,male,28,Services,Wholesale and retail trade; repair of motor vehicles and motorcycles,21187.0,25-35
CIV,2015,male,29,Services,Wholesale and retail trade; repair of motor vehicles and motorcycles,20386.0,25-35
CIV,2015,male,30,Services,Wholesale and retail trade; repair of motor vehicles and motorcycles,19643.0,25-35
CIV,2015,male,31,Services,Wholesale and retail trade; repair of motor vehicles and motorcycles,18925.0,25-35
CIV,2015,male,32,Services,Wholesale and retail trade; repair of motor vehicles and motorcycles,18420.0,25-35
CIV,2015,male,33,Services,Wholesale and retail trade; repair of motor vehicles and motorcycles,18205.0,25-35
CIV,2015,male,34,Services,Wholesale and retail trade; repair of motor vehicles and motorcycles,18170.0,25-35
CIV,2015,male,35,Services,Wholesale and retail trade; repair of motor vehicles and motorcycles,18144.0,25-35
CIV,2016,male,25,Services,Wholesale and retail trade; repair of motor vehicles and motorcycles,25506.0,25-35
CIV,2016,male,26,Services,Wholesale and retail trade; repair of motor vehicles and motorcycles,24333.0,25-35
CIV,2016,male,27,Services,Wholesale and retail trade; repair of motor vehicles and motorcycles,23255.0,25-35
CIV,2016,male,28,Services,Wholesale and retail trade; repair of motor vehicles and motorcycles,22281.0,25-35
CIV,2016,male,29,Services,Wholesale and retail trade; repair of motor vehicles and motorcycles,21411.0,25-35
CIV,2016,male,30,Services,Wholesale and retail trade; repair of motor vehicles and motorcycles,20598.0,25-35
CIV,2016,male,31,Services,Wholesale and retail trade; repair of motor vehicles and motorcycles,19807.0,25-35
CIV,2016,male,32,Services,Wholesale and retail trade; repair of motor vehicles and motorcycles,19244.0,25-35
CIV,2016,male,33,Services,Wholesale and retail trade; repair of motor vehicles and motorcycles,18992.0,25-35
CIV,2016,male,34,Services,Wholesale and retail trade; repair of motor vehicles and motorcycles,18935.0,25-35
CIV,2016,male,35,Services,Wholesale and retail trade; repair of motor vehicles and motorcycles,18886.0,25-35
CIV,2017,male,25,Services,Wholesale and retail trade; repair of motor vehicles and motorcycles,26665.0,25-35
CIV,2017,male,26,Services,Wholesale and retail trade; repair of motor vehicles and motorcycles,25451.0,25-35
CIV,2017,male,27,Services,Wholesale and retail trade; repair of motor vehicles and motorcycles,24324.0,25-35
CIV,2017,male,28,Services,Wholesale and retail trade; repair of motor vehicles and motorcycles,23298.0,25-35
CIV,2017,male,29,Services,Wholesale and retail trade; repair of motor vehicles and motorcycles,22373.0,25-35
CIV,2017,male,30,Services,Wholesale and retail trade; repair of motor vehicles and motorcycles,21501.0,25-35
CIV,2017,male,31,Services,Wholesale and retail trade; repair of motor vehicles and motorcycles,20651.0,25-35
CIV,2017,male,32,Services,Wholesale and retail trade; repair of motor vehicles and motorcycles,20032.0,25-35
CIV,2017,male,33,Services,Wholesale and retail trade; repair of motor vehicles and motorcycles,19732.0,25-35
CIV,2017,male,34,Services,Wholesale and retail trade; repair of motor vehicles and motorcycles,19632.0,25-35
CIV,2017,male,35,Services,Wholesale and retail trade; repair of motor vehicles and motorcycles,19539.0,25-35
CIV,2018,male,25,Services,Wholesale and retail trade; repair of motor vehicles and motorcycles,27971.0,25-35
CIV,2018,male,26,Services,Wholesale and retail trade; repair of motor vehicles and motorcycles,26723.0,25-35
CIV,2018,male,27,Services,Wholesale and retail trade; repair of motor vehicles and motorcycles,25556.0,25-35
CIV,2018,male,28,Services,Wholesale and retail trade; repair of motor vehicles and motorcycles,24482.0,25-35
CIV,2018,male,29,Services,Wholesale and retail trade; repair of motor vehicles and motorcycles,23503.0,25-35
CIV,2018,male,30,Services,Wholesale and retail trade; repair of motor vehicles and motorcycles,22575.0,25-35
CIV,2018,male,31,Services,Wholesale and retail trade; repair of motor vehicles and motorcycles,21667.0,25-35
CIV,2018,male,32,Services,Wholesale and retail trade; repair of motor vehicles and motorcycles,20990.0,25-35
CIV,2018,male,33,Services,Wholesale and retail trade; repair of motor vehicles and motorcycles,20632.0,25-35
CIV,2018,male,34,Services,Wholesale and retail trade; repair of motor vehicles and motorcycles,20478.0,25-35
CIV,2018,male,35,Services,Wholesale and retail trade; repair of motor vehicles and motorcycles,20329.0,25-35
CIV,2019,male,25,Services,Wholesale and retail trade; repair of motor vehicles and motorcycles,29124.0,25-35
CIV,2019,male,26,Services,Wholesale and retail trade; repair of motor vehicles and motorcycles,27873.0,25-35
CIV,2019,male,27,Services,Wholesale and retail trade; repair of motor vehicles and motorcycles,26689.0,25-35
CIV,2019,male,28,Services,Wholesale and retail trade; repair of motor vehicles and motorcycles,25582.0,25-35
CIV,2019,male,29,Services,Wholesale and retail trade; repair of motor vehicles and motorcycles,24558.0,25-35
CIV,2019,male,30,Services,Wholesale and retail trade; repair of motor vehicles and motorcycles,23583.0,25-35
CIV,2019,male,31,Services,Wholesale and retail trade; repair of motor vehicles and motorcycles,22627.0,25-35
CIV,2019,male,32,Services,Wholesale and retail trade; repair of motor vehicles and motorcycles,21897.0,25-35
CIV,2019,male,33,Services,Wholesale and retail trade; repair of motor vehicles and motorcycles,21482.0,25-35
CIV,2019,male,34,Services,Wholesale and retail trade; repair of motor vehicles and motorcycles,21270.0,25-35
CIV,2019,male,35,Services,Wholesale and retail trade; repair of motor vehicles and motorcycles,21061.0,25-35
CIV,2020,male,25,Services,Wholesale and retail trade; repair of motor vehicles and motorcycles,26840.0,25-35
CIV,2020,male,26,Services,Wholesale and retail trade; repair of motor vehicles and motorcycles,25754.0,25-35
CIV,2020,male,27,Services,Wholesale and retail trade; repair of motor vehicles and motorcycles,24709.0,25-35
CIV,2020,male,28,Services,Wholesale and retail trade; repair of motor vehicles and motorcycles,23706.0,25-35
CIV,2020,male,29,Services,Wholesale and retail trade; repair of motor vehicles and motorcycles,22759.0,25-35
CIV,2020,male,30,Services,Wholesale and retail trade; repair of motor vehicles and motorcycles,21856.0,25-35
CIV,2020,male,31,Services,Wholesale and retail trade; repair of motor vehicles and motorcycles,20966.0,25-35
CIV,2020,male,32,Services,Wholesale and retail trade; repair of motor vehicles and motorcycles,20274.0,25-35
CIV,2020,male,33,Services,Wholesale and retail trade; repair of motor vehicles and motorcycles,19859.0,25-35
CIV,2020,male,34,Services,Wholesale and retail trade; repair of motor vehicles and motorcycles,19624.0,25-35
CIV,2020,male,35,Services,Wholesale and retail trade; repair of motor vehicles and motorcycles,19391.0,25-35
CIV,2021,male,25,Services,Wholesale and retail trade; repair of motor vehicles and motorcycles,26501.0,25-35
CIV,2021,male,26,Services,Wholesale and retail trade; repair of motor vehicles and motorcycles,25347.0,25-35
CIV,2021,male,27,Services,Wholesale and retail trade; repair of motor vehicles and motorcycles,24261.0,25-35
CIV,2021,male,28,Services,Wholesale and retail trade; repair of motor vehicles and motorcycles,23273.0,25-35
CIV,2021,male,29,Services,Wholesale and retail trade; repair of motor vehicles and motorcycles,22370.0,25-35
CIV,2021,male,30,Services,Wholesale and retail trade; repair of motor vehicles and motorcycles,21501.0,25-35
CIV,2021,male,31,Services,Wholesale and retail trade; repair of motor vehicles and motorcycles,20661.0,25-35
CIV,2021,male,32,Services,Wholesale and retail trade; repair of motor vehicles and motorcycles,19949.0,25-35
CIV,2021,male,33,Services,Wholesale and retail trade; repair of motor vehicles and motorcycles,19400.0,25-35
CIV,2021,male,34,Services,Wholesale and retail trade; repair of motor vehicles and motorcycles,18970.0,25-35
CIV,2021,male,35,Services,Wholesale and retail trade; repair of motor vehicles and motorcycles,18558.0,25-35
CIV,2022,male,25,Services,Wholesale and retail trade; repair of motor vehicles and motorcycles,26486.0,25-35
CIV,2022,male,26,Services,Wholesale and retail trade; repair of motor vehicles and motorcycles,25299.0,25-35
CIV,2022,male,27,Services,Wholesale and retail trade; repair of motor vehicles and motorcycles,24192.0,25-35
CIV,2022,male,28,Services,Wholesale and retail trade; repair of motor vehicles and motorcycles,23206.0,25-35
CIV,2022,male,29,Services,Wholesale and retail trade; repair of motor vehicles and motorcycles,22316.0,25-35
CIV,2022,male,30,Services,Wholesale and retail trade; repair of motor vehicles and motorcycles,21454.0,25-35
CIV,2022,male,31,Services,Wholesale and retail trade; repair of motor vehicles and motorcycles,20630.0,25-35
CIV,2022,male,32,Services,Wholesale and retail trade; repair of motor vehicles and motorcycles,19886.0,25-35
CIV,2022,male,33,Services,Wholesale and retail trade; repair of motor vehicles and motorcycles,19233.0,25-35
CIV,2022,male,34,Services,Wholesale and retail trade; repair of motor vehicles and motorcycles,18659.0,25-35
CIV,2022,male,35,Services,Wholesale and retail trade; repair of motor vehicles and motorcycles,18113.0,25-35
CIV,2023,male,25,Services,Wholesale and retail trade; repair of motor vehicles and motorcycles,31560.0,25-35
CIV,2023,male,26,Services,Wholesale and retail trade; repair of motor vehicles and motorcycles,30152.0,25-35
CIV,2023,male,27,Services,Wholesale and retail trade; repair of motor vehicles and motorcycles,28836.0,25-35
CIV,2023,male,28,Services,Wholesale and retail trade; repair of motor vehicles and motorcycles,27664.0,25-35
CIV,2023,male,29,Services,Wholesale and retail trade; repair of motor vehicles and motorcycles,26602.0,25-35
CIV,2023,male,30,Services,Wholesale and retail trade; repair of motor vehicles and motorcycles,25568.0,25-35
CIV,2023,male,31,Services,Wholesale and retail trade; repair of motor vehicles and motorcycles,24583.0,25-35
CIV,2023,male,32,Services,Wholesale and retail trade; repair of motor vehicles and motorcycles,23657.0,25-35
CIV,2023,male,33,Services,Wholesale and retail trade; repair of motor vehicles and motorcycles,22789.0,25-35
CIV,2023,male,34,Services,Wholesale and retail trade; repair of motor vehicles and motorcycles,21986.0,25-35
CIV,2023,male,35,Services,Wholesale and retail trade; repair of motor vehicles and motorcycles,21224.0,25-35
CIV,2024,male,25,Services,Wholesale and retail trade; repair of motor vehicles and motorcycles,34209.0,25-35
CIV,2024,male,26,Services,Wholesale and retail trade; repair of motor vehicles and motorcycles,32730.0,25-35
CIV,2024,male,27,Services,Wholesale and retail trade; repair of motor vehicles and motorcycles,31331.0,25-35
CIV,2024,male,28,Services,Wholesale and retail trade; repair of motor vehicles and motorcycles,30065.0,25-35
CIV,2024,male,29,Services,Wholesale and retail trade; repair of motor vehicles and motorcycles,28901.0,25-35
CIV,2024,male,30,Services,Wholesale and retail trade; repair of motor vehicles and motorcycles,27763.0,25-35
CIV,2024,male,31,Services,Wholesale and retail trade; repair of motor vehicles and motorcycles,26675.0,25-35
CIV,2024,male,32,Services,Wholesale and retail trade; repair of motor vehicles and motorcycles,25631.0,25-35
CIV,2024,male,33,Services,Wholesale and retail trade; repair of motor vehicles and motorcycles,24623.0,25-35
CIV,2024,male,34,Services,Wholesale and retail trade; repair of motor vehicles and motorcycles,23669.0,25-35
CIV,2024,male,35,Services,Wholesale and retail trade; repair of motor vehicles and motorcycles,22764.0,25-35
CIV,2025,male,25,Services,Wholesale and retail trade; repair of motor vehicles and motorcycles,35878.0,25-35
CIV,2025,male,26,Services,Wholesale and retail trade; repair of motor vehicles and motorcycles,34403.0,25-35
CIV,2025,male,27,Services,Wholesale and retail trade; repair of motor vehicles and motorcycles,32984.0,25-35
CIV,2025,male,28,Services,Wholesale and retail trade; repair of motor vehicles and motorcycles,31665.0,25-35
CIV,2025,male,29,Services,Wholesale and retail trade; repair of motor vehicles and motorcycles,30423.0,25-35
CIV,2025,male,30,Services,Wholesale and retail trade; repair of motor vehicles and motorcycles,29205.0,25-35
CIV,2025,male,31,Services,Wholesale and retail trade; repair of motor vehicles and motorcycles,28033.0,25-35
CIV,2025,male,32,Services,Wholesale and retail trade; repair of motor vehicles and motorcycles,26898.0,25-35
CIV,2025,male,33,Services,Wholesale and retail trade; repair of motor vehicles and motorcycles,25798.0,25-35
CIV,2025,male,34,Services,Wholesale and retail trade; repair of motor vehicles and motorcycles,24750.0,25-35
CIV,2025,male,35,Services,Wholesale and retail trade; repair of motor vehicles and motorcycles,23752.0,25-35
